dim,scenario,run,seed,rcSuccess,lenRaw,lenSeed,tSeed,success,length,tOpt,time
2d,一般,1,20261904,1,208.982,208.982,0.0822,1,208.982,0.0871,0.1693
2d,一般,2,20261905,1,208.757,208.757,0.0155,1,208.757,0.1017,0.1172
2d,一般,3,20261906,1,209.121,209.121,0.0068,1,209.121,0.1049,0.1118
2d,一般,4,20261907,1,209.188,209.188,0.0038,1,209.188,0.1014,0.1052
2d,一般,5,20261908,1,223.073,223.073,0.0130,1,208.640,0.0953,0.1083
2d,一般,6,20261909,1,209.235,209.235,0.0052,1,209.235,0.0578,0.0630
2d,一般,7,20261910,1,208.809,208.809,0.0019,1,208.809,0.0276,0.0294
2d,一般,8,20261911,1,209.121,209.121,0.0024,1,209.121,0.0336,0.0360
2d,一般,9,20261912,1,218.636,218.636,0.0034,1,209.134,0.0826,0.0861
2d,一般,10,20261913,1,209.056,209.056,0.0016,1,209.056,0.0189,0.0205
2d,一般,11,20261914,1,220.233,220.233,0.0027,1,209.503,0.0753,0.0780
2d,一般,12,20261915,1,208.589,208.589,0.0027,1,208.589,0.0213,0.0240
2d,一般,13,20261916,1,219.099,219.099,0.0030,1,208.916,0.0997,0.1027
2d,一般,14,20261917,1,209.720,209.720,0.0022,1,209.720,0.0797,0.0819
2d,一般,15,20261918,1,209.397,209.397,0.0019,1,209.397,0.0250,0.0269
2d,一般,16,20261919,1,210.138,210.138,0.0034,1,210.138,0.0724,0.0758
2d,一般,17,20261920,1,209.451,209.451,0.0048,1,209.451,0.0573,0.0621
2d,一般,18,20261921,1,209.243,209.243,0.0018,1,209.243,0.0346,0.0364
2d,一般,19,20261922,1,227.975,227.975,0.0022,1,208.750,0.0879,0.0901
2d,一般,20,20261923,1,214.879,214.879,0.0037,1,208.938,0.0794,0.0831
2d,一般,21,20261924,1,209.343,209.343,0.0031,1,209.343,0.0549,0.0581
2d,一般,22,20261925,1,209.029,209.029,0.0013,1,209.029,0.0210,0.0223
2d,一般,23,20261926,1,208.981,208.981,0.0015,1,208.981,0.0125,0.0140
2d,一般,24,20261927,1,215.936,215.936,0.0017,1,208.570,0.0765,0.0782
2d,一般,25,20261928,1,211.921,211.921,0.0020,1,209.145,0.0687,0.0708
2d,一般,26,20261929,1,219.532,219.532,0.0022,1,208.960,0.0786,0.0807
2d,一般,27,20261930,1,208.915,208.915,0.0020,1,208.915,0.0451,0.0471
2d,一般,28,20261931,1,208.736,208.736,0.0018,1,208.736,0.0371,0.0390
2d,一般,29,20261932,1,219.005,219.005,0.0026,1,208.674,0.0664,0.0691
2d,一般,30,20261933,1,209.273,209.273,0.0020,1,209.273,0.0513,0.0533
2d,一般,31,20261934,1,216.275,216.275,0.0014,1,208.707,0.0729,0.0743
2d,一般,32,20261935,1,214.660,214.660,0.0032,1,208.800,0.0577,0.0610
2d,一般,33,20261936,1,208.923,208.923,0.0014,1,208.923,0.0220,0.0234
2d,一般,34,20261937,1,215.587,215.587,0.0018,1,208.875,0.0784,0.0802
2d,一般,35,20261938,1,227.502,227.502,0.0015,1,208.537,0.0708,0.0723
2d,一般,36,20261939,1,218.269,218.269,0.0023,1,209.018,0.0546,0.0569
2d,一般,37,20261940,1,209.725,209.725,0.0017,1,209.725,0.0290,0.0307
2d,一般,38,20261941,1,208.862,208.862,0.0022,1,208.862,0.0363,0.0385
2d,一般,39,20261942,1,208.747,208.747,0.0019,1,208.747,0.0187,0.0205
2d,一般,40,20261943,1,222.024,222.024,0.0019,1,208.776,0.0661,0.0680
2d,一般,41,20261944,1,216.886,216.886,0.0029,1,209.083,0.0682,0.0711
2d,一般,42,20261945,1,208.992,208.992,0.0020,1,208.992,0.0232,0.0252
2d,一般,43,20261946,1,229.740,229.740,0.0021,1,208.918,0.0777,0.0798
2d,一般,44,20261947,1,208.895,208.895,0.0014,1,208.895,0.0454,0.0468
2d,一般,45,20261948,1,209.326,209.326,0.0025,1,209.326,0.0343,0.0368
2d,一般,46,20261949,1,216.884,216.884,0.0016,1,209.220,0.0544,0.0559
2d,一般,47,20261950,1,209.003,209.003,0.0016,1,209.003,0.0242,0.0258
2d,一般,48,20261951,1,209.080,209.080,0.0015,1,209.080,0.0534,0.0549
2d,一般,49,20261952,1,216.048,216.048,0.0022,1,208.837,0.0693,0.0715
2d,一般,50,20261953,1,209.569,209.569,0.0020,1,209.569,0.0310,0.0330
2d,狭窄,1,20262904,1,258.516,258.516,0.0085,1,213.719,0.0661,0.0746
2d,狭窄,2,20262905,1,259.638,259.638,0.0127,1,222.152,0.0612,0.0739
2d,狭窄,3,20262906,1,216.206,216.206,0.0053,1,216.206,0.0771,0.0824
2d,狭窄,4,20262907,1,216.312,216.312,0.0025,1,216.312,0.0352,0.0377
2d,狭窄,5,20262908,1,215.735,215.735,0.0026,1,215.735,0.0157,0.0183
2d,狭窄,6,20262909,1,223.977,223.977,0.0044,1,223.977,0.0541,0.0585
2d,狭窄,7,20262910,1,216.331,216.331,0.0024,1,216.331,0.0596,0.0619
2d,狭窄,8,20262911,1,215.490,215.490,0.0023,1,215.490,0.0623,0.0646
2d,狭窄,9,20262912,1,217.034,217.034,0.0035,1,217.034,0.0309,0.0343
2d,狭窄,10,20262913,1,253.545,253.545,0.0086,1,253.545,0.0395,0.0481
2d,狭窄,11,20262914,1,216.045,216.045,0.0037,1,216.045,0.0219,0.0256
2d,狭窄,12,20262915,1,214.767,214.767,0.0025,1,214.767,0.0168,0.0193
2d,狭窄,13,20262916,1,217.705,217.705,0.0263,1,217.705,0.0427,0.0689
2d,狭窄,14,20262917,1,252.017,252.017,0.0098,1,236.163,0.0444,0.0542
2d,狭窄,15,20262918,1,221.759,221.759,0.0033,1,212.450,0.0627,0.0660
2d,狭窄,16,20262919,1,215.573,215.573,0.0036,1,215.573,0.0669,0.0705
2d,狭窄,17,20262920,1,215.177,215.177,0.0219,1,215.177,0.0292,0.0511
2d,狭窄,18,20262921,1,241.215,241.215,0.0034,1,241.215,0.0215,0.0248
2d,狭窄,19,20262922,1,218.918,218.918,0.0019,1,218.918,0.0719,0.0738
2d,狭窄,20,20262923,1,223.303,223.303,0.0099,1,223.303,0.0414,0.0514
2d,狭窄,21,20262924,1,216.688,216.688,0.0025,1,213.307,0.0665,0.0690
2d,狭窄,22,20262925,1,219.073,219.073,0.0079,1,219.073,0.0427,0.0506
2d,狭窄,23,20262926,1,216.422,216.422,0.0024,1,213.007,0.0628,0.0652
2d,狭窄,24,20262927,1,214.690,214.690,0.0023,1,214.690,0.0135,0.0159
2d,狭窄,25,20262928,1,252.729,252.729,0.0096,1,224.042,0.0494,0.0590
2d,狭窄,26,20262929,1,217.155,217.155,0.0023,1,217.155,0.0312,0.0335
2d,狭窄,27,20262930,1,251.933,251.933,0.0215,1,223.373,0.0332,0.0547
2d,狭窄,28,20262931,1,263.074,263.074,0.0087,1,213.317,0.0659,0.0746
2d,狭窄,29,20262932,1,214.936,214.936,0.0024,1,214.936,0.0168,0.0191
2d,狭窄,30,20262933,1,216.757,216.757,0.0046,1,216.757,0.0580,0.0626
2d,狭窄,31,20262934,1,218.324,218.324,0.0098,1,211.985,0.0643,0.0741
2d,狭窄,32,20262935,1,275.556,275.556,0.0173,1,227.855,0.0461,0.0634
2d,狭窄,33,20262936,1,238.357,238.357,0.0108,1,238.357,0.0388,0.0496
2d,狭窄,34,20262937,1,214.551,214.551,0.0031,1,214.551,0.0202,0.0233
2d,狭窄,35,20262938,0,NaN,NaN,0.0271,1,255.968,0.0454,0.0725
2d,狭窄,36,20262939,1,222.397,222.397,0.0055,1,222.397,0.0538,0.0592
2d,狭窄,37,20262940,1,215.368,215.368,0.0031,1,215.368,0.0573,0.0604
2d,狭窄,38,20262941,1,262.659,262.659,0.0102,1,237.232,0.0459,0.0561
2d,狭窄,39,20262942,1,227.485,227.485,0.0021,1,212.900,0.0697,0.0719
2d,狭窄,40,20262943,1,223.950,223.950,0.0217,1,220.588,0.0417,0.0634
2d,狭窄,41,20262944,1,219.136,219.136,0.0024,1,211.660,0.0576,0.0600
2d,狭窄,42,20262945,1,220.146,220.146,0.0032,1,213.609,0.0718,0.0750
2d,狭窄,43,20262946,0,NaN,NaN,0.0210,1,238.931,0.0281,0.0491
2d,狭窄,44,20262947,1,217.293,217.293,0.0037,1,214.632,0.0630,0.0666
2d,狭窄,45,20262948,1,218.363,218.363,0.0061,1,218.363,0.0486,0.0547
2d,狭窄,46,20262949,1,249.472,249.472,0.0105,1,214.939,0.0690,0.0794
2d,狭窄,47,20262950,1,215.527,215.527,0.0023,1,212.575,0.0593,0.0616
2d,狭窄,48,20262951,1,233.515,233.515,0.0031,1,220.257,0.0540,0.0571
2d,狭窄,49,20262952,1,215.973,215.973,0.0096,1,212.439,0.0655,0.0752
2d,狭窄,50,20262953,1,224.655,224.655,0.0032,1,213.028,0.0665,0.0697
2d,广阔,1,20263904,1,211.379,211.379,0.0019,1,211.379,0.0526,0.0545
2d,广阔,2,20263905,1,219.836,219.836,0.0025,1,208.809,0.0730,0.0755
2d,广阔,3,20263906,1,214.045,214.045,0.0027,1,208.431,0.0741,0.0768
2d,广阔,4,20263907,1,217.893,217.893,0.0018,1,209.347,0.0799,0.0816
2d,广阔,5,20263908,1,208.915,208.915,0.0018,1,208.915,0.0501,0.0518
2d,广阔,6,20263909,1,217.935,217.935,0.0044,1,208.948,0.0891,0.0935
2d,广阔,7,20263910,1,216.298,216.298,0.0023,1,208.906,0.0840,0.0863
2d,广阔,8,20263911,1,216.745,216.745,0.0024,1,209.183,0.0732,0.0756
2d,广阔,9,20263912,1,217.150,217.150,0.0022,1,208.768,0.0681,0.0703
2d,广阔,10,20263913,1,216.347,216.347,0.0022,1,208.610,0.0787,0.0809
2d,广阔,11,20263914,1,214.771,214.771,0.0036,1,208.666,0.0728,0.0764
2d,广阔,12,20263915,1,210.423,210.423,0.0018,1,210.423,0.0634,0.0652
2d,广阔,13,20263916,1,216.304,216.304,0.0030,1,208.813,0.0798,0.0828
2d,广阔,14,20263917,1,209.281,209.281,0.0024,1,209.281,0.0164,0.0188
2d,广阔,15,20263918,1,215.391,215.391,0.0018,1,208.680,0.0742,0.0760
2d,广阔,16,20263919,1,209.485,209.485,0.0014,1,209.485,0.0546,0.0560
2d,广阔,17,20263920,1,208.860,208.860,0.0012,1,208.860,0.0410,0.0422
2d,广阔,18,20263921,1,216.665,216.665,0.0021,1,208.507,0.0713,0.0734
2d,广阔,19,20263922,1,208.868,208.868,0.0018,1,208.868,0.0422,0.0440
2d,广阔,20,20263923,1,209.169,209.169,0.0019,1,209.169,0.0411,0.0430
2d,广阔,21,20263924,1,225.264,225.264,0.0020,1,208.743,0.0728,0.0748
2d,广阔,22,20263925,1,208.920,208.920,0.0018,1,208.920,0.0471,0.0489
2d,广阔,23,20263926,1,209.013,209.013,0.0018,1,209.013,0.0681,0.0699
2d,广阔,24,20263927,1,215.301,215.301,0.0033,1,209.243,0.0748,0.0781
2d,广阔,25,20263928,1,214.198,214.198,0.0035,1,209.247,0.0703,0.0738
2d,广阔,26,20263929,1,209.489,209.489,0.0015,1,209.489,0.0310,0.0325
2d,广阔,27,20263930,1,209.026,209.026,0.0021,1,209.026,0.0228,0.0249
2d,广阔,28,20263931,1,209.317,209.317,0.0017,1,208.551,0.0649,0.0666
2d,广阔,29,20263932,1,209.393,209.393,0.0014,1,209.393,0.0608,0.0622
2d,广阔,30,20263933,1,210.220,210.220,0.0015,1,210.220,0.0583,0.0598
2d,广阔,31,20263934,1,209.533,209.533,0.0022,1,209.533,0.0450,0.0473
2d,广阔,32,20263935,1,209.419,209.419,0.0016,1,209.419,0.0537,0.0553
2d,广阔,33,20263936,1,217.990,217.990,0.0023,1,208.528,0.0717,0.0740
2d,广阔,34,20263937,1,217.130,217.130,0.0026,1,208.863,0.0753,0.0779
2d,广阔,35,20263938,1,220.121,220.121,0.0021,1,209.138,0.0744,0.0765
2d,广阔,36,20263939,1,209.242,209.242,0.0016,1,209.242,0.0744,0.0759
2d,广阔,37,20263940,1,215.885,215.885,0.0023,1,209.032,0.0783,0.0806
2d,广阔,38,20263941,1,215.686,215.686,0.0023,1,215.686,0.0694,0.0717
2d,广阔,39,20263942,1,208.691,208.691,0.0016,1,208.691,0.0443,0.0459
2d,广阔,40,20263943,1,222.252,222.252,0.0037,1,208.957,0.0789,0.0826
2d,广阔,41,20263944,1,231.393,231.393,0.0019,1,208.869,0.0843,0.0863
2d,广阔,42,20263945,1,215.424,215.424,0.0030,1,209.386,0.0819,0.0849
2d,广阔,43,20263946,1,209.156,209.156,0.0017,1,209.156,0.0257,0.0273
2d,广阔,44,20263947,1,209.508,209.508,0.0024,1,209.508,0.0387,0.0411
2d,广阔,45,20263948,1,209.197,209.197,0.0016,1,209.197,0.0441,0.0457
2d,广阔,46,20263949,1,209.333,209.333,0.0017,1,208.535,0.0714,0.0731
2d,广阔,47,20263950,1,209.388,209.388,0.0019,1,209.388,0.0546,0.0566
2d,广阔,48,20263951,1,209.738,209.738,0.0018,1,209.738,0.0632,0.0650
2d,广阔,49,20263952,1,218.816,218.816,0.0022,1,209.066,0.0748,0.0770
2d,广阔,50,20263953,1,209.302,209.302,0.0020,1,209.302,0.0171,0.0191
3d,一般,1,20261904,1,279.561,279.561,0.0475,1,279.561,0.5482,0.5957
3d,一般,2,20261905,1,317.785,317.785,0.0170,1,273.025,0.5094,0.5264
3d,一般,3,20261906,1,285.698,285.698,0.0089,1,274.839,0.4057,0.4146
3d,一般,4,20261907,1,290.597,290.597,0.0084,1,274.013,0.4616,0.4701
3d,一般,5,20261908,1,279.811,279.811,0.0107,1,279.811,0.4143,0.4250
3d,一般,6,20261909,1,279.980,279.980,0.0081,1,274.863,0.4424,0.4505
3d,一般,7,20261910,1,281.972,281.972,0.0059,1,281.972,0.4372,0.4431
3d,一般,8,20261911,1,287.238,287.238,0.0086,1,280.004,0.4604,0.4691
3d,一般,9,20261912,1,276.127,276.127,0.0075,1,276.127,0.4220,0.4295
3d,一般,10,20261913,1,317.712,317.712,0.0139,1,277.672,0.4355,0.4494
3d,一般,11,20261914,1,286.765,286.765,0.0084,1,273.202,0.3755,0.3840
3d,一般,12,20261915,1,298.861,298.861,0.0058,1,277.241,0.4645,0.4702
3d,一般,13,20261916,1,291.543,291.543,0.0066,1,291.543,0.3793,0.3860
3d,一般,14,20261917,1,297.753,297.753,0.0089,1,281.629,0.4961,0.5050
3d,一般,15,20261918,1,289.333,289.333,0.0058,1,276.823,0.4666,0.4723
3d,一般,16,20261919,1,284.678,284.678,0.0075,1,272.438,0.4538,0.4613
3d,一般,17,20261920,1,286.780,286.780,0.0056,1,274.218,0.4306,0.4362
3d,一般,18,20261921,1,313.026,313.026,0.0072,1,273.597,0.4324,0.4397
3d,一般,19,20261922,1,301.239,301.239,0.0088,1,277.784,0.5244,0.5332
3d,一般,20,20261923,1,286.970,286.970,0.0123,1,278.887,0.4699,0.4822
3d,一般,21,20261924,1,293.346,293.346,0.0058,1,276.456,0.4712,0.4769
3d,一般,22,20261925,1,307.910,307.910,0.0084,1,283.967,0.4775,0.4860
3d,一般,23,20261926,1,284.251,284.251,0.0104,1,275.285,0.4112,0.4216
3d,一般,24,20261927,1,318.792,318.792,0.0095,1,273.923,0.4744,0.4838
3d,一般,25,20261928,1,287.088,287.088,0.0066,1,287.088,0.4685,0.4751
3d,一般,26,20261929,1,277.306,277.306,0.0035,1,274.680,0.4254,0.4289
3d,一般,27,20261930,1,295.297,295.297,0.0072,1,272.209,0.4726,0.4798
3d,一般,28,20261931,1,320.025,320.025,0.0073,1,279.559,0.5052,0.5125
3d,一般,29,20261932,1,284.223,284.223,0.0069,1,280.255,0.4604,0.4673
3d,一般,30,20261933,1,286.346,286.346,0.0071,1,273.569,0.4391,0.4462
3d,一般,31,20261934,1,295.703,295.703,0.0054,1,275.275,0.4835,0.4889
3d,一般,32,20261935,1,280.881,280.881,0.0051,1,273.263,0.4239,0.4290
3d,一般,33,20261936,1,285.910,285.910,0.0056,1,274.479,0.4140,0.4196
3d,一般,34,20261937,1,282.818,282.818,0.0058,1,282.818,0.3346,0.3403
3d,一般,35,20261938,1,301.806,301.806,0.0139,1,283.980,0.4332,0.4472
3d,一般,36,20261939,1,282.900,282.900,0.0071,1,273.638,0.3867,0.3938
3d,一般,37,20261940,1,290.950,290.950,0.0081,1,274.504,0.4329,0.4410
3d,一般,38,20261941,1,283.971,283.971,0.0043,1,275.582,0.4486,0.4529
3d,一般,39,20261942,1,288.914,288.914,0.0051,1,272.048,0.4495,0.4546
3d,一般,40,20261943,1,295.700,295.700,0.0116,1,295.700,0.4381,0.4497
3d,一般,41,20261944,1,299.535,299.535,0.0070,1,275.556,0.4561,0.4631
3d,一般,42,20261945,1,277.905,277.905,0.0052,1,277.905,0.4306,0.4358
3d,一般,43,20261946,1,278.036,278.036,0.0063,1,272.181,0.4293,0.4355
3d,一般,44,20261947,1,306.534,306.534,0.0074,1,279.950,0.4842,0.4916
3d,一般,45,20261948,1,289.943,289.943,0.0073,1,289.943,0.4288,0.4361
3d,一般,46,20261949,1,293.237,293.237,0.0072,1,277.193,0.4220,0.4292
3d,一般,47,20261950,1,281.166,281.166,0.0062,1,273.696,0.4180,0.4242
3d,一般,48,20261951,1,310.610,310.610,0.0093,1,293.463,0.4688,0.4781
3d,一般,49,20261952,1,309.859,309.859,0.0112,1,272.878,0.4638,0.4750
3d,一般,50,20261953,1,293.694,293.694,0.0081,1,272.518,0.4413,0.4494
3d,狭窄,1,20262904,1,248.490,248.490,0.0045,1,248.490,0.4631,0.4676
3d,狭窄,2,20262905,1,255.704,255.704,0.0043,1,247.916,0.4992,0.5036
3d,狭窄,3,20262906,1,248.877,248.877,0.0103,1,248.877,0.4758,0.4861
3d,狭窄,4,20262907,1,250.851,250.851,0.0044,1,247.451,0.4788,0.4832
3d,狭窄,5,20262908,1,249.883,249.883,0.0040,1,249.883,0.4753,0.4793
3d,狭窄,6,20262909,1,249.348,249.348,0.0027,1,249.348,0.4968,0.4995
3d,狭窄,7,20262910,1,249.141,249.141,0.0051,1,246.974,0.4291,0.4341
3d,狭窄,8,20262911,1,257.023,257.023,0.0095,1,248.237,0.4364,0.4460
3d,狭窄,9,20262912,1,260.569,260.569,0.0067,1,247.623,0.4248,0.4315
3d,狭窄,10,20262913,1,248.815,248.815,0.0046,1,248.815,0.4647,0.4693
3d,狭窄,11,20262914,1,249.503,249.503,0.0062,1,247.661,0.4818,0.4880
3d,狭窄,12,20262915,1,247.775,247.775,0.0042,1,247.775,0.4944,0.4987
3d,狭窄,13,20262916,1,248.041,248.041,0.0041,1,246.679,0.4487,0.4528
3d,狭窄,14,20262917,1,250.062,250.062,0.0050,1,247.519,0.4766,0.4816
3d,狭窄,15,20262918,1,288.620,288.620,0.0047,1,248.893,0.4835,0.4882
3d,狭窄,16,20262919,1,247.402,247.402,0.0044,1,247.402,0.4966,0.5010
3d,狭窄,17,20262920,1,252.025,252.025,0.0038,1,247.350,0.4895,0.4934
3d,狭窄,18,20262921,1,257.554,257.554,0.0060,1,247.726,0.5029,0.5089
3d,狭窄,19,20262922,1,258.941,258.941,0.0072,1,248.230,0.5043,0.5114
3d,狭窄,20,20262923,1,248.175,248.175,0.0047,1,248.175,0.5027,0.5074
3d,狭窄,21,20262924,1,248.699,248.699,0.0049,1,248.699,0.4682,0.4730
3d,狭窄,22,20262925,1,248.161,248.161,0.0044,1,248.161,0.4608,0.4652
3d,狭窄,23,20262926,1,277.152,277.152,0.0074,1,246.768,0.5180,0.5254
3d,狭窄,24,20262927,1,261.398,261.398,0.0049,1,247.632,0.4897,0.4946
3d,狭窄,25,20262928,1,248.380,248.380,0.0051,1,248.380,0.4854,0.4905
3d,狭窄,26,20262929,1,257.323,257.323,0.0054,1,248.648,0.4796,0.4849
3d,狭窄,27,20262930,1,250.055,250.055,0.0060,1,250.055,0.4718,0.4778
3d,狭窄,28,20262931,1,249.208,249.208,0.0056,1,247.305,0.4949,0.5005
3d,狭窄,29,20262932,1,262.599,262.599,0.0060,1,247.938,0.4950,0.5010
3d,狭窄,30,20262933,1,256.686,256.686,0.0047,1,247.571,0.4454,0.4501
3d,狭窄,31,20262934,1,250.122,250.122,0.0039,1,247.787,0.4437,0.4476
3d,狭窄,32,20262935,1,248.451,248.451,0.0034,1,248.451,0.4378,0.4412
3d,狭窄,33,20262936,1,258.522,258.522,0.0039,1,247.891,0.4733,0.4773
3d,狭窄,34,20262937,1,248.726,248.726,0.0059,1,248.726,0.4824,0.4883
3d,狭窄,35,20262938,1,256.436,256.436,0.0054,1,248.255,0.4584,0.4637
3d,狭窄,36,20262939,1,265.720,265.720,0.0065,1,247.271,0.4653,0.4718
3d,狭窄,37,20262940,1,252.384,252.384,0.0042,1,252.384,0.4670,0.4711
3d,狭窄,38,20262941,1,250.495,250.495,0.0044,1,248.249,0.4600,0.4643
3d,狭窄,39,20262942,1,251.397,251.397,0.0038,1,251.397,0.4521,0.4559
3d,狭窄,40,20262943,1,248.344,248.344,0.0042,1,248.344,0.4672,0.4713
3d,狭窄,41,20262944,1,248.117,248.117,0.0041,1,248.117,0.4716,0.4757
3d,狭窄,42,20262945,1,276.870,276.870,0.0063,1,247.159,0.5229,0.5292
3d,狭窄,43,20262946,1,248.123,248.123,0.0069,1,248.123,0.5178,0.5247
3d,狭窄,44,20262947,1,248.697,248.697,0.0057,1,248.697,0.4828,0.4885
3d,狭窄,45,20262948,1,253.434,253.434,0.0054,1,247.390,0.4885,0.4938
3d,狭窄,46,20262949,1,249.461,249.461,0.0060,1,249.461,0.4962,0.5022
3d,狭窄,47,20262950,1,258.051,258.051,0.0052,1,246.597,0.4827,0.4879
3d,狭窄,48,20262951,1,247.911,247.911,0.0031,1,247.911,0.4918,0.4950
3d,狭窄,49,20262952,1,248.026,248.026,0.0046,1,248.026,0.5041,0.5087
3d,狭窄,50,20262953,1,249.209,249.209,0.0032,1,249.209,0.5192,0.5224
3d,悬空,1,20263904,1,263.151,263.151,0.0029,1,262.496,0.7129,0.7158
3d,悬空,2,20263905,1,265.520,265.520,0.0018,1,262.592,0.6205,0.6224
3d,悬空,3,20263906,1,262.675,262.675,0.0020,1,262.675,0.6077,0.6097
3d,悬空,4,20263907,1,262.470,262.470,0.0029,1,262.470,0.3900,0.3928
3d,悬空,5,20263908,1,262.641,262.641,0.0023,1,262.641,0.5584,0.5607
3d,悬空,6,20263909,1,263.048,263.048,0.0026,1,262.422,0.5897,0.5924
3d,悬空,7,20263910,1,263.625,263.625,0.0016,1,262.495,0.5779,0.5794
3d,悬空,8,20263911,1,262.700,262.700,0.0028,1,262.700,0.4928,0.4956
3d,悬空,9,20263912,1,273.932,273.932,0.0047,1,262.521,0.6356,0.6403
3d,悬空,10,20263913,1,263.061,263.061,0.0039,1,263.061,0.5113,0.5152
3d,悬空,11,20263914,1,263.005,263.005,0.0019,1,263.005,0.5052,0.5070
3d,悬空,12,20263915,1,262.701,262.701,0.0022,1,262.701,0.4986,0.5008
3d,悬空,13,20263916,1,262.462,262.462,0.0020,1,262.462,0.4207,0.4227
3d,悬空,14,20263917,1,262.637,262.637,0.0025,1,262.637,0.6702,0.6726
3d,悬空,15,20263918,1,263.758,263.758,0.0023,1,262.535,0.6146,0.6170
3d,悬空,16,20263919,1,263.481,263.481,0.0037,1,262.415,0.6458,0.6495
3d,悬空,17,20263920,1,263.669,263.669,0.0021,1,262.486,0.6468,0.6490
3d,悬空,18,20263921,1,262.737,262.737,0.0024,1,262.737,0.6155,0.6179
3d,悬空,19,20263922,1,263.031,263.031,0.0016,1,263.031,0.4893,0.4909
3d,悬空,20,20263923,1,262.471,262.471,0.0013,1,262.471,0.4762,0.4775
3d,悬空,21,20263924,1,264.099,264.099,0.0021,1,262.530,0.6282,0.6303
3d,悬空,22,20263925,1,263.024,263.024,0.0018,1,262.553,0.6170,0.6188
3d,悬空,23,20263926,1,263.840,263.840,0.0028,1,262.721,0.6881,0.6909
3d,悬空,24,20263927,1,263.912,263.912,0.0038,1,262.565,0.6859,0.6898
3d,悬空,25,20263928,1,265.204,265.204,0.0023,1,262.679,0.6191,0.6213
3d,悬空,26,20263929,1,262.887,262.887,0.0013,1,262.376,0.5320,0.5333
3d,悬空,27,20263930,1,262.419,262.419,0.0014,1,262.419,0.3280,0.3294
3d,悬空,28,20263931,1,266.061,266.061,0.0033,1,262.548,0.5947,0.5980
3d,悬空,29,20263932,1,263.213,263.213,0.0033,1,263.213,0.6577,0.6610
3d,悬空,30,20263933,1,267.548,267.548,0.0023,1,262.744,0.5745,0.5767
3d,悬空,31,20263934,1,263.507,263.507,0.0013,1,262.460,0.6126,0.6138
3d,悬空,32,20263935,1,263.155,263.155,0.0022,1,262.460,0.5521,0.5543
3d,悬空,33,20263936,1,265.367,265.367,0.0024,1,262.586,0.6984,0.7007
3d,悬空,34,20263937,1,262.498,262.498,0.0034,1,262.498,0.4125,0.4159
3d,悬空,35,20263938,1,263.594,263.594,0.0021,1,262.456,0.6170,0.6191
3d,悬空,36,20263939,1,262.909,262.909,0.0021,1,262.909,0.6226,0.6247
3d,悬空,37,20263940,1,263.109,263.109,0.0020,1,263.109,0.5877,0.5898
3d,悬空,38,20263941,1,262.719,262.719,0.0015,1,262.719,0.5902,0.5917
3d,悬空,39,20263942,1,263.014,263.014,0.0033,1,262.471,0.6852,0.6885
3d,悬空,40,20263943,1,262.994,262.994,0.0030,1,262.994,0.7268,0.7298
3d,悬空,41,20263944,1,264.083,264.083,0.0019,1,262.587,0.6811,0.6830
3d,悬空,42,20263945,1,263.230,263.230,0.0022,1,262.526,0.7140,0.7162
3d,悬空,43,20263946,1,263.476,263.476,0.0023,1,262.408,0.6550,0.6573
3d,悬空,44,20263947,1,271.353,271.353,0.0029,1,262.490,0.6723,0.6752
3d,悬空,45,20263948,1,262.796,262.796,0.0024,1,262.796,0.6855,0.6879
3d,悬空,46,20263949,1,262.704,262.704,0.0037,1,262.704,0.5069,0.5106
3d,悬空,47,20263950,1,262.973,262.973,0.0020,1,262.973,0.6636,0.6655
3d,悬空,48,20263951,1,263.396,263.396,0.0031,1,262.545,0.5906,0.5937
3d,悬空,49,20263952,1,267.965,267.965,0.0025,1,262.514,0.5882,0.5907
3d,悬空,50,20263953,1,262.935,262.935,0.0030,1,262.935,0.5351,0.5381
3d,环廊,1,20264904,1,181.816,181.816,0.0048,1,174.387,0.7172,0.7221
3d,环廊,2,20264905,1,177.885,177.885,0.0032,1,174.396,0.7263,0.7295
3d,环廊,3,20264906,1,185.876,185.876,0.0029,1,174.381,0.7838,0.7867
3d,环廊,4,20264907,1,187.160,187.160,0.0070,1,174.470,0.7324,0.7394
3d,环廊,5,20264908,1,177.581,177.581,0.0024,1,174.026,0.6986,0.7010
3d,环廊,6,20264909,1,189.910,189.910,0.0029,1,174.112,0.7471,0.7500
3d,环廊,7,20264910,1,190.653,190.653,0.0064,1,174.159,0.7529,0.7593
3d,环廊,8,20264911,1,186.440,186.440,0.0042,1,173.883,0.7454,0.7496
3d,环廊,9,20264912,1,187.135,187.135,0.0046,1,174.486,0.7597,0.7643
3d,环廊,10,20264913,1,176.817,176.817,0.0035,1,174.408,0.6982,0.7017
3d,环廊,11,20264914,1,185.226,185.226,0.0045,1,174.203,0.7454,0.7499
3d,环廊,12,20264915,1,177.357,177.357,0.0025,1,174.390,0.7196,0.7220
3d,环廊,13,20264916,1,183.363,183.363,0.0032,1,174.649,0.6923,0.6955
3d,环廊,14,20264917,1,176.783,176.783,0.0041,1,174.507,0.7318,0.7359
3d,环廊,15,20264918,1,194.975,194.975,0.0053,1,174.731,0.6632,0.6685
3d,环廊,16,20264919,1,183.744,183.744,0.0025,1,174.649,0.6854,0.6879
3d,环廊,17,20264920,1,185.133,185.133,0.0043,1,173.902,0.6866,0.6909
3d,环廊,18,20264921,1,175.854,175.854,0.0031,1,173.963,0.7194,0.7225
3d,环廊,19,20264922,1,177.645,177.645,0.0059,1,173.888,0.6950,0.7009
3d,环廊,20,20264923,1,178.187,178.187,0.0025,1,174.298,0.6323,0.6348
3d,环廊,21,20264924,1,178.260,178.260,0.0025,1,173.885,0.7210,0.7235
3d,环廊,22,20264925,1,177.821,177.821,0.0025,1,174.636,0.6929,0.6954
3d,环廊,23,20264926,1,175.293,175.293,0.0030,1,173.921,0.6676,0.6705
3d,环廊,24,20264927,1,183.140,183.140,0.0044,1,174.612,0.7097,0.7141
3d,环廊,25,20264928,1,182.195,182.195,0.0035,1,174.681,0.7476,0.7511
3d,环廊,26,20264929,1,191.249,191.249,0.0035,1,174.677,0.7200,0.7235
3d,环廊,27,20264930,1,205.269,205.269,0.0036,1,174.174,0.7687,0.7723
3d,环廊,28,20264931,1,177.825,177.825,0.0044,1,174.132,0.6715,0.6760
3d,环廊,29,20264932,1,174.490,174.490,0.0024,1,174.490,0.6020,0.6044
3d,环廊,30,20264933,1,177.914,177.914,0.0036,1,174.121,0.6206,0.6242
3d,环廊,31,20264934,1,175.910,175.910,0.0029,1,174.222,0.6403,0.6432
3d,环廊,32,20264935,1,185.031,185.031,0.0033,1,173.911,0.6747,0.6780
3d,环廊,33,20264936,1,182.630,182.630,0.0033,1,174.099,0.6795,0.6828
3d,环廊,34,20264937,1,175.521,175.521,0.0059,1,174.417,0.5876,0.5935
3d,环廊,35,20264938,1,182.838,182.838,0.0033,1,173.777,0.6616,0.6650
3d,环廊,36,20264939,1,183.596,183.596,0.0038,1,174.060,0.7346,0.7384
3d,环廊,37,20264940,1,181.708,181.708,0.0030,1,174.128,0.7298,0.7328
3d,环廊,38,20264941,1,175.983,175.983,0.0035,1,174.189,0.8070,0.8105
3d,环廊,39,20264942,1,182.794,182.794,0.0040,1,174.469,0.8278,0.8318
3d,环廊,40,20264943,1,177.459,177.459,0.0032,1,174.175,0.8418,0.8450
3d,环廊,41,20264944,1,194.028,194.028,0.0066,1,174.670,0.8397,0.8463
3d,环廊,42,20264945,1,179.184,179.184,0.0056,1,174.321,0.7763,0.7819
3d,环廊,43,20264946,1,179.422,179.422,0.0022,1,174.116,0.7477,0.7499
3d,环廊,44,20264947,1,176.672,176.672,0.0055,1,173.972,0.7075,0.7129
3d,环廊,45,20264948,1,184.534,184.534,0.0052,1,174.250,0.7685,0.7737
3d,环廊,46,20264949,1,179.859,179.859,0.0033,1,174.150,0.6250,0.6282
3d,环廊,47,20264950,1,182.670,182.670,0.0043,1,174.194,0.7485,0.7529
3d,环廊,48,20264951,1,176.720,176.720,0.0030,1,174.450,0.6321,0.6351
3d,环廊,49,20264952,1,185.983,185.983,0.0052,1,174.628,0.6855,0.6907
3d,环廊,50,20264953,1,183.039,183.039,0.0029,1,173.928,0.6790,0.6820
3d,悬挑,1,20265904,1,250.865,250.865,0.0017,1,249.312,0.5703,0.5719
3d,悬挑,2,20265905,1,249.598,249.598,0.0017,1,249.598,0.6048,0.6065
3d,悬挑,3,20265906,1,252.091,252.091,0.0026,1,249.604,0.6526,0.6551
3d,悬挑,4,20265907,1,251.406,251.406,0.0017,1,249.444,0.5827,0.5844
3d,悬挑,5,20265908,1,253.546,253.546,0.0028,1,249.778,0.5830,0.5858
3d,悬挑,6,20265909,1,250.999,250.999,0.0022,1,249.488,0.6437,0.6459
3d,悬挑,7,20265910,1,250.969,250.969,0.0025,1,249.370,0.6349,0.6374
3d,悬挑,8,20265911,1,249.485,249.485,0.0019,1,249.485,0.6584,0.6603
3d,悬挑,9,20265912,1,252.644,252.644,0.0025,1,249.476,0.6260,0.6285
3d,悬挑,10,20265913,1,250.097,250.097,0.0029,1,249.241,0.6187,0.6215
3d,悬挑,11,20265914,1,250.211,250.211,0.0028,1,249.292,0.6110,0.6138
3d,悬挑,12,20265915,1,249.609,249.609,0.0022,1,249.245,0.6278,0.6301
3d,悬挑,13,20265916,1,251.488,251.488,0.0018,1,249.463,0.6070,0.6089
3d,悬挑,14,20265917,1,250.913,250.913,0.0017,1,249.383,0.6438,0.6455
3d,悬挑,15,20265918,1,254.366,254.366,0.0020,1,249.462,0.5651,0.5671
3d,悬挑,16,20265919,1,250.997,250.997,0.0027,1,249.598,0.6819,0.6846
3d,悬挑,17,20265920,1,251.704,251.704,0.0020,1,249.395,0.5348,0.5368
3d,悬挑,18,20265921,1,249.912,249.912,0.0014,1,249.109,0.6643,0.6657
3d,悬挑,19,20265922,1,252.168,252.168,0.0022,1,249.466,0.6042,0.6064
3d,悬挑,20,20265923,1,250.602,250.602,0.0018,1,249.534,0.6313,0.6331
3d,悬挑,21,20265924,1,250.022,250.022,0.0024,1,249.291,0.5694,0.5718
3d,悬挑,22,20265925,1,250.815,250.815,0.0022,1,249.187,0.6875,0.6897
3d,悬挑,23,20265926,1,250.530,250.530,0.0024,1,249.202,0.6330,0.6354
3d,悬挑,24,20265927,1,257.090,257.090,0.0019,1,249.467,0.6249,0.6268
3d,悬挑,25,20265928,1,250.678,250.678,0.0023,1,249.298,0.6211,0.6234
3d,悬挑,26,20265929,1,251.447,251.447,0.0018,1,249.303,0.6487,0.6505
3d,悬挑,27,20265930,1,251.053,251.053,0.0037,1,249.248,0.6680,0.6716
3d,悬挑,28,20265931,1,256.590,256.590,0.0017,1,249.348,0.6210,0.6226
3d,悬挑,29,20265932,1,250.302,250.302,0.0021,1,249.125,0.6832,0.6853
3d,悬挑,30,20265933,1,250.025,250.025,0.0025,1,249.282,0.6405,0.6430
3d,悬挑,31,20265934,1,250.670,250.670,0.0029,1,249.223,0.6275,0.6303
3d,悬挑,32,20265935,1,250.421,250.421,0.0016,1,249.534,0.6335,0.6351
3d,悬挑,33,20265936,1,254.351,254.351,0.0033,1,249.402,0.5628,0.5661
3d,悬挑,34,20265937,1,250.460,250.460,0.0015,1,249.216,0.5545,0.5559
3d,悬挑,35,20265938,1,250.318,250.318,0.0017,1,249.276,0.5639,0.5657
3d,悬挑,36,20265939,1,262.847,262.847,0.0025,1,249.275,0.5983,0.6008
3d,悬挑,37,20265940,1,258.865,258.865,0.0025,1,249.254,0.5516,0.5541
3d,悬挑,38,20265941,1,249.643,249.643,0.0016,1,249.643,0.6274,0.6291
3d,悬挑,39,20265942,1,252.093,252.093,0.0023,1,249.324,0.6131,0.6155
3d,悬挑,40,20265943,1,250.937,250.937,0.0019,1,249.415,0.5899,0.5918
3d,悬挑,41,20265944,1,250.468,250.468,0.0014,1,249.261,0.5963,0.5977
3d,悬挑,42,20265945,1,249.569,249.569,0.0021,1,249.569,0.5973,0.5994
3d,悬挑,43,20265946,1,253.017,253.017,0.0018,1,249.541,0.5950,0.5969
3d,悬挑,44,20265947,1,252.780,252.780,0.0025,1,249.474,0.6432,0.6457
3d,悬挑,45,20265948,1,251.717,251.717,0.0021,1,249.385,0.6342,0.6364
3d,悬挑,46,20265949,1,251.777,251.777,0.0018,1,249.421,0.6428,0.6446
3d,悬挑,47,20265950,1,251.365,251.365,0.0018,1,249.056,0.5945,0.5964
3d,悬挑,48,20265951,1,250.033,250.033,0.0020,1,249.213,0.7170,0.7190
3d,悬挑,49,20265952,1,256.552,256.552,0.0022,1,249.484,0.6464,0.6486
3d,悬挑,50,20265953,1,250.752,250.752,0.0019,1,249.185,0.6586,0.6605
