variant,scenario,run,seed,success,length,time,firstSolutionTime,tPre,tOpt,nodes,turnSum,minClear,escapes,sideFlips,fallback
APF-only,一般,1,20261904,1,442.385244950109,0.1254463,0.1077517,0.1254463,0,NaN,38.6413649792452,0.185991746715437,0,5,0
Informed-RRT*,一般,1,20261904,1,273.0293882442,0.7231248,0.0267196,0,0.7231248,4322,6.19921484167367,2.75673659142194,NaN,NaN,0
w/o seed shortcutting,一般,1,20261904,1,271.314213017468,0.6161602,0.0157602,0.0157602,0.5869967,4232,4.61065317821348,2.19961975253267,0,5,0
w/o ellipse seeding,一般,1,20261904,1,266.852255463576,0.4951137,0.0093023,0.0093023,0.4849406,4131,3.39724220068064,0.0510554052007569,0,5,0
w/o path-bias sampling,一般,1,20261904,1,266.486631275315,0.5102144,0.0061889,0.0061889,0.5029305,3878,2.83017462167799,1.07583226352688,0,5,0
w/o dynamic rewiring,一般,1,20261904,1,275.205796842349,0.557443,0.0104216,0.0104216,0.5436688,4183,8.30034476334411,0.441694327740532,0,5,0
AB-IRRT* (full),一般,1,20261904,1,268.041617987905,0.4637401,0.0085513,0.0085513,0.4507763,4077,4.40990331822228,0.0242632592796373,0,5,0
APF-only,一般,2,20261905,1,442.385244950109,0.0065459,0.0063041,0.0065459,0,NaN,38.6413649792452,0.185991746715437,0,5,0
Informed-RRT*,一般,2,20261905,1,275.300862001119,0.5622217,0.0105547,0,0.5622217,4325,7.15314807875458,0.403779334045353,NaN,NaN,0
w/o seed shortcutting,一般,2,20261905,1,264.326474109721,0.4946327,0.0067975,0.0067975,0.4871687,4114,2.35566433392808,0.0885068226810972,0,5,0
w/o ellipse seeding,一般,2,20261905,1,267.219121798838,0.4786149,0.0063667,0.0063667,0.4716231,4203,3.65850223402959,0.437832560377552,0,5,0
w/o path-bias sampling,一般,2,20261905,1,264.147316341906,0.5056721,0.0087426,0.0087426,0.4967651,3915,3.06432707369389,0.310112544078246,0,5,0
w/o dynamic rewiring,一般,2,20261905,1,276.853248435528,0.5202017,0.0075705,0.0075705,0.5116522,4201,1.94771587565652,0.292802083782291,0,5,0
AB-IRRT* (full),一般,2,20261905,1,264.161804194859,0.463563,0.0046746,0.0046746,0.4587834,3977,2.07892789379155,0.0638101278954792,0,5,0
APF-only,一般,3,20261906,1,442.385244950109,0.0048812,0.0046663,0.0048812,0,NaN,38.6413649792452,0.185991746715437,0,5,0
Informed-RRT*,一般,3,20261906,1,280.278594540704,0.4925423,0.0252937,0,0.4925423,4364,8.57610055357652,0.553476520975993,NaN,NaN,0
w/o seed shortcutting,一般,3,20261906,1,267.433769944721,0.4666163,0.0045678,0.0045678,0.461936,4270,2.70038949915419,1.59133538357072,0,5,0
w/o ellipse seeding,一般,3,20261906,1,270.646626563189,0.4566269,0.0043549,0.0043549,0.4521737,4333,4.5720832569579,1.48759156718688,0,5,0
w/o path-bias sampling,一般,3,20261906,1,264.588972845891,0.4308263,0.0053141,0.0053141,0.4253988,4019,2.93663032541567,1.332761210364,0,5,0
w/o dynamic rewiring,一般,3,20261906,1,270.750364555992,0.4998747,0.0055082,0.0055082,0.4942499,4146,6.46369715803115,0.148626710305614,0,5,0
AB-IRRT* (full),一般,3,20261906,1,264.123311822841,0.4733469,0.0044723,0.0044723,0.4687778,3935,2.27466583145309,0.0426432824711043,0,5,0
APF-only,一般,4,20261907,1,442.385244950109,0.0049221,0.0047066,0.0049221,0,NaN,38.6413649792452,0.185991746715437,0,5,0
Informed-RRT*,一般,4,20261907,1,275.506529482188,0.4906264,0.0163637,0,0.4906264,4381,8.89217656255839,0.513997359717788,NaN,NaN,0
w/o seed shortcutting,一般,4,20261907,1,273.576124218365,0.4610113,0.0043575,0.0043575,0.4565546,4324,5.71368306485271,0.168303204885331,0,5,0
w/o ellipse seeding,一般,4,20261907,1,268.079998302333,0.5060388,0.0048831,0.0048831,0.5010494,4221,3.8411037701528,1.70174086337295,0,5,0
w/o path-bias sampling,一般,4,20261907,1,265.89757984783,0.4769608,0.0073926,0.0073926,0.4694429,4131,3.48217420283337,0.353918164323489,0,5,0
w/o dynamic rewiring,一般,4,20261907,1,270.344329562372,0.5573735,0.0053697,0.0053697,0.5518995,4292,5.56555010771753,0.157122536869812,0,5,0
AB-IRRT* (full),一般,4,20261907,1,266.094217904856,0.5559713,0.0062472,0.0062472,0.5495798,4182,3.1592349847384,0.303812850827955,0,5,0
APF-only,一般,5,20261908,1,442.385244950109,0.0055833,0.0052115,0.0055833,0,NaN,38.6413649792452,0.185991746715437,0,5,0
Informed-RRT*,一般,5,20261908,1,277.526616350756,0.602183,0.0094533,0,0.602183,4272,8.63715034272681,1.13000777871591,NaN,NaN,0
w/o seed shortcutting,一般,5,20261908,1,267.805642179288,0.5426555,0.0058791,0.0058791,0.5366454,4293,3.45406441411988,0.222208366220738,0,5,0
w/o ellipse seeding,一般,5,20261908,1,265.26564851632,0.5132206,0.0054783,0.0054783,0.5076193,4108,2.80498696050834,0.404121339710521,0,5,0
w/o path-bias sampling,一般,5,20261908,1,265.271440645217,0.496002,0.0046985,0.0046985,0.4911837,3919,2.06345195809501,0.137347316964679,0,5,0
w/o dynamic rewiring,一般,5,20261908,1,270.817198629573,0.5376922,0.0053791,0.0053791,0.5321919,4214,5.91531724559862,0.454423998225645,0,5,0
AB-IRRT* (full),一般,5,20261908,1,265.62782815447,0.462749,0.0058762,0.0058762,0.4567451,3954,1.95547459402597,0.409345386516616,0,5,0
APF-only,一般,6,20261909,1,442.385244950109,0.0052638,0.0051529,0.0052638,0,NaN,38.6413649792452,0.185991746715437,0,5,0
Informed-RRT*,一般,6,20261909,1,271.902829563759,0.565881,0.007904,0,0.565881,4368,6.11710933715399,0.352803139664531,NaN,NaN,0
w/o seed shortcutting,一般,6,20261909,1,274.348017103948,0.4499712,0.0046424,0.0046424,0.4452166,4374,7.69348289380164,0.790880449447259,0,5,0
w/o ellipse seeding,一般,6,20261909,1,266.729007101243,0.479962,0.0053422,0.0053422,0.4745013,4207,3.14530579803589,0.931524170318314,0,5,0
w/o path-bias sampling,一般,6,20261909,1,265.539693028065,0.4203849,0.004433,0.004433,0.415847,3945,2.81575319396131,0.375267107780877,0,5,0
w/o dynamic rewiring,一般,6,20261909,1,276.853248435528,0.4972756,0.0048897,0.0048897,0.4922816,4149,1.94771587565652,0.292802083782291,0,5,0
AB-IRRT* (full),一般,6,20261909,1,267.406985709766,0.424491,0.0072231,0.0072231,0.4170011,4049,4.38385700921013,0.365752133290325,0,5,0
APF-only,一般,7,20261910,1,442.385244950109,0.0068048,0.0066409,0.0068048,0,NaN,38.6413649792452,0.185991746715437,0,5,0
Informed-RRT*,一般,7,20261910,1,280.167353945417,0.5522969,0.0130859,0,0.5522969,4342,9.16385402583405,0.0220344622053332,NaN,NaN,0
w/o seed shortcutting,一般,7,20261910,1,266.113725237304,0.4540681,0.0046286,0.0046286,0.4493296,4158,3.99578980217085,1.02728301580323,0,5,0
w/o ellipse seeding,一般,7,20261910,1,266.406030715615,0.4435195,0.0047597,0.0047597,0.4386553,4201,3.19987472467801,0.547184360186876,0,5,0
w/o path-bias sampling,一般,7,20261910,1,264.771487239207,0.4862135,0.005027,0.005027,0.481073,3924,2.24491164266343,0.358264538302144,0,5,0
w/o dynamic rewiring,一般,7,20261910,1,272.700675247013,0.4849846,0.00652,0.00652,0.4782946,4176,7.28893430442392,0.584868973908819,0,5,0
AB-IRRT* (full),一般,7,20261910,1,264.958994699282,0.5066928,0.0049976,0.0049976,0.5015876,4003,3.35954816093017,0.0732824746408749,0,5,0
APF-only,一般,8,20261911,1,442.385244950109,0.0048983,0.0048004,0.0048983,0,NaN,38.6413649792452,0.185991746715437,0,5,0
Informed-RRT*,一般,8,20261911,1,289.229173367236,0.4637894,0.0115252,0,0.4637894,4312,10.1145079557413,1.04812255285369,NaN,NaN,0
w/o seed shortcutting,一般,8,20261911,1,272.608280812955,0.472254,0.0041039,0.0041039,0.468045,4355,4.7716379276537,1.7663376120383,0,5,0
w/o ellipse seeding,一般,8,20261911,1,266.262196040276,0.4970654,0.0066569,0.0066569,0.4902813,4213,3.27521229244011,0.266337631295328,0,5,0
w/o path-bias sampling,一般,8,20261911,1,267.081528708623,0.496029,0.0060063,0.0060063,0.4899046,4127,4.73366669424112,1.49581060442183,0,5,0
w/o dynamic rewiring,一般,8,20261911,1,268.12031393521,0.5264297,0.0063877,0.0063877,0.5199076,4112,5.39406664841545,0.0780982808145296,0,5,0
AB-IRRT* (full),一般,8,20261911,1,264.798783903957,0.5278937,0.006775,0.006775,0.5209896,3956,2.59811219133898,0.212312562091527,0,5,0
APF-only,一般,9,20261912,1,442.385244950109,0.0059246,0.0057957,0.0059246,0,NaN,38.6413649792452,0.185991746715437,0,5,0
Informed-RRT*,一般,9,20261912,1,269.057553315436,0.533551,0.0112967,0,0.533551,4201,5.3755129127906,0.469720870822774,NaN,NaN,0
w/o seed shortcutting,一般,9,20261912,1,273.958272144188,0.4966264,0.0045136,0.0045136,0.4919947,4276,5.00045433640024,0.97011902595329,0,5,0
w/o ellipse seeding,一般,9,20261912,1,266.632903254985,0.4924442,0.0043866,0.0043866,0.4879519,4139,3.33177041472533,0.178865279469676,0,5,0
w/o path-bias sampling,一般,9,20261912,1,265.819693333252,0.4812576,0.0058729,0.0058729,0.4752518,4034,2.92478196862667,0.433655702517004,0,5,0
w/o dynamic rewiring,一般,9,20261912,1,270.945277627327,0.531401,0.0059568,0.0059568,0.5253171,4116,5.95945974665377,0.999489075350287,0,5,0
AB-IRRT* (full),一般,9,20261912,1,265.298851901815,0.4601375,0.0071369,0.0071369,0.4528622,3944,1.90233356877921,0.360587914968333,0,5,0
APF-only,一般,10,20261913,1,442.385244950109,0.0037636,0.0036775,0.0037636,0,NaN,38.6413649792452,0.185991746715437,0,5,0
Informed-RRT*,一般,10,20261913,1,280.844181350151,0.5407909,0.0110914,0,0.5407909,4407,9.06796960727372,2.28688470482815,NaN,NaN,0
w/o seed shortcutting,一般,10,20261913,1,265.675370980489,0.4323147,0.0043044,0.0043044,0.4279064,4198,2.23474373736569,0.363081627313791,0,5,0
w/o ellipse seeding,一般,10,20261913,1,271.459598729111,0.5002261,0.005384,0.005384,0.494735,4298,5.03830827460594,0.500762832362609,0,5,0
w/o path-bias sampling,一般,10,20261913,1,264.752681341666,0.4296735,0.0046065,0.0046065,0.4249533,3947,1.98779723884755,0.89535298481478,0,5,0
w/o dynamic rewiring,一般,10,20261913,1,276.853248435528,0.5301008,0.0077099,0.0077099,0.5222261,4213,1.94771587565652,0.292802083782291,0,5,0
AB-IRRT* (full),一般,10,20261913,1,266.031044235061,0.4633413,0.0046045,0.0046045,0.458638,4084,3.10780686833878,0.191800064250636,0,5,0
APF-only,一般,11,20261914,1,442.385244950109,0.0046353,0.0045233,0.0046353,0,NaN,38.6413649792452,0.185991746715437,0,5,0
Informed-RRT*,一般,11,20261914,1,271.569648134979,0.5168358,0.0229114,0,0.5168358,4482,5.9385206606963,0.394870685314189,NaN,NaN,0
w/o seed shortcutting,一般,11,20261914,1,270.604640855952,0.4825487,0.0043726,0.0043726,0.4780648,4398,4.35308942350892,0.0916084731620685,0,5,0
w/o ellipse seeding,一般,11,20261914,1,273.536469244592,0.5322551,0.0048692,0.0048692,0.5272736,4417,5.94681023027789,0.576623782107091,0,5,0
w/o path-bias sampling,一般,11,20261914,1,272.216599736107,0.4470865,0.0066591,0.0066591,0.4402981,4308,5.5188592018408,0.465349582009244,0,5,0
w/o dynamic rewiring,一般,11,20261914,1,276.853248435528,0.5301926,0.0044187,0.0044187,0.5256773,4326,1.94771587565652,0.292802083782291,0,5,0
AB-IRRT* (full),一般,11,20261914,1,264.643324279045,0.465521,0.0048631,0.0048631,0.4605554,4080,2.65580031933907,0.101683690747294,0,5,0
APF-only,一般,12,20261915,1,442.385244950109,0.0062977,0.0061727,0.0062977,0,NaN,38.6413649792452,0.185991746715437,0,5,0
Informed-RRT*,一般,12,20261915,1,271.835213170203,0.5423732,0.0094472,0,0.5423732,4291,7.18740181167712,1.41118235956608,NaN,NaN,0
w/o seed shortcutting,一般,12,20261915,1,271.262819990871,0.4535672,0.0055446,0.0055446,0.4478888,4337,5.11448444288535,1.03457898023506,0,5,0
w/o ellipse seeding,一般,12,20261915,1,267.435709638888,0.4911393,0.0059686,0.0059686,0.4850579,4156,4.1891923230445,1.18718366987082,0,5,0
w/o path-bias sampling,一般,12,20261915,1,265.514460316827,0.4467178,0.0042472,0.0042472,0.4423262,4085,2.71804395290775,0.336964097858855,0,5,0
w/o dynamic rewiring,一般,12,20261915,1,276.853248435528,0.5290654,0.0062951,0.0062951,0.5226493,4225,1.94771587565652,0.292802083782291,0,5,0
AB-IRRT* (full),一般,12,20261915,1,266.706084801354,0.5188438,0.0091981,0.0091981,0.5094995,4045,2.43785727977096,0.280192759995043,0,5,0
APF-only,一般,13,20261916,1,442.385244950109,0.0039479,0.0038604,0.0039479,0,NaN,38.6413649792452,0.185991746715437,0,5,0
Informed-RRT*,一般,13,20261916,1,276.906734924488,0.5585745,0.0148781,0,0.5585745,4338,6.76033563563093,0.370546605510151,NaN,NaN,0
w/o seed shortcutting,一般,13,20261916,1,271.330073905945,0.5046756,0.0068014,0.0068014,0.4977448,4340,4.93227260053983,0.066586969362163,0,5,0
w/o ellipse seeding,一般,13,20261916,1,278.428558401069,0.501483,0.0058446,0.0058446,0.495527,4281,4.63538153006723,0.7092807557591,0,5,0
w/o path-bias sampling,一般,13,20261916,1,264.878777072129,0.5014001,0.0070218,0.0070218,0.4942478,4149,3.47594258991293,0.144312854988666,0,5,0
w/o dynamic rewiring,一般,13,20261916,1,276.853248435528,0.5495037,0.0055642,0.0055642,0.5438203,4216,1.94771587565652,0.292802083782291,0,5,0
AB-IRRT* (full),一般,13,20261916,1,265.158427930135,0.4837956,0.0041874,0.0041874,0.4794276,4052,2.18803072997621,0.298983139717508,0,5,0
APF-only,一般,14,20261917,1,442.385244950109,0.0074657,0.0073025,0.0074657,0,NaN,38.6413649792452,0.185991746715437,0,5,0
Informed-RRT*,一般,14,20261917,1,294.744613875462,0.4331533,0.0151542,0,0.4331533,4174,12.6721559874165,0.183335289413625,NaN,NaN,0
w/o seed shortcutting,一般,14,20261917,1,266.794961686121,0.4894824,0.0075016,0.0075016,0.4818339,4180,2.92697347789328,1.20387741218916,0,5,0
w/o ellipse seeding,一般,14,20261917,1,266.741781684759,0.4860965,0.0061067,0.0061067,0.4798779,4251,3.65954902671117,0.410681651579476,0,5,0
w/o path-bias sampling,一般,14,20261917,1,265.264025206311,0.4400268,0.0049912,0.0049912,0.4349305,4021,3.24195022214223,0.676730324368546,0,5,0
w/o dynamic rewiring,一般,14,20261917,1,273.136727800221,0.4990991,0.0048451,0.0048451,0.4941474,4234,6.40010146690466,0.116495443943593,0,5,0
AB-IRRT* (full),一般,14,20261917,1,265.545164500904,0.4818475,0.007793,0.007793,0.473842,4029,2.39356872176128,0.387950950565724,0,5,0
APF-only,一般,15,20261918,1,442.385244950109,0.0045616,0.0044688,0.0045616,0,NaN,38.6413649792452,0.185991746715437,0,5,0
Informed-RRT*,一般,15,20261918,1,279.648298308315,0.482245,0.0109097,0,0.482245,4360,10.5247761239384,0.696691666113789,NaN,NaN,0
w/o seed shortcutting,一般,15,20261918,1,267.449508650993,0.4782749,0.0039672,0.0039672,0.4742061,4233,3.5928909954642,0.648935798580046,0,5,0
w/o ellipse seeding,一般,15,20261918,1,277.5301625136,0.4741843,0.0051402,0.0051402,0.4689403,4371,8.29917407726299,0.622439201206545,0,5,0
w/o path-bias sampling,一般,15,20261918,1,265.979067286292,0.4193404,0.0047271,0.0047271,0.4145114,3849,3.0689911614069,0.165735181016413,0,5,0
w/o dynamic rewiring,一般,15,20261918,1,274.878125891368,0.4987637,0.0046715,0.0046715,0.4939934,4200,6.45831954143508,0.345402894605211,0,5,0
AB-IRRT* (full),一般,15,20261918,1,264.740393502253,0.4808672,0.0048857,0.0048857,0.4758693,4050,2.32985332483451,0.177756504873788,0,5,0
APF-only,一般,16,20261919,1,442.385244950109,0.0040163,0.0039311,0.0040163,0,NaN,38.6413649792452,0.185991746715437,0,5,0
Informed-RRT*,一般,16,20261919,1,273.406779157532,0.5123489,0.0080299,0,0.5123489,4293,7.11190028547604,0.686922093696615,NaN,NaN,0
w/o seed shortcutting,一般,16,20261919,1,267.480551891358,0.438524,0.0043662,0.0043662,0.4340465,4163,3.44916452998892,0.998246312835352,0,5,0
w/o ellipse seeding,一般,16,20261919,1,265.577165895707,0.5063516,0.0061644,0.0061644,0.5000732,4191,3.51883565720158,1.48592043181589,0,5,0
w/o path-bias sampling,一般,16,20261919,1,266.811326129062,0.4692942,0.0061884,0.0061884,0.4629908,4084,3.72610221789757,0.253849698871421,0,5,0
w/o dynamic rewiring,一般,16,20261919,1,276.853248435528,0.5541681,0.0076174,0.0076174,0.5463977,4187,1.94771587565652,0.292802083782291,0,5,0
AB-IRRT* (full),一般,16,20261919,1,267.512439777211,0.4900458,0.0060578,0.0060578,0.4838784,4079,3.22507422888536,0.0636797275261234,0,5,0
APF-only,一般,17,20261920,1,442.385244950109,0.0085917,0.0083695,0.0085917,0,NaN,38.6413649792452,0.185991746715437,0,5,0
Informed-RRT*,一般,17,20261920,1,281.398221485968,0.5645522,0.0086799,0,0.5645522,4379,9.07434861093436,0.639690757916643,NaN,NaN,0
w/o seed shortcutting,一般,17,20261920,1,265.7637132715,0.4747413,0.0060756,0.0060756,0.4685305,4164,1.95809146909788,1.85081091276782,0,5,0
w/o ellipse seeding,一般,17,20261920,1,268.83056857397,0.4979805,0.0058843,0.0058843,0.4919774,4161,3.50290184133067,0.907793820297078,0,5,0
w/o path-bias sampling,一般,17,20261920,1,265.565381321126,0.4892315,0.0060955,0.0060955,0.4830176,4000,3.00624475145587,0.0998543797596477,0,5,0
w/o dynamic rewiring,一般,17,20261920,1,276.853248435528,0.5842583,0.0065098,0.0065098,0.5776153,4183,1.94771587565652,0.292802083782291,0,5,0
AB-IRRT* (full),一般,17,20261920,1,264.504477180278,0.4455394,0.0063936,0.0063936,0.4390235,4020,2.40088417685622,0.169950997568472,0,5,0
APF-only,一般,18,20261921,1,442.385244950109,0.0036043,0.003511,0.0036043,0,NaN,38.6413649792452,0.185991746715437,0,5,0
Informed-RRT*,一般,18,20261921,1,277.315894679036,0.5334102,0.0076738,0,0.5334102,4414,9.72583167477302,0.124475211393614,NaN,NaN,0
w/o seed shortcutting,一般,18,20261921,1,265.893125721783,0.4364613,0.0038925,0.0038925,0.4323262,4125,3.38284389808625,0.140636882776803,0,5,0
w/o ellipse seeding,一般,18,20261921,1,267.555525980714,0.4601115,0.0048559,0.0048559,0.4551582,4203,4.48776192095587,0.471096383621726,0,5,0
w/o path-bias sampling,一般,18,20261921,1,265.109050169133,0.4461225,0.0050404,0.0050404,0.4409816,3924,2.3864888784857,0.337768312051125,0,5,0
w/o dynamic rewiring,一般,18,20261921,1,270.461828084173,0.5191826,0.0049016,0.0049016,0.5141541,4181,6.04129221728794,1.20114282352399,0,5,0
AB-IRRT* (full),一般,18,20261921,1,264.552243695928,0.4560469,0.0048217,0.0048217,0.4511245,3864,2.4476661878445,0.451377232062891,0,5,0
APF-only,一般,19,20261922,1,442.385244950109,0.0044067,0.0043055,0.0044067,0,NaN,38.6413649792452,0.185991746715437,0,5,0
Informed-RRT*,一般,19,20261922,1,280.675662611981,0.4950354,0.0110472,0,0.4950354,4371,7.15505804403869,1.78840440280023,NaN,NaN,0
w/o seed shortcutting,一般,19,20261922,1,268.507848098434,0.4407556,0.0043978,0.0043978,0.4362595,4356,3.88627288405611,0.965348213007678,0,5,0
w/o ellipse seeding,一般,19,20261922,1,269.325738181615,0.4321512,0.0049693,0.0049693,0.4270814,4355,4.8228073944251,1.70489248218937,0,5,0
w/o path-bias sampling,一般,19,20261922,1,267.087260694929,0.4199781,0.0046701,0.0046701,0.4152053,3920,2.60676237258243,0.0641246506930101,0,5,0
w/o dynamic rewiring,一般,19,20261922,1,276.853248435528,0.5226423,0.0066899,0.0066899,0.515627,4185,1.94771587565652,0.292802083782291,0,5,0
AB-IRRT* (full),一般,19,20261922,1,273.592266877595,0.4186607,0.0044167,0.0044167,0.4141413,4162,4.60794181420048,1.23311117977534,0,5,0
APF-only,一般,20,20261923,1,442.385244950109,0.0040173,0.0039337,0.0040173,0,NaN,38.6413649792452,0.185991746715437,0,5,0
Informed-RRT*,一般,20,20261923,1,281.73643203827,0.4971607,0.009793,0,0.4971607,4385,9.13441154094186,0.667812550281106,NaN,NaN,0
w/o seed shortcutting,一般,20,20261923,1,273.133735376156,0.4609091,0.0049928,0.0049928,0.4558011,4347,4.39798411848246,0.200010477062856,0,5,0
w/o ellipse seeding,一般,20,20261923,1,268.025204013297,0.4862288,0.0081801,0.0081801,0.4778659,4238,4.33682987680074,0.660341235297989,0,5,0
w/o path-bias sampling,一般,20,20261923,1,264.215816413575,0.4944084,0.0079946,0.0079946,0.4862498,3943,2.46967500990203,0.0835957480788636,0,5,0
w/o dynamic rewiring,一般,20,20261923,1,270.181812099993,0.5647786,0.0065216,0.0065216,0.5581391,4252,5.30913925425458,1.14086744049746,0,5,0
AB-IRRT* (full),一般,20,20261923,1,264.861727463711,0.5020112,0.0071596,0.0071596,0.4947187,4028,2.72832342098609,0.318074112636894,0,5,0
APF-only,一般,21,20261924,1,442.385244950109,0.0050071,0.0048928,0.0050071,0,NaN,38.6413649792452,0.185991746715437,0,5,0
Informed-RRT*,一般,21,20261924,1,281.015564366526,0.5320701,0.0077821,0,0.5320701,4302,10.2846240934754,0.561921618981586,NaN,NaN,0
w/o seed shortcutting,一般,21,20261924,1,270.256643524492,0.5053933,0.0046796,0.0046796,0.5005816,4281,3.33198157905269,0.501783630320034,0,5,0
w/o ellipse seeding,一般,21,20261924,1,274.720261170084,0.5032554,0.0064841,0.0064841,0.4966487,4329,5.72817745721621,0.114371495901276,0,5,0
w/o path-bias sampling,一般,21,20261924,1,266.046180093339,0.4720408,0.0062378,0.0062378,0.4656822,3897,2.79077190409971,0.81538127474197,0,5,0
w/o dynamic rewiring,一般,21,20261924,1,276.853248435528,0.5316303,0.0055912,0.0055912,0.5259279,4206,1.94771587565652,0.292802083782291,0,5,0
AB-IRRT* (full),一般,21,20261924,1,266.411992066073,0.477992,0.0082094,0.0082094,0.4696416,3993,3.01919995720544,0.35020104577027,0,5,0
APF-only,一般,22,20261925,1,442.385244950109,0.0064237,0.0062984,0.0064237,0,NaN,38.6413649792452,0.185991746715437,0,5,0
Informed-RRT*,一般,22,20261925,1,301.921026580779,0.4652956,0.0100109,0,0.4652956,4191,11.1947458364393,0.164005696182006,NaN,NaN,0
w/o seed shortcutting,一般,22,20261925,1,267.525271987588,0.4962502,0.0055436,0.0055436,0.4905939,4329,3.48751859431938,0.101754769145082,0,5,0
w/o ellipse seeding,一般,22,20261925,1,272.502160558138,0.4587643,0.0053937,0.0053937,0.4532527,4434,4.90593211298458,0.69771707728822,0,5,0
w/o path-bias sampling,一般,22,20261925,1,269.624149451386,0.4219006,0.0049333,0.0049333,0.4168649,4189,3.20274173549966,1.06207483379011,0,5,0
w/o dynamic rewiring,一般,22,20261925,1,271.022546026328,0.5134814,0.0057422,0.0057422,0.507624,4249,6.93168175076743,0.0371962183849508,0,5,0
AB-IRRT* (full),一般,22,20261925,1,266.715801290916,0.455639,0.0078691,0.0078691,0.4476211,4111,2.96795311470852,0.580014290665878,0,5,0
APF-only,一般,23,20261926,1,442.385244950109,0.0040555,0.0039741,0.0040555,0,NaN,38.6413649792452,0.185991746715437,0,5,0
Informed-RRT*,一般,23,20261926,1,277.688515808712,0.4761792,0.0086702,0,0.4761792,4302,8.3084226037057,0.339568905391448,NaN,NaN,0
w/o seed shortcutting,一般,23,20261926,1,265.61806305456,0.453447,0.0044575,0.0044575,0.4488899,4101,3.26837335612606,0.279371375788699,0,5,0
w/o ellipse seeding,一般,23,20261926,1,265.354055796868,0.4521544,0.0074562,0.0074562,0.4445699,4064,3.2523756928666,0.173603279350783,0,5,0
w/o path-bias sampling,一般,23,20261926,1,265.485290914086,0.4201355,0.0049257,0.0049257,0.4151131,3874,3.51578983368705,0.252657934776838,0,5,0
w/o dynamic rewiring,一般,23,20261926,1,270.643657695963,0.471408,0.0051663,0.0051663,0.4661321,4089,6.08430770721156,0.328903894493214,0,5,0
AB-IRRT* (full),一般,23,20261926,1,265.374026416852,0.4217594,0.0051039,0.0051039,0.4165471,3875,2.46492961827099,0.142296151718858,0,5,0
APF-only,一般,24,20261927,1,442.385244950109,0.004344,0.004246,0.004344,0,NaN,38.6413649792452,0.185991746715437,0,5,0
Informed-RRT*,一般,24,20261927,1,321.165479947981,0.3427671,0.0116159,0,0.3427671,3861,11.7102094827277,1.85559164498051,NaN,NaN,0
w/o seed shortcutting,一般,24,20261927,1,265.12409244745,0.4381378,0.0043862,0.0043862,0.4336493,4159,2.80406332548704,0.878451223208437,0,5,0
w/o ellipse seeding,一般,24,20261927,1,263.811378423176,0.4997482,0.0052586,0.0052586,0.4943767,3929,1.74487868701705,1.01801734949241,0,5,0
w/o path-bias sampling,一般,24,20261927,1,265.009307397338,0.4934972,0.0045832,0.0045832,0.4888094,4058,3.38997996799656,0.527295947347787,0,5,0
w/o dynamic rewiring,一般,24,20261927,1,269.609012365558,0.4891972,0.005276,0.005276,0.4837992,4131,5.34052171460396,0.324453198039251,0,5,0
AB-IRRT* (full),一般,24,20261927,1,263.480520345184,0.5057751,0.0059102,0.0059102,0.499734,3885,1.43687117460308,0.0151200551095307,0,5,0
APF-only,一般,25,20261928,1,442.385244950109,0.0057948,0.0056655,0.0057948,0,NaN,38.6413649792452,0.185991746715437,0,5,0
Informed-RRT*,一般,25,20261928,1,283.081763160408,0.5706148,0.0155556,0,0.5706148,4376,9.68033697721694,1.40748053809418,NaN,NaN,0
w/o seed shortcutting,一般,25,20261928,1,268.1796680944,0.5244276,0.0056553,0.0056553,0.5186474,4328,5.17826518612013,0.806591337481459,0,5,0
w/o ellipse seeding,一般,25,20261928,1,274.797676359886,0.5295145,0.0084097,0.0084097,0.5209587,4389,6.68751611888914,0.0548784349535367,0,5,0
w/o path-bias sampling,一般,25,20261928,1,265.889272332746,0.4649533,0.0079075,0.0079075,0.4568774,4018,3.81572209323588,0.634416663274761,0,5,0
w/o dynamic rewiring,一般,25,20261928,1,268.415873291156,0.5441594,0.0070076,0.0070076,0.5370101,4255,5.20665229416813,0.437880377094221,0,5,0
AB-IRRT* (full),一般,25,20261928,1,265.50493702864,0.4674516,0.0045727,0.0045727,0.4627762,4095,2.80702228669525,0.315716419293087,0,5,0
APF-only,一般,26,20261929,1,442.385244950109,0.0060668,0.0059464,0.0060668,0,NaN,38.6413649792452,0.185991746715437,0,5,0
Informed-RRT*,一般,26,20261929,1,276.827262936715,0.5123668,0.0131694,0,0.5123668,4325,6.67916302668272,1.10837444500858,NaN,NaN,0
w/o seed shortcutting,一般,26,20261929,1,266.943843994794,0.4399644,0.0052889,0.0052889,0.4345646,4265,4.70239940273701,0.0879975450169823,0,5,0
w/o ellipse seeding,一般,26,20261929,1,275.492826850144,0.4616016,0.0046332,0.0046332,0.4568737,4317,6.03468374579498,0.825238026989409,0,5,0
w/o path-bias sampling,一般,26,20261929,1,265.242786814975,0.4291325,0.0048487,0.0048487,0.4241827,4157,2.68749186446927,0.339501512806838,0,5,0
w/o dynamic rewiring,一般,26,20261929,1,276.853248435528,0.4827462,0.0048692,0.0048692,0.477775,4167,1.94771587565652,0.292802083782291,0,5,0
AB-IRRT* (full),一般,26,20261929,1,264.634702082627,0.4124048,0.0053786,0.0053786,0.4068955,4066,2.53720349020685,0.273265933389404,0,5,0
APF-only,一般,27,20261930,1,442.385244950109,0.0045612,0.0044682,0.0045612,0,NaN,38.6413649792452,0.185991746715437,0,5,0
Informed-RRT*,一般,27,20261930,1,277.383726510315,0.5371788,0.0100943,0,0.5371788,4301,6.88429347580103,0.546637802851137,NaN,NaN,0
w/o seed shortcutting,一般,27,20261930,1,267.557949946773,0.5275272,0.0061244,0.0061244,0.5212754,4236,3.54845176816404,0.223540198886237,0,5,0
w/o ellipse seeding,一般,27,20261930,1,266.725305054707,0.4714699,0.0050457,0.0050457,0.4663058,4203,3.80857192527244,0.339851686464291,0,5,0
w/o path-bias sampling,一般,27,20261930,1,265.536347514972,0.4397234,0.0048743,0.0048743,0.4347521,3979,2.49402435188898,0.0349082747522402,0,5,0
w/o dynamic rewiring,一般,27,20261930,1,271.309902428882,0.5514936,0.0056042,0.0056042,0.5457744,4206,6.49571454032003,0.660401113935277,0,5,0
AB-IRRT* (full),一般,27,20261930,1,264.948613657337,0.4594759,0.0045831,0.0045831,0.4547971,3949,3.87548320995318,0.44625619200515,0,5,0
APF-only,一般,28,20261931,1,442.385244950109,0.0046213,0.0045215,0.0046213,0,NaN,38.6413649792452,0.185991746715437,0,5,0
Informed-RRT*,一般,28,20261931,1,289.247719861284,0.4915781,0.0077505,0,0.4915781,4381,9.6029446399577,2.0369410955726,NaN,NaN,0
w/o seed shortcutting,一般,28,20261931,1,270.140679577676,0.466812,0.006283,0.006283,0.4604058,4360,5.85333541700285,0.240016929481066,0,5,0
w/o ellipse seeding,一般,28,20261931,1,278.837302724758,0.4433514,0.0070319,0.0070319,0.4362006,4442,5.85788090394846,1.03669501710054,0,5,0
w/o path-bias sampling,一般,28,20261931,1,265.700754341432,0.4792103,0.0078219,0.0078219,0.4712511,4008,2.47323325616555,0.231774318799799,0,5,0
w/o dynamic rewiring,一般,28,20261931,1,276.853248435528,0.590634,0.0066583,0.0066583,0.5838354,4251,1.94771587565652,0.292802083782291,0,5,0
AB-IRRT* (full),一般,28,20261931,1,266.586132052072,0.531991,0.0061572,0.0061572,0.5256915,4067,3.58072247547321,0.0984799788438534,0,5,0
APF-only,一般,29,20261932,1,442.385244950109,0.0059763,0.0058436,0.0059763,0,NaN,38.6413649792452,0.185991746715437,0,5,0
Informed-RRT*,一般,29,20261932,1,288.187744619196,0.4770446,0.0199004,0,0.4770446,4196,12.4159603404492,0.938643847904654,NaN,NaN,0
w/o seed shortcutting,一般,29,20261932,1,266.169938170987,0.4737309,0.0049286,0.0049286,0.4686898,4112,3.05250813391357,0.308724796155388,0,5,0
w/o ellipse seeding,一般,29,20261932,1,266.67727262927,0.5052579,0.0047179,0.0047179,0.5004317,4061,3.35397497533464,0.260692816909956,0,5,0
w/o path-bias sampling,一般,29,20261932,1,266.600973805819,0.4855106,0.0054676,0.0054676,0.4799309,3960,2.65766962389167,1.15313126422082,0,5,0
w/o dynamic rewiring,一般,29,20261932,1,272.702618540603,0.5208184,0.0043228,0.0043228,0.5164027,4085,5.22175697297192,0.13222334139903,0,5,0
AB-IRRT* (full),一般,29,20261932,1,267.008947757407,0.4213163,0.0052816,0.0052816,0.4159273,3980,3.71817618319802,0.134880271294096,0,5,0
APF-only,一般,30,20261933,1,442.385244950109,0.0059489,0.0058224,0.0059489,0,NaN,38.6413649792452,0.185991746715437,0,5,0
Informed-RRT*,一般,30,20261933,1,284.358996450975,0.4996292,0.0110496,0,0.4996292,4304,9.48445385976881,2.56437120130241,NaN,NaN,0
w/o seed shortcutting,一般,30,20261933,1,265.924299839694,0.4690764,0.0055572,0.0055572,0.4633951,4158,4.43334942918921,0.0196585084913412,0,5,0
w/o ellipse seeding,一般,30,20261933,1,268.196821319001,0.4684051,0.0077322,0.0077322,0.4605283,4263,5.13569575452879,0.670377223074025,0,5,0
w/o path-bias sampling,一般,30,20261933,1,265.750144618061,0.4055818,0.0051638,0.0051638,0.4003121,4043,2.64185124415279,0.153100252669821,0,5,0
w/o dynamic rewiring,一般,30,20261933,1,271.568362315551,0.4897453,0.0047584,0.0047584,0.484872,4198,6.34957149092647,0.0463864160755048,0,5,0
AB-IRRT* (full),一般,30,20261933,1,266.943038877806,0.4345801,0.0082905,0.0082905,0.4261379,4080,3.72371089002033,0.0960506211186427,0,5,0
APF-only,一般,31,20261934,1,442.385244950109,0.0061462,0.006016,0.0061462,0,NaN,38.6413649792452,0.185991746715437,0,5,0
Informed-RRT*,一般,31,20261934,1,276.241609966663,0.496073,0.0105691,0,0.496073,4375,7.67986399732432,0.730700558585813,NaN,NaN,0
w/o seed shortcutting,一般,31,20261934,1,266.974019950137,0.4420125,0.0044005,0.0044005,0.4375042,4260,2.92392200126707,0.538180139630747,0,5,0
w/o ellipse seeding,一般,31,20261934,1,277.020473317272,0.4579889,0.0053314,0.0053314,0.4525395,4321,6.16559270220527,0.0660912303338606,0,5,0
w/o path-bias sampling,一般,31,20261934,1,265.369563450634,0.4397144,0.005115,0.005115,0.434492,4101,2.7344129729594,0.337325555478014,0,5,0
w/o dynamic rewiring,一般,31,20261934,1,276.853248435528,0.4937641,0.0045652,0.0045652,0.4890993,4152,1.94771587565652,0.292802083782291,0,5,0
AB-IRRT* (full),一般,31,20261934,1,265.266746605382,0.4201122,0.0042561,0.0042561,0.4157454,4079,2.64263420938556,0.0992302257791664,0,5,0
APF-only,一般,32,20261935,1,442.385244950109,0.0045751,0.0044748,0.0045751,0,NaN,38.6413649792452,0.185991746715437,0,5,0
Informed-RRT*,一般,32,20261935,1,286.130563899648,0.4097762,0.0100316,0,0.4097762,4134,7.60269113702287,0.337224623255103,NaN,NaN,0
w/o seed shortcutting,一般,32,20261935,1,264.995494631119,0.4239253,0.0046982,0.0046982,0.4191238,4070,2.46454082196851,1.18762880308766,0,5,0
w/o ellipse seeding,一般,32,20261935,1,264.791498328475,0.4546914,0.0048661,0.0048661,0.4497227,4087,2.68599296325231,0.769197262358601,0,5,0
w/o path-bias sampling,一般,32,20261935,1,264.594144044958,0.466415,0.005297,0.005297,0.4610084,4050,2.5593479760198,0.153855457316518,0,5,0
w/o dynamic rewiring,一般,32,20261935,1,268.014689530728,0.5090534,0.0066757,0.0066757,0.5022508,4114,6.20534658714988,0.20680661192956,0,5,0
AB-IRRT* (full),一般,32,20261935,1,264.567135665384,0.4571333,0.0057941,0.0057941,0.4512221,3972,2.90994292113156,0.183155673605597,0,5,0
APF-only,一般,33,20261936,1,442.385244950109,0.0056039,0.0054854,0.0056039,0,NaN,38.6413649792452,0.185991746715437,0,5,0
Informed-RRT*,一般,33,20261936,1,313.592594978192,0.2872349,0.0221115,0,0.2872349,3402,14.3259574826047,0.220487369988825,NaN,NaN,0
w/o seed shortcutting,一般,33,20261936,1,275.511297680347,0.4656704,0.0070452,0.0070452,0.4584909,4320,5.38414991619455,0.195129088402069,0,5,0
w/o ellipse seeding,一般,33,20261936,1,281.622537428488,0.4865878,0.0067149,0.0067149,0.4797506,4378,7.24366787395778,0.501760871484981,0,5,0
w/o path-bias sampling,一般,33,20261936,1,265.777423432484,0.5040748,0.0052807,0.0052807,0.4986847,4112,3.4009362760307,0.171153388798523,0,5,0
w/o dynamic rewiring,一般,33,20261936,1,276.853248435528,0.5194802,0.0071015,0.0071015,0.512234,4089,1.94771587565652,0.292802083782291,0,5,0
AB-IRRT* (full),一般,33,20261936,1,264.509302109916,0.4652838,0.0064486,0.0064486,0.45871,3877,2.22976293577466,0.293595785217087,0,5,0
APF-only,一般,34,20261937,1,442.385244950109,0.0066298,0.0064946,0.0066298,0,NaN,38.6413649792452,0.185991746715437,0,5,0
Informed-RRT*,一般,34,20261937,1,280.323243388615,0.5500695,0.0071896,0,0.5500695,4345,7.75329668290653,0.142957677272671,NaN,NaN,0
w/o seed shortcutting,一般,34,20261937,1,272.032499257947,0.4786622,0.0048693,0.0048693,0.4736758,4262,5.07047917425299,0.38526058580739,0,5,0
w/o ellipse seeding,一般,34,20261937,1,271.428182458819,0.4940461,0.0061409,0.0061409,0.4877778,4295,4.54372695132532,0.681637485588148,0,5,0
w/o path-bias sampling,一般,34,20261937,1,265.855246410132,0.4225229,0.0064234,0.0064234,0.4159867,4088,3.57368025535897,0.0504397773137172,0,5,0
w/o dynamic rewiring,一般,34,20261937,1,270.531960018778,0.49722,0.0050672,0.0050672,0.4920514,4139,5.35126051590888,0.107916955346699,0,5,0
AB-IRRT* (full),一般,34,20261937,1,265.003518644648,0.47117,0.0047063,0.0047063,0.4663611,4018,2.01950565129995,1.02324646156414,0,5,0
APF-only,一般,35,20261938,1,442.385244950109,0.0048963,0.0047949,0.0048963,0,NaN,38.6413649792452,0.185991746715437,0,5,0
Informed-RRT*,一般,35,20261938,1,284.598449610325,0.4723917,0.0129351,0,0.4723917,4346,9.9858063586002,0.468012216945217,NaN,NaN,0
w/o seed shortcutting,一般,35,20261938,1,264.669867220841,0.4467184,0.0043996,0.0043996,0.4422154,4129,2.03291046834842,0.0404670559138083,0,5,0
w/o ellipse seeding,一般,35,20261938,1,266.155429211884,0.449676,0.0065059,0.0065059,0.4430461,4198,3.52601165588839,0.294320569158058,0,5,0
w/o path-bias sampling,一般,35,20261938,1,276.853248435528,0.4347636,0.0046832,0.0046832,0.4299701,4184,1.94771587565652,0.292802083782291,0,5,0
w/o dynamic rewiring,一般,35,20261938,1,276.853248435528,0.5398806,0.0051382,0.0051382,0.5346303,4290,1.94771587565652,0.292802083782291,0,5,0
AB-IRRT* (full),一般,35,20261938,1,267.899589041952,0.4739122,0.0063591,0.0063591,0.4674335,4271,3.13739895644352,0.398388717301146,0,5,0
APF-only,一般,36,20261939,1,442.385244950109,0.0048173,0.00471,0.0048173,0,NaN,38.6413649792452,0.185991746715437,0,5,0
Informed-RRT*,一般,36,20261939,1,271.426158591315,0.5121396,0.0115852,0,0.5121396,4312,6.23002636289217,1.33271183044967,NaN,NaN,0
w/o seed shortcutting,一般,36,20261939,1,266.951991200626,0.4724536,0.0041507,0.0041507,0.4682003,4270,2.93842776860307,0.269367416488324,0,5,0
w/o ellipse seeding,一般,36,20261939,1,267.816007262447,0.4577175,0.0044534,0.0044534,0.453168,4232,2.98655187673294,0.340656280514997,0,5,0
w/o path-bias sampling,一般,36,20261939,1,265.146778664075,0.4183689,0.004779,0.004779,0.4134953,3896,3.20351248810118,0.241169953345903,0,5,0
w/o dynamic rewiring,一般,36,20261939,1,269.977925678517,0.5160018,0.0076291,0.0076291,0.508216,4147,6.08009863296738,0.826502463298933,0,5,0
AB-IRRT* (full),一般,36,20261939,1,267.216755132238,0.4680535,0.006601,0.006601,0.4613253,4116,4.85039941806786,0.823575210970935,0,5,0
APF-only,一般,37,20261940,1,442.385244950109,0.0065086,0.006368,0.0065086,0,NaN,38.6413649792452,0.185991746715437,0,5,0
Informed-RRT*,一般,37,20261940,1,270.395196851996,0.5212129,0.0129032,0,0.5212129,4350,6.28370270265878,0.256725380565343,NaN,NaN,0
w/o seed shortcutting,一般,37,20261940,1,274.498573768137,0.4551159,0.0062092,0.0062092,0.4487686,4324,3.66622392394462,0.148737783681881,0,5,0
w/o ellipse seeding,一般,37,20261940,1,265.934925944381,0.454098,0.0042587,0.0042587,0.4497445,4285,3.01199577409774,0.225518910145254,0,5,0
w/o path-bias sampling,一般,37,20261940,1,266.184682770538,0.4677412,0.0075708,0.0075708,0.4600347,4113,3.58995878722195,0.538267573774801,0,5,0
w/o dynamic rewiring,一般,37,20261940,1,276.853248435528,0.5140404,0.0068036,0.0068036,0.5071135,4194,1.94771587565652,0.292802083782291,0,5,0
AB-IRRT* (full),一般,37,20261940,1,266.005827208628,0.4507334,0.0049945,0.0049945,0.4456294,4092,3.48154486203188,0.153608835132993,0,5,0
APF-only,一般,38,20261941,1,442.385244950109,0.0059581,0.0058196,0.0059581,0,NaN,38.6413649792452,0.185991746715437,0,5,0
Informed-RRT*,一般,38,20261941,1,295.583009915095,0.4749542,0.0105409,0,0.4749542,4193,9.54840595343454,0.746150587805795,NaN,NaN,0
w/o seed shortcutting,一般,38,20261941,1,266.726254240083,0.50151,0.0044994,0.0044994,0.4968974,4179,2.63558279554452,4.16441316979653,0,5,0
w/o ellipse seeding,一般,38,20261941,1,265.234175424241,0.5037276,0.0062037,0.0062037,0.4974062,4169,2.31760099438173,0.988516720901843,0,5,0
w/o path-bias sampling,一般,38,20261941,1,264.183115427994,0.4922286,0.0070516,0.0070516,0.4850474,4000,2.31226723346516,0.108329142590222,0,5,0
w/o dynamic rewiring,一般,38,20261941,1,273.497032740282,0.523971,0.0044345,0.0044345,0.5192281,4160,7.26344211317732,0.014254648847535,0,5,0
AB-IRRT* (full),一般,38,20261941,1,264.35709995323,0.4621354,0.0051089,0.0051089,0.4569192,3965,3.68651050498299,0.0656202738588477,0,5,0
APF-only,一般,39,20261942,1,442.385244950109,0.0038036,0.0037155,0.0038036,0,NaN,38.6413649792452,0.185991746715437,0,5,0
Informed-RRT*,一般,39,20261942,1,372.049015615443,0.2026153,0.0379128,0,0.2026153,2840,13.5043419838171,0.329298654932084,NaN,NaN,0
w/o seed shortcutting,一般,39,20261942,1,269.42250681343,0.4603415,0.0047698,0.0047698,0.4554652,4283,4.29186516639071,0.523722227159735,0,5,0
w/o ellipse seeding,一般,39,20261942,1,268.428387963159,0.4634896,0.0048808,0.0048808,0.4585092,4249,4.94607332113625,0.0478455560481876,0,5,0
w/o path-bias sampling,一般,39,20261942,1,276.853248435528,0.4449987,0.0078954,0.0078954,0.4369672,4301,1.94771587565652,0.292802083782291,0,5,0
w/o dynamic rewiring,一般,39,20261942,1,276.853248435528,0.520317,0.0056248,0.0056248,0.5145578,4288,1.94771587565652,0.292802083782291,0,5,0
AB-IRRT* (full),一般,39,20261942,1,269.740211554898,0.4336803,0.0049428,0.0049428,0.4286191,4215,3.85328855702335,0.791754113014201,0,5,0
APF-only,一般,40,20261943,1,442.385244950109,0.005552,0.0054285,0.005552,0,NaN,38.6413649792452,0.185991746715437,0,5,0
Informed-RRT*,一般,40,20261943,1,276.606528714682,0.5013523,0.0160822,0,0.5013523,4372,6.81482998983521,0.0373490531082137,NaN,NaN,0
w/o seed shortcutting,一般,40,20261943,1,273.958404072911,0.4537682,0.0047644,0.0047644,0.4488951,4273,6.47069267570577,0.594711097361762,0,5,0
w/o ellipse seeding,一般,40,20261943,1,269.589676250102,0.4369353,0.0045855,0.0045855,0.4322474,4284,4.38157214607412,0.98082152289624,0,5,0
w/o path-bias sampling,一般,40,20261943,1,266.534943120314,0.4283425,0.0048862,0.0048862,0.4233521,4080,3.14879586217217,0.201727490838191,0,5,0
w/o dynamic rewiring,一般,40,20261943,1,276.853248435528,0.4921482,0.0050977,0.0050977,0.4869366,4143,1.94771587565652,0.292802083782291,0,5,0
AB-IRRT* (full),一般,40,20261943,1,269.927005274413,0.4659222,0.0065507,0.0065507,0.4592389,4083,4.66635390408764,0.340770878481129,0,5,0
APF-only,一般,41,20261944,1,442.385244950109,0.0059684,0.0058447,0.0059684,0,NaN,38.6413649792452,0.185991746715437,0,5,0
Informed-RRT*,一般,41,20261944,1,284.541219722484,0.5124716,0.0138128,0,0.5124716,4282,9.04423407247473,0.081449363820397,NaN,NaN,0
w/o seed shortcutting,一般,41,20261944,1,264.657211205402,0.4743661,0.0051447,0.0051447,0.4690996,4052,2.71998949885465,0.219869942900023,0,5,0
w/o ellipse seeding,一般,41,20261944,1,267.396936646885,0.4919904,0.0057672,0.0057672,0.4860944,4141,2.97165927496635,0.452009561385412,0,5,0
w/o path-bias sampling,一般,41,20261944,1,267.457653970035,0.4632577,0.0062365,0.0062365,0.4568874,4141,4.08505799121107,0.0708923704213444,0,5,0
w/o dynamic rewiring,一般,41,20261944,1,276.853248435528,0.5405335,0.0065459,0.0065459,0.533863,4182,1.94771587565652,0.292802083782291,0,5,0
AB-IRRT* (full),一般,41,20261944,1,270.498982346333,0.4547003,0.0073879,0.0073879,0.4471786,4144,4.56859681763579,0.230288722660958,0,5,0
APF-only,一般,42,20261945,1,442.385244950109,0.0066128,0.0064844,0.0066128,0,NaN,38.6413649792452,0.185991746715437,0,5,0
Informed-RRT*,一般,42,20261945,1,335.807961594753,0.3171046,0.0223514,0,0.3171046,3635,11.4191930772557,0.422023837427325,NaN,NaN,0
w/o seed shortcutting,一般,42,20261945,1,269.656452990406,0.4797046,0.0059263,0.0059263,0.4736578,4306,5.07032248963864,0.876982206291425,0,5,0
w/o ellipse seeding,一般,42,20261945,1,270.512892260804,0.4889875,0.0065318,0.0065318,0.4823358,4325,5.19753935202018,1.39200143945984,0,5,0
w/o path-bias sampling,一般,42,20261945,1,267.106125037792,0.4557521,0.0065231,0.0065231,0.44909,4002,3.08639672737546,0.334309033981246,0,5,0
w/o dynamic rewiring,一般,42,20261945,1,272.247132757428,0.511606,0.0070882,0.0070882,0.5043749,4238,4.76349095430804,1.27136636076322,0,5,0
AB-IRRT* (full),一般,42,20261945,1,267.254521435708,0.4684865,0.0066837,0.0066837,0.4616764,4134,4.52238503908655,0.241217927164259,0,5,0
APF-only,一般,43,20261946,1,442.385244950109,0.0059561,0.0058334,0.0059561,0,NaN,38.6413649792452,0.185991746715437,0,5,0
Informed-RRT*,一般,43,20261946,1,271.705096560167,0.4957366,0.0090418,0,0.4957366,4312,8.9511747865383,0.448919327995096,NaN,NaN,0
w/o seed shortcutting,一般,43,20261946,1,269.480196773078,0.4478737,0.0047915,0.0047915,0.4429762,4237,4.25240307027184,0.289445109547863,0,5,0
w/o ellipse seeding,一般,43,20261946,1,267.237706832917,0.4398143,0.005045,0.005045,0.4346678,4086,3.38481398003712,1.08375576147235,0,5,0
w/o path-bias sampling,一般,43,20261946,1,264.787872245333,0.4457446,0.0048523,0.0048523,0.4407841,4072,3.06191206965723,0.0195509459376879,0,5,0
w/o dynamic rewiring,一般,43,20261946,1,271.519889118922,0.5107928,0.0051594,0.0051594,0.5055217,4190,5.95831810507328,0.332831627494155,0,5,0
AB-IRRT* (full),一般,43,20261946,1,267.49066264095,0.4299842,0.0046173,0.0046173,0.4252626,4057,3.21136321168251,0.415944821052392,0,5,0
APF-only,一般,44,20261947,1,442.385244950109,0.0042043,0.0041086,0.0042043,0,NaN,38.6413649792452,0.185991746715437,0,5,0
Informed-RRT*,一般,44,20261947,1,277.537585723561,0.4883277,0.0064298,0,0.4883277,4222,8.04775583042565,0.0773655372685393,NaN,NaN,0
w/o seed shortcutting,一般,44,20261947,1,266.848415953904,0.4660877,0.0041646,0.0041646,0.4618175,4133,3.07231528174104,0.559678371651876,0,5,0
w/o ellipse seeding,一般,44,20261947,1,277.483359899274,0.455997,0.0046862,0.0046862,0.4512106,4250,5.58590519484299,0.470599427356623,0,5,0
w/o path-bias sampling,一般,44,20261947,1,264.561287928653,0.4756836,0.0054049,0.0054049,0.470154,3919,2.10746731708514,0.484345840942222,0,5,0
w/o dynamic rewiring,一般,44,20261947,1,276.853248435528,0.5052755,0.0049886,0.0049886,0.5001734,4131,1.94771587565652,0.292802083782291,0,5,0
AB-IRRT* (full),一般,44,20261947,1,265.984729708242,0.4179325,0.005451,0.005451,0.4123712,3972,3.63166871277068,0.308490232799853,0,5,0
APF-only,一般,45,20261948,1,442.385244950109,0.0043942,0.004292,0.0043942,0,NaN,38.6413649792452,0.185991746715437,0,5,0
Informed-RRT*,一般,45,20261948,1,356.298672287141,0.2128809,0.0330358,0,0.2128809,3012,15.4313033582105,0.189779321323669,NaN,NaN,0
w/o seed shortcutting,一般,45,20261948,1,267.704849937812,0.4638402,0.0048187,0.0048187,0.4589169,4235,5.01872840622055,0.170404685611146,0,5,0
w/o ellipse seeding,一般,45,20261948,1,264.742841369057,0.4865745,0.0067531,0.0067531,0.4796905,4109,1.87396684994906,0.193104976312291,0,5,0
w/o path-bias sampling,一般,45,20261948,1,263.716800264904,0.4711019,0.006544,0.006544,0.4644305,3919,1.75052833876002,0.152398527162463,0,5,0
w/o dynamic rewiring,一般,45,20261948,1,269.488271627101,0.6209899,0.0064361,0.0064361,0.6144135,4135,5.68933911909076,0.189734180612165,0,5,0
AB-IRRT* (full),一般,45,20261948,1,264.497506235221,0.4843062,0.00648,0.00648,0.4776827,3939,2.35091531156155,0.947751401376244,0,5,0
APF-only,一般,46,20261949,1,442.385244950109,0.0057074,0.0055922,0.0057074,0,NaN,38.6413649792452,0.185991746715437,0,5,0
Informed-RRT*,一般,46,20261949,1,273.716109083174,0.570978,0.008815,0,0.570978,4291,6.53190848109149,0.4136115222146,NaN,NaN,0
w/o seed shortcutting,一般,46,20261949,1,269.077501454461,0.4606551,0.0044559,0.0044559,0.4560855,4253,4.68409076228837,0.251268888431129,0,5,0
w/o ellipse seeding,一般,46,20261949,1,270.923294693988,0.4963052,0.0068399,0.0068399,0.4893391,4352,5.6109417415094,0.352701072280956,0,5,0
w/o path-bias sampling,一般,46,20261949,1,265.158328606223,0.425052,0.0071096,0.0071096,0.4178259,3939,2.79330492315502,0.0254875179797964,0,5,0
w/o dynamic rewiring,一般,46,20261949,1,272.78414677598,0.5479338,0.008243,0.008243,0.5395469,4226,7.40704668567578,0.0994429429680785,0,5,0
AB-IRRT* (full),一般,46,20261949,1,267.399376726775,0.4713259,0.0083605,0.0083605,0.462813,4115,4.41896386347327,0.50887908793429,0,5,0
APF-only,一般,47,20261950,1,442.385244950109,0.0058263,0.0057194,0.0058263,0,NaN,38.6413649792452,0.185991746715437,0,5,0
Informed-RRT*,一般,47,20261950,1,347.713584836631,0.2331271,0.0204542,0,0.2331271,3048,17.1725557974998,0.191307001294897,NaN,NaN,0
w/o seed shortcutting,一般,47,20261950,1,267.969423722562,0.4211873,0.0042007,0.0042007,0.4168866,4113,3.63850977256569,0.16210291872596,0,5,0
w/o ellipse seeding,一般,47,20261950,1,268.283661401093,0.4320445,0.0047753,0.0047753,0.4271683,4234,3.45837211454354,0.120258099089403,0,5,0
w/o path-bias sampling,一般,47,20261950,1,265.34808515822,0.4358577,0.0043371,0.0043371,0.4314235,3979,2.88548150972363,0.120031606275649,0,5,0
w/o dynamic rewiring,一般,47,20261950,1,271.916388654955,0.5013629,0.0074969,0.0074969,0.4937308,4178,7.74671453941714,0.208951192247008,0,5,0
AB-IRRT* (full),一般,47,20261950,1,266.134227960255,0.4385816,0.0049689,0.0049689,0.4334977,3973,4.52650753693208,0.600876722098544,0,5,0
APF-only,一般,48,20261951,1,442.385244950109,0.0059834,0.0058534,0.0059834,0,NaN,38.6413649792452,0.185991746715437,0,5,0
Informed-RRT*,一般,48,20261951,1,278.835997846232,0.5609619,0.0104423,0,0.5609619,4330,8.16019973009771,0.338170351190123,NaN,NaN,0
w/o seed shortcutting,一般,48,20261951,1,265.551747119055,0.4610053,0.0092814,0.0092814,0.4515612,4172,2.89823484881671,0.169839477681776,0,5,0
w/o ellipse seeding,一般,48,20261951,1,280.212476962114,0.4349078,0.005668,0.005668,0.4291276,4266,5.65023796267435,0.788243904659527,0,5,0
w/o path-bias sampling,一般,48,20261951,1,266.264235751968,0.4015013,0.0051768,0.0051768,0.3962065,4060,2.61904086558921,0.833841894864989,0,5,0
w/o dynamic rewiring,一般,48,20261951,1,268.829897899987,0.4691085,0.0044787,0.0044787,0.4645222,4122,6.49017355387036,0.330708439453993,0,5,0
AB-IRRT* (full),一般,48,20261951,1,264.30715607294,0.4406924,0.0045755,0.0045755,0.4360163,3971,2.19253853079525,0.780694117127984,0,5,0
APF-only,一般,49,20261952,1,442.385244950109,0.0074217,0.007269,0.0074217,0,NaN,38.6413649792452,0.185991746715437,0,5,0
Informed-RRT*,一般,49,20261952,1,278.81583413936,0.4802709,0.0088954,0,0.4802709,4366,9.11533228735858,1.28845902964699,NaN,NaN,0
w/o seed shortcutting,一般,49,20261952,1,267.004918443325,0.4658651,0.0038097,0.0038097,0.4619582,4257,4.65435168168935,0.670338910586114,0,5,0
w/o ellipse seeding,一般,49,20261952,1,291.795559088155,0.4568384,0.0058558,0.0058558,0.4508608,4363,6.89356931438762,0.146460480467482,0,5,0
w/o path-bias sampling,一般,49,20261952,1,264.947046765679,0.4587956,0.0065022,0.0065022,0.4521741,4049,2.42410250755194,0.0725970884277274,0,5,0
w/o dynamic rewiring,一般,49,20261952,1,272.278110125672,0.5402439,0.0071842,0.0071842,0.5329306,4264,6.2792460825109,0.170867897378029,0,5,0
AB-IRRT* (full),一般,49,20261952,1,266.043302072959,0.5014097,0.0065391,0.0065391,0.4947499,4126,2.79703054408053,0.713748388406701,0,5,0
APF-only,一般,50,20261953,1,442.385244950109,0.0062216,0.006086,0.0062216,0,NaN,38.6413649792452,0.185991746715437,0,5,0
Informed-RRT*,一般,50,20261953,1,273.72213591797,0.5622191,0.0104461,0,0.5622191,4328,6.96343491664706,1.75712987575755,NaN,NaN,0
w/o seed shortcutting,一般,50,20261953,1,267.596118187299,0.4843487,0.0060076,0.0060076,0.4782143,4260,3.89689981950043,0.218501605583297,0,5,0
w/o ellipse seeding,一般,50,20261953,1,267.235287541857,0.4979724,0.004303,0.004303,0.4935516,4252,3.0508150273905,1.22759673374178,0,5,0
w/o path-bias sampling,一般,50,20261953,1,263.849885893095,0.5278367,0.0091869,0.0091869,0.5184896,4063,2.54878491208112,0.149682574331917,0,5,0
w/o dynamic rewiring,一般,50,20261953,1,276.853248435528,0.5746867,0.0072269,0.0072269,0.5673257,4191,1.94771587565652,0.292802083782291,0,5,0
AB-IRRT* (full),一般,50,20261953,1,265.091361521829,0.4958333,0.0071238,0.0071238,0.4885818,4053,3.1518347002787,0.743893195447374,0,5,0
APF-only,环廊,1,20262904,1,235.942780406757,0.0093904,0.0089758,0.0093904,0,NaN,25.1558157819012,0.0563007751018114,2,3,0
Informed-RRT*,环廊,1,20262904,1,177.287250085823,0.8281508,0.0129883,0,0.8281508,4437,3.75343509569455,0.00155247067443032,NaN,NaN,0
w/o seed shortcutting,环廊,1,20262904,1,174.839172139698,0.6748994,0.0027687,0.0027687,0.6716974,3959,2.34021364337809,0.386480017198125,2,3,0
w/o ellipse seeding,环廊,1,20262904,1,175.232111949768,0.6527671,0.0053542,0.0053542,0.6469117,4101,2.27201882663285,0.0304826039245523,2,3,0
w/o path-bias sampling,环廊,1,20262904,1,174.685393687214,0.6236649,0.0047708,0.0047708,0.6182471,3824,2.00443393343472,0.0430516825698604,2,3,0
w/o dynamic rewiring,环廊,1,20262904,1,175.972289231373,0.6882039,0.0034211,0.0034211,0.6806175,3959,2.93593865228661,0.1061121383567,2,3,0
AB-IRRT* (full),环廊,1,20262904,1,174.818063207195,0.6513009,0.0051536,0.0051536,0.6459788,3830,2.07202102819391,0.0420124157343764,2,3,0
APF-only,环廊,2,20262905,1,235.942780406757,0.0027303,0.0026167,0.0027303,0,NaN,25.1558157819012,0.0563007751018114,2,3,0
Informed-RRT*,环廊,2,20262905,1,177.254071645401,0.7664553,0.0089686,0,0.7664553,4506,3.57917131933476,0.655359273958451,NaN,NaN,0
w/o seed shortcutting,环廊,2,20262905,1,174.826486947019,0.7083821,0.0025147,0.0025147,0.7057345,3932,2.11952055530818,0.0679534103202402,2,3,0
w/o ellipse seeding,环廊,2,20262905,1,174.708381324528,0.688052,0.0049789,0.0049789,0.6829079,3926,2.15216556588086,0.000553797754473173,2,3,0
w/o path-bias sampling,环廊,2,20262905,1,174.427753020105,0.6454652,0.0033706,0.0033706,0.6419759,3735,1.50411578946006,0.186538781508709,2,3,0
w/o dynamic rewiring,环廊,2,20262905,1,174.83144651738,0.75447,0.0041493,0.0041493,0.7501899,4005,1.92471608652125,0.0699577504164735,2,3,0
AB-IRRT* (full),环廊,2,20262905,1,174.421081988512,0.6957649,0.0040123,0.0040123,0.6916209,3778,1.92826175961977,0.00827668003840731,2,3,0
APF-only,环廊,3,20262906,1,235.942780406757,0.0047636,0.0045537,0.0047636,0,NaN,25.1558157819012,0.0563007751018114,2,3,0
Informed-RRT*,环廊,3,20262906,1,181.825015801536,0.8506152,0.0198271,0,0.8506152,4501,3.36885890241442,0.0473023093483578,NaN,NaN,0
w/o seed shortcutting,环廊,3,20262906,1,174.79083756874,0.7436204,0.0028022,0.0028022,0.7406842,4012,2.08563364139515,0.238273664388854,2,3,0
w/o ellipse seeding,环廊,3,20262906,1,174.456647925044,0.7279507,0.0046375,0.0046375,0.7231732,3890,1.55334465528809,0.0148127361078245,2,3,0
w/o path-bias sampling,环廊,3,20262906,1,174.597142095379,0.7147103,0.0047684,0.0047684,0.7098022,3824,1.59121364292608,0.0682579497509721,2,3,0
w/o dynamic rewiring,环廊,3,20262906,1,175.399098884957,0.7498034,0.0051434,0.0051434,0.7445076,3967,2.10629546178215,0.00597781805504027,2,3,0
AB-IRRT* (full),环廊,3,20262906,1,174.456033323094,0.699625,0.0042528,0.0042528,0.6952188,3785,1.84784351534129,0.0374920165930686,2,3,0
APF-only,环廊,4,20262907,1,235.942780406757,0.0023839,0.002294,0.0023839,0,NaN,25.1558157819012,0.0563007751018114,2,3,0
Informed-RRT*,环廊,4,20262907,1,175.71799137658,0.792493,0.0142445,0,0.792493,4361,2.64607500343247,0.0461938949985035,NaN,NaN,0
w/o seed shortcutting,环廊,4,20262907,1,174.914313540717,0.6681301,0.002649,0.002649,0.6653613,3950,1.52058191660039,0.0870658044413943,2,3,0
w/o ellipse seeding,环廊,4,20262907,1,174.883278009917,0.6142605,0.0038302,0.0038302,0.6103093,4205,1.58373095984166,0.00562231659997803,2,3,0
w/o path-bias sampling,环廊,4,20262907,1,173.997411981345,0.6221959,0.0066095,0.0066095,0.6153975,3739,1.1746836688697,0.180221017950569,2,3,0
w/o dynamic rewiring,环廊,4,20262907,1,175.324672189856,0.7320027,0.0038585,0.0038585,0.7280142,4024,3.29274687533296,0.185675100530237,2,3,0
AB-IRRT* (full),环廊,4,20262907,1,174.189998973835,0.6198012,0.005217,0.005217,0.6144158,3772,1.82638165122277,0.123829737961756,2,3,0
APF-only,环廊,5,20262908,1,235.942780406757,0.0025807,0.0024758,0.0025807,0,NaN,25.1558157819012,0.0563007751018114,2,3,0
Informed-RRT*,环廊,5,20262908,1,176.846213757545,0.8109717,0.013541,0,0.8109717,4462,3.40078880302267,0.0189178880779508,NaN,NaN,0
w/o seed shortcutting,环廊,5,20262908,1,174.467421092525,0.6690962,0.0024401,0.0024401,0.6665375,3962,1.39950800603241,0.0651183782007649,2,3,0
w/o ellipse seeding,环廊,5,20262908,1,174.983964661109,0.7094246,0.0033808,0.0033808,0.705924,4079,1.68950869650292,0.133812428195212,2,3,0
w/o path-bias sampling,环廊,5,20262908,1,174.592637461012,0.6436865,0.0041898,0.0041898,0.6393606,3731,1.65323015998743,0.11336146933065,2,3,0
w/o dynamic rewiring,环廊,5,20262908,1,175.506342963699,0.8069424,0.0031286,0.0031286,0.8036944,3959,1.9532826810506,0.0664344145059603,2,3,0
AB-IRRT* (full),环廊,5,20262908,1,174.541128693818,0.6856359,0.0063119,0.0063119,0.6791531,3752,1.6192125714461,0.10207166821993,2,3,0
APF-only,环廊,6,20262909,1,235.942780406757,0.0032938,0.0031472,0.0032938,0,NaN,25.1558157819012,0.0563007751018114,2,3,0
Informed-RRT*,环廊,6,20262909,1,175.67900759255,0.8724678,0.0104497,0,0.8724678,4478,2.55519968976766,0.143660795947264,NaN,NaN,0
w/o seed shortcutting,环廊,6,20262909,1,174.623963777284,0.7060498,0.002367,0.002367,0.7035657,3934,1.5760155443604,0.186712096708989,2,3,0
w/o ellipse seeding,环廊,6,20262909,1,174.760881879806,0.7381655,0.0069316,0.0069316,0.7310605,4089,1.79398056476279,0.119148872954154,2,3,0
w/o path-bias sampling,环廊,6,20262909,1,174.362594684918,0.6796217,0.0043472,0.0043472,0.6751381,3815,1.63980918839697,0.127547983960149,2,3,0
w/o dynamic rewiring,环廊,6,20262909,1,174.738437029026,0.779334,0.0041814,0.0041814,0.7750289,4046,2.14006742330043,0.080450898670124,2,3,0
AB-IRRT* (full),环廊,6,20262909,1,174.207139455485,0.6857248,0.0036879,0.0036879,0.6819043,3829,1.55901336591398,0.0638486346878171,2,3,0
APF-only,环廊,7,20262910,1,235.942780406757,0.0025696,0.0024843,0.0025696,0,NaN,25.1558157819012,0.0563007751018114,2,3,0
Informed-RRT*,环廊,7,20262910,1,176.31984614216,0.8208547,0.0102003,0,0.8208547,4260,2.92555086428291,0.224179659737224,NaN,NaN,0
w/o seed shortcutting,环廊,7,20262910,1,174.695660929654,0.6566091,0.0027201,0.0027201,0.6537512,4004,1.71224407003076,0.0185868034369587,2,3,0
w/o ellipse seeding,环廊,7,20262910,1,175.262956897948,0.6398642,0.003925,0.003925,0.6358027,4027,2.29328130917721,0.157831118797686,2,3,0
w/o path-bias sampling,环廊,7,20262910,1,175.064595144615,0.6290059,0.0045444,0.0045444,0.6243196,3820,1.59281491512999,0.0578857012863967,2,3,0
w/o dynamic rewiring,环廊,7,20262910,1,175.338445827496,0.7051792,0.00436,0.00436,0.7006985,4003,2.4721994475967,0.0788792426662335,2,3,0
AB-IRRT* (full),环廊,7,20262910,1,175.019590336807,0.6016621,0.00335,0.00335,0.5981922,3848,2.09015029029545,0.0503720347735399,2,3,0
APF-only,环廊,8,20262911,1,235.942780406757,0.0024205,0.0023161,0.0024205,0,NaN,25.1558157819012,0.0563007751018114,2,3,0
Informed-RRT*,环廊,8,20262911,1,186.223997214082,0.7486093,0.0471074,0,0.7486093,4684,4.14485866126494,0.638867454274735,NaN,NaN,0
w/o seed shortcutting,环廊,8,20262911,1,176.117897059179,0.7309832,0.0026582,0.0026582,0.7281671,4258,2.67871789043905,0.0970230984081244,2,3,0
w/o ellipse seeding,环廊,8,20262911,1,175.207331532519,0.702991,0.004453,0.004453,0.6983962,4244,1.26137511199275,0.339994041363376,2,3,0
w/o path-bias sampling,环廊,8,20262911,1,175.199225416158,0.6609281,0.0052362,0.0052362,0.6555386,4065,1.96956538403223,0.0019792165876904,2,3,0
w/o dynamic rewiring,环廊,8,20262911,1,176.431706952726,0.7558541,0.0029892,0.0029892,0.7526873,4132,2.3275188682774,0.0633117903608724,2,3,0
AB-IRRT* (full),环廊,8,20262911,1,174.63426939443,0.6440393,0.0042326,0.0042326,0.6396815,3977,1.4591551788776,0.0493233018595909,2,3,0
APF-only,环廊,9,20262912,1,235.942780406757,0.0042748,0.0041264,0.0042748,0,NaN,25.1558157819012,0.0563007751018114,2,3,0
Informed-RRT*,环廊,9,20262912,1,177.582160934192,0.8033003,0.0085385,0,0.8033003,4488,2.8254936520227,0.10944915219743,NaN,NaN,0
w/o seed shortcutting,环廊,9,20262912,1,174.651384249024,0.6718569,0.0039613,0.0039613,0.6677368,3756,1.95193944046513,0.217106125376386,2,3,0
w/o ellipse seeding,环廊,9,20262912,1,174.96528060229,0.6793078,0.0052365,0.0052365,0.6739114,4024,2.31800235469213,0.0077405209532504,2,3,0
w/o path-bias sampling,环廊,9,20262912,1,174.339949947917,0.6610593,0.0055265,0.0055265,0.655381,3653,1.26819252373888,0.0270779214385088,2,3,0
w/o dynamic rewiring,环廊,9,20262912,1,175.086169507869,0.6896373,0.0047774,0.0047774,0.6847235,3954,2.05575657981356,0.469073342884903,2,3,0
AB-IRRT* (full),环廊,9,20262912,1,174.534342217176,0.6342531,0.0035219,0.0035219,0.6306152,3692,2.36889748663516,0.0476032805539841,2,3,0
APF-only,环廊,10,20262913,1,235.942780406757,0.0055689,0.0053499,0.0055689,0,NaN,25.1558157819012,0.0563007751018114,2,3,0
Informed-RRT*,环廊,10,20262913,1,181.187869134953,0.815051,0.0196972,0,0.815051,4510,3.31981700383211,0.965224197880994,NaN,NaN,0
w/o seed shortcutting,环廊,10,20262913,1,174.898065086106,0.6667327,0.0064885,0.0064885,0.6600025,4015,1.72597547505887,0.0388227484022234,2,3,0
w/o ellipse seeding,环廊,10,20262913,1,175.228792893648,0.6544711,0.0048414,0.0048414,0.6494695,4171,1.42134810937594,0.0181831969909858,2,3,0
w/o path-bias sampling,环廊,10,20262913,1,174.674106594872,0.6300524,0.0035232,0.0035232,0.6263975,3829,1.70007382494775,0.0317722495809498,2,3,0
w/o dynamic rewiring,环廊,10,20262913,1,175.889424175734,0.6881723,0.0034539,0.0034539,0.6844422,3836,2.00232661625691,0.423502725403023,2,3,0
AB-IRRT* (full),环廊,10,20262913,1,174.58400415472,0.5516399,0.0033934,0.0033934,0.548128,3630,1.19708675631192,0.19065790233711,2,3,0
APF-only,环廊,11,20262914,1,235.942780406757,0.0028608,0.002758,0.0028608,0,NaN,25.1558157819012,0.0563007751018114,2,3,0
Informed-RRT*,环廊,11,20262914,1,176.53159550305,0.8149923,0.0078707,0,0.8149923,4385,2.41427202304139,0.0226761728283282,NaN,NaN,0
w/o seed shortcutting,环廊,11,20262914,1,174.779710320885,0.7378118,0.0037099,0.0037099,0.7339269,3981,2.00348222472467,0.0799025997435381,2,3,0
w/o ellipse seeding,环廊,11,20262914,1,175.211543886418,0.7582614,0.0048742,0.0048742,0.7532234,4085,1.75688419486164,0.0938881110435119,2,3,0
w/o path-bias sampling,环廊,11,20262914,1,175.187027803249,0.8198119,0.0043663,0.0043663,0.8152901,3944,2.11519904063137,0.104874867362747,2,3,0
w/o dynamic rewiring,环廊,11,20262914,1,176.750036587911,0.7808313,0.0053793,0.0053793,0.7752851,3935,3.47698379708767,0.0761262771953337,2,3,0
AB-IRRT* (full),环廊,11,20262914,1,175.231930111401,0.66846,0.0044258,0.0044258,0.6638871,3802,2.22861334724513,0.0253161334363163,2,3,0
APF-only,环廊,12,20262915,1,235.942780406757,0.0023355,0.0022492,0.0023355,0,NaN,25.1558157819012,0.0563007751018114,2,3,0
Informed-RRT*,环廊,12,20262915,1,176.98406708759,0.8150164,0.0108255,0,0.8150164,4478,3.15064860140932,0.209810114193485,NaN,NaN,0
w/o seed shortcutting,环廊,12,20262915,1,175.211097814325,0.7672704,0.0029935,0.0029935,0.764138,4088,2.04896018690038,0.0485142793598401,2,3,0
w/o ellipse seeding,环廊,12,20262915,1,175.65759558825,0.6868858,0.0032198,0.0032198,0.6835421,4217,2.90878408995417,0.0736160554541465,2,3,0
w/o path-bias sampling,环廊,12,20262915,1,174.116094039388,0.6124132,0.0038568,0.0038568,0.6084282,3698,1.34831761579574,0.040033443562959,2,3,0
w/o dynamic rewiring,环廊,12,20262915,1,175.785228536118,0.7839594,0.0039081,0.0039081,0.7799214,4111,2.47123138257966,0.0454228535464845,2,3,0
AB-IRRT* (full),环廊,12,20262915,1,174.461228583744,0.6616098,0.0045358,0.0045358,0.6569198,3870,1.22592590108316,0.0429859773808774,2,3,0
APF-only,环廊,13,20262916,1,235.942780406757,0.0027031,0.0026076,0.0027031,0,NaN,25.1558157819012,0.0563007751018114,2,3,0
Informed-RRT*,环廊,13,20262916,1,176.758091418639,0.7879269,0.0158562,0,0.7879269,4473,3.6404597194401,0.0269958522594962,NaN,NaN,0
w/o seed shortcutting,环廊,13,20262916,1,174.522300816017,0.6599394,0.0026496,0.0026496,0.6571749,4073,2.30917904744478,0.0316310170570224,2,3,0
w/o ellipse seeding,环廊,13,20262916,1,175.337205636277,0.6811078,0.0037631,0.0037631,0.677221,4198,2.98348875033844,0.120842777239337,2,3,0
w/o path-bias sampling,环廊,13,20262916,1,174.157110938529,0.6867688,0.0034174,0.0034174,0.6832243,3785,1.43583961839273,0.0113692674828432,2,3,0
w/o dynamic rewiring,环廊,13,20262916,1,174.823257773443,0.752181,0.003216,0.003216,0.7488572,4066,2.54027626991734,0.100498166144682,2,3,0
AB-IRRT* (full),环廊,13,20262916,1,174.44764434792,0.68509,0.0051501,0.0051501,0.6797479,3778,1.59210629225385,0.0789110762373824,2,3,0
APF-only,环廊,14,20262917,1,235.942780406757,0.0038635,0.0036419,0.0038635,0,NaN,25.1558157819012,0.0563007751018114,2,3,0
Informed-RRT*,环廊,14,20262917,1,177.842621890778,0.9666271,0.0107593,0,0.9666271,4454,3.78896673185667,0.115601494589365,NaN,NaN,0
w/o seed shortcutting,环廊,14,20262917,1,174.594828434448,0.7060368,0.0024929,0.0024929,0.7034178,3876,1.393711400172,0.028390955192755,2,3,0
w/o ellipse seeding,环廊,14,20262917,1,174.486677082173,0.6875216,0.0053376,0.0053376,0.6820265,3912,1.58870104084643,0.0161778244584134,2,3,0
w/o path-bias sampling,环廊,14,20262917,1,174.514732270139,0.6438968,0.0043555,0.0043555,0.6394156,3721,1.56868794409228,0.0232716521405854,2,3,0
w/o dynamic rewiring,环廊,14,20262917,1,175.063562843876,0.7717294,0.0033529,0.0033529,0.7682633,4011,2.29359192145182,0.103405580718334,2,3,0
AB-IRRT* (full),环廊,14,20262917,1,174.758292534457,0.6796198,0.0034196,0.0034196,0.6760774,3773,1.79539270456902,0.0718903727364175,2,3,0
APF-only,环廊,15,20262918,1,235.942780406757,0.0040221,0.003867,0.0040221,0,NaN,25.1558157819012,0.0563007751018114,2,3,0
Informed-RRT*,环廊,15,20262918,1,175.709002140924,0.7542932,0.0094675,0,0.7542932,4328,2.41842515613208,0.104633544042898,NaN,NaN,0
w/o seed shortcutting,环廊,15,20262918,1,175.327979315929,0.6114098,0.0025482,0.0025482,0.608734,4010,2.08705111024648,0.058538646990014,2,3,0
w/o ellipse seeding,环廊,15,20262918,1,175.180834848383,0.6336063,0.0033341,0.0033341,0.6301453,4073,2.11744828234416,0.258660810759613,2,3,0
w/o path-bias sampling,环廊,15,20262918,1,175.184206983551,0.6233622,0.0058065,0.0058065,0.6174101,3787,1.96335996015988,0.155367668119231,2,3,0
w/o dynamic rewiring,环廊,15,20262918,1,175.796585609852,0.6540859,0.0037241,0.0037241,0.6502142,3998,2.60944429814259,0.274696002215392,2,3,0
AB-IRRT* (full),环廊,15,20262918,1,174.782943315795,0.5795678,0.0036709,0.0036709,0.5757792,3740,1.75590705069329,0.0931290287815756,2,3,0
APF-only,环廊,16,20262919,1,235.942780406757,0.0028804,0.0027755,0.0028804,0,NaN,25.1558157819012,0.0563007751018114,2,3,0
Informed-RRT*,环廊,16,20262919,1,177.330547888046,0.8266794,0.0127601,0,0.8266794,4309,2.97655493621984,0.356140511031029,NaN,NaN,0
w/o seed shortcutting,环廊,16,20262919,1,174.740037849789,0.6461313,0.0048155,0.0048155,0.6411514,3890,2.4372728685152,0.159845536958714,2,3,0
w/o ellipse seeding,环廊,16,20262919,1,175.204590767915,0.6942833,0.0033829,0.0033829,0.6907851,4037,1.81340153705362,0.490996615338057,2,3,0
w/o path-bias sampling,环廊,16,20262919,1,174.230483844913,0.6179938,0.0034291,0.0034291,0.6144393,3670,1.14312329398725,0.109080461222451,2,3,0
w/o dynamic rewiring,环廊,16,20262919,1,175.630530333976,0.787176,0.0043043,0.0043043,0.7827399,3957,2.95882584996044,0.482642821796036,2,3,0
AB-IRRT* (full),环廊,16,20262919,1,174.285327469498,0.6692137,0.0033936,0.0033936,0.6656963,3642,1.39065445735834,0.00154358052464154,2,3,0
APF-only,环廊,17,20262920,1,235.942780406757,0.0036698,0.0035445,0.0036698,0,NaN,25.1558157819012,0.0563007751018114,2,3,0
Informed-RRT*,环廊,17,20262920,1,178.306356680977,0.8150103,0.0321522,0,0.8150103,4613,3.46252282325796,0.330031002561809,NaN,NaN,0
w/o seed shortcutting,环廊,17,20262920,1,174.89586563206,0.7073547,0.0035505,0.0035505,0.7036671,4058,2.29770256688554,0.121423779757484,2,3,0
w/o ellipse seeding,环廊,17,20262920,1,175.326058401796,0.7039575,0.0033575,0.0033575,0.7004634,4161,2.17764973433893,0.0473375735713049,2,3,0
w/o path-bias sampling,环廊,17,20262920,1,175.27266306582,0.6994081,0.0072044,0.0072044,0.6920332,3907,1.92948859084642,0.0404005726331622,2,3,0
w/o dynamic rewiring,环廊,17,20262920,1,175.495139830065,0.8183941,0.0047822,0.0047822,0.8134615,4119,2.51786067474277,0.0283066926656694,2,3,0
AB-IRRT* (full),环廊,17,20262920,1,174.616972868428,0.6935176,0.0040304,0.0040304,0.6893635,3857,2.17326507851505,0.0699721063534291,2,3,0
APF-only,环廊,18,20262921,1,235.942780406757,0.0021484,0.0020715,0.0021484,0,NaN,25.1558157819012,0.0563007751018114,2,3,0
Informed-RRT*,环廊,18,20262921,1,176.492756278687,0.8068916,0.0077371,0,0.8068916,4481,2.99293484940798,0.219840292138201,NaN,NaN,0
w/o seed shortcutting,环廊,18,20262921,1,175.101397342988,0.6932318,0.0026218,0.0026218,0.6904894,4187,1.40932888874613,0.0207593031007622,2,3,0
w/o ellipse seeding,环廊,18,20262921,1,175.511156332195,0.6770683,0.003562,0.003562,0.6733802,4263,1.78344885907841,0.0801040063696314,2,3,0
w/o path-bias sampling,环廊,18,20262921,1,174.747259035698,0.6783163,0.003628,0.003628,0.6745666,3963,1.74032307012559,0.0460544310238191,2,3,0
w/o dynamic rewiring,环廊,18,20262921,1,175.382512349007,0.7860653,0.0058389,0.0058389,0.7800644,4142,2.28510098100141,0.36460206407773,2,3,0
AB-IRRT* (full),环廊,18,20262921,1,174.434146891778,0.6599058,0.0037732,0.0037732,0.6560107,3968,1.92526837236275,0.0526478503983245,2,3,0
APF-only,环廊,19,20262922,1,235.942780406757,0.0039507,0.003814,0.0039507,0,NaN,25.1558157819012,0.0563007751018114,2,3,0
Informed-RRT*,环廊,19,20262922,1,175.913565737962,0.8159041,0.0064417,0,0.8159041,4416,2.88103448576949,0.0727850022445153,NaN,NaN,0
w/o seed shortcutting,环廊,19,20262922,1,174.548239838451,0.6502059,0.0038506,0.0038506,0.6462008,3956,1.3252551070464,0.326133718267624,2,3,0
w/o ellipse seeding,环廊,19,20262922,1,174.389661239248,0.6789408,0.0037941,0.0037941,0.6750189,4041,1.28618661824012,0.264334797159386,2,3,0
w/o path-bias sampling,环廊,19,20262922,1,174.463875647264,0.6702819,0.0042497,0.0042497,0.6658825,3821,1.62295547253524,0.0287906735438828,2,3,0
w/o dynamic rewiring,环廊,19,20262922,1,175.117765298534,0.8011873,0.0048882,0.0048882,0.7961518,4017,1.94954921241951,0.131902260794776,2,3,0
AB-IRRT* (full),环廊,19,20262922,1,174.209411638423,0.6712852,0.0039746,0.0039746,0.6671826,3763,1.16166326307148,0.12198621590204,2,3,0
APF-only,环廊,20,20262923,1,235.942780406757,0.0027025,0.0026018,0.0027025,0,NaN,25.1558157819012,0.0563007751018114,2,3,0
Informed-RRT*,环廊,20,20262923,1,176.205806637406,0.8797252,0.0061442,0,0.8797252,4487,3.10817447458245,0.314897344553073,NaN,NaN,0
w/o seed shortcutting,环廊,20,20262923,1,174.242145531289,0.6940054,0.0038228,0.0038228,0.6900086,3885,1.39648121736109,0.043802580097748,2,3,0
w/o ellipse seeding,环廊,20,20262923,1,174.13453414256,0.6835021,0.0054194,0.0054194,0.6779357,3866,1.42183697962607,0.0384496701496042,2,3,0
w/o path-bias sampling,环廊,20,20262923,1,174.31752221409,0.6801402,0.0050616,0.0050616,0.6749295,3829,1.36984958364966,0.146732589361211,2,3,0
w/o dynamic rewiring,环廊,20,20262923,1,174.997119623757,0.8033955,0.0042454,0.0042454,0.7990231,4081,2.2734278681101,0.121820844899541,2,3,0
AB-IRRT* (full),环廊,20,20262923,1,174.434923180333,0.6742796,0.003379,0.003379,0.6707844,3867,1.61695459280656,0.0998094595966688,2,3,0
APF-only,环廊,21,20262924,1,235.942780406757,0.0025921,0.0024929,0.0025921,0,NaN,25.1558157819012,0.0563007751018114,2,3,0
Informed-RRT*,环廊,21,20262924,1,176.490879743485,0.7929041,0.0085663,0,0.7929041,4418,3.2311762159182,0.128018151327406,NaN,NaN,0
w/o seed shortcutting,环廊,21,20262924,1,174.735077929551,0.6043658,0.0028062,0.0028062,0.6014352,3904,1.7737324465352,0.0411507701749221,2,3,0
w/o ellipse seeding,环廊,21,20262924,1,174.77504326396,0.6312638,0.0034333,0.0034333,0.6277097,3963,2.01674702134766,0.0603924558031235,2,3,0
w/o path-bias sampling,环廊,21,20262924,1,175.124030673971,0.60196,0.0039169,0.0039169,0.5979075,3673,1.56880021177436,0.019864995526607,2,3,0
w/o dynamic rewiring,环廊,21,20262924,1,175.090643431415,0.7246552,0.0035194,0.0035194,0.7209958,4034,2.714982884894,0.0114167342388081,2,3,0
AB-IRRT* (full),环廊,21,20262924,1,174.890732546581,0.6248438,0.003182,0.003182,0.6215357,3770,2.3959230840435,0.00030278477974921,2,3,0
APF-only,环廊,22,20262925,1,235.942780406757,0.0026496,0.0025338,0.0026496,0,NaN,25.1558157819012,0.0563007751018114,2,3,0
Informed-RRT*,环廊,22,20262925,1,176.584373161224,0.7763303,0.0123282,0,0.7763303,4422,2.47469835400159,0.251370533893077,NaN,NaN,0
w/o seed shortcutting,环廊,22,20262925,1,175.233719561111,0.717673,0.0039761,0.0039761,0.7135246,4179,2.44392380768025,0.238720527522821,2,3,0
w/o ellipse seeding,环廊,22,20262925,1,175.361075496285,0.7107349,0.0047289,0.0047289,0.7058709,4222,2.2844855678119,0.270522135223813,2,3,0
w/o path-bias sampling,环廊,22,20262925,1,174.842315546755,0.6920822,0.0053071,0.0053071,0.6866236,3945,2.09990317535295,0.00984236471888877,2,3,0
w/o dynamic rewiring,环廊,22,20262925,1,175.932201831552,0.8502779,0.004244,0.004244,0.8459067,4036,2.73906550286063,0.0286327711181116,2,3,0
AB-IRRT* (full),环廊,22,20262925,1,174.604621000058,0.6899744,0.0057785,0.0057785,0.6840087,3897,1.78311726544014,0.0805489530067085,2,3,0
APF-only,环廊,23,20262926,1,235.942780406757,0.0029723,0.0028644,0.0029723,0,NaN,25.1558157819012,0.0563007751018114,2,3,0
Informed-RRT*,环廊,23,20262926,1,179.532338745856,0.8442128,0.0071616,0,0.8442128,4556,3.64616728234129,0.298675379792966,NaN,NaN,0
w/o seed shortcutting,环廊,23,20262926,1,175.053194508203,0.7044003,0.003599,0.003599,0.7006436,4135,2.12131714075226,0.0347600933536736,2,3,0
w/o ellipse seeding,环廊,23,20262926,1,175.599682989798,0.6950532,0.0047428,0.0047428,0.6901676,4171,2.96837393550705,0.313946901309097,2,3,0
w/o path-bias sampling,环廊,23,20262926,1,174.731477121797,0.6447885,0.0046183,0.0046183,0.6400368,3770,1.79319769649826,0.0222443073205572,2,3,0
w/o dynamic rewiring,环廊,23,20262926,1,175.393766840387,0.7182869,0.0048164,0.0048164,0.7133111,4065,2.66838324564272,0.0101342525768908,2,3,0
AB-IRRT* (full),环廊,23,20262926,1,174.79707873992,0.6734855,0.003878,0.003878,0.6694828,3916,2.17618232561533,0.00736211467640313,2,3,0
APF-only,环廊,24,20262927,1,235.942780406757,0.0024518,0.0023662,0.0024518,0,NaN,25.1558157819012,0.0563007751018114,2,3,0
Informed-RRT*,环廊,24,20262927,1,176.574640509519,0.7963424,0.0113209,0,0.7963424,4396,2.86641976567682,0.00320438582524485,NaN,NaN,0
w/o seed shortcutting,环廊,24,20262927,1,174.903703706129,0.6461201,0.0025238,0.0025238,0.6434847,4040,1.90134234100075,0.120825407089763,2,3,0
w/o ellipse seeding,环廊,24,20262927,1,175.381077616542,0.6729238,0.0034271,0.0034271,0.6693776,4266,2.75811563964658,0.0970190705155396,2,3,0
w/o path-bias sampling,环廊,24,20262927,1,174.35451471574,0.6688713,0.0039147,0.0039147,0.6648346,3790,1.83023468575338,0.271296261388082,2,3,0
w/o dynamic rewiring,环廊,24,20262927,1,175.699224791949,0.7338531,0.0036755,0.0036755,0.730046,4006,2.46065154032563,0.268531184880993,2,3,0
AB-IRRT* (full),环廊,24,20262927,1,174.370027360427,0.684315,0.0037708,0.0037708,0.6804055,3760,1.11607418933519,0.0546091604031274,2,3,0
APF-only,环廊,25,20262928,1,235.942780406757,0.0035741,0.0034573,0.0035741,0,NaN,25.1558157819012,0.0563007751018114,2,3,0
Informed-RRT*,环廊,25,20262928,1,175.983509949587,0.9070708,0.0123016,0,0.9070708,4390,3.19787157482027,0.0833618245284491,NaN,NaN,0
w/o seed shortcutting,环廊,25,20262928,1,174.282503450542,0.743405,0.0035843,0.0035843,0.7396772,3863,1.72824830693798,0.0273864527449277,2,3,0
w/o ellipse seeding,环廊,25,20262928,1,174.303866575937,0.7541549,0.0041615,0.0041615,0.7498464,3792,1.33247022006623,0.0157793051536617,2,3,0
w/o path-bias sampling,环廊,25,20262928,1,174.642147335865,0.6710836,0.0046611,0.0046611,0.6662796,3821,1.76304800221721,0.0229798290239973,2,3,0
w/o dynamic rewiring,环廊,25,20262928,1,174.867666535782,0.7660417,0.0056037,0.0056037,0.7602831,3940,2.41033245147882,0.0129757894537272,2,3,0
AB-IRRT* (full),环廊,25,20262928,1,174.444669359181,0.6608933,0.0032327,0.0032327,0.6575282,3758,1.33036869581345,0.167113955987743,2,3,0
APF-only,环廊,26,20262929,1,235.942780406757,0.0029688,0.0028655,0.0029688,0,NaN,25.1558157819012,0.0563007751018114,2,3,0
Informed-RRT*,环廊,26,20262929,1,177.454497785591,0.8343441,0.0113718,0,0.8343441,4405,4.3556542748411,0.110378525139931,NaN,NaN,0
w/o seed shortcutting,环廊,26,20262929,1,174.948646150117,0.7053857,0.0030772,0.0030772,0.7021655,3987,1.40577897853163,0.0510570177968521,2,3,0
w/o ellipse seeding,环廊,26,20262929,1,174.896848028492,0.66974,0.0033815,0.0033815,0.6662388,4025,1.91101671772872,0.0662000503233386,2,3,0
w/o path-bias sampling,环廊,26,20262929,1,174.88502954628,0.6337721,0.0034052,0.0034052,0.6302503,3734,1.98203005664526,0.153448026684372,2,3,0
w/o dynamic rewiring,环廊,26,20262929,1,174.868922200723,0.7461575,0.0038533,0.0038533,0.7421774,3862,1.80326615825847,0.25307593491863,2,3,0
AB-IRRT* (full),环廊,26,20262929,1,174.446931629233,0.6444349,0.0032035,0.0032035,0.641097,3674,1.73866363178985,0.00792411435096785,2,3,0
APF-only,环廊,27,20262930,1,235.942780406757,0.0039534,0.003814,0.0039534,0,NaN,25.1558157819012,0.0563007751018114,2,3,0
Informed-RRT*,环廊,27,20262930,1,191.338053925946,0.6940072,0.0295151,0,0.6940072,4555,8.46190771160959,0.134343168371323,NaN,NaN,0
w/o seed shortcutting,环廊,27,20262930,1,175.096508558999,0.6410567,0.0027184,0.0027184,0.6382086,4020,2.09544601269515,0.139015034094092,2,3,0
w/o ellipse seeding,环廊,27,20262930,1,174.828531266412,0.6331635,0.0037429,0.0037429,0.6292952,4000,2.42812406653961,0.00702316643943846,2,3,0
w/o path-bias sampling,环廊,27,20262930,1,174.69686582446,0.6525373,0.0059907,0.0059907,0.6463931,3842,1.935678659514,0.207902813502461,2,3,0
w/o dynamic rewiring,环廊,27,20262930,1,175.337676521488,0.7424683,0.0038992,0.0038992,0.7384145,4040,2.66738644328241,0.143530157765229,2,3,0
AB-IRRT* (full),环廊,27,20262930,1,175.072293983244,0.7008665,0.0057485,0.0057485,0.6947492,3896,2.02587812645281,0.0528368159602834,2,3,0
APF-only,环廊,28,20262931,1,235.942780406757,0.00396,0.0038306,0.00396,0,NaN,25.1558157819012,0.0563007751018114,2,3,0
Informed-RRT*,环廊,28,20262931,1,176.932047125026,0.8891352,0.0169532,0,0.8891352,4431,2.46743536919531,0.290242984278283,NaN,NaN,0
w/o seed shortcutting,环廊,28,20262931,1,174.777414101578,0.7310265,0.002706,0.002706,0.7281824,4033,1.60733240780493,0.20193711601074,2,3,0
w/o ellipse seeding,环廊,28,20262931,1,174.943629167972,0.733254,0.0055706,0.0055706,0.7275267,4135,1.84613063451262,0.0120232029188285,2,3,0
w/o path-bias sampling,环廊,28,20262931,1,174.36037660255,0.6709042,0.0055403,0.0055403,0.6652094,3783,1.15991500229965,0.0464656460675856,2,3,0
w/o dynamic rewiring,环廊,28,20262931,1,175.273911693883,0.8347794,0.0055342,0.0055342,0.8290812,4069,2.86004161601785,0.583699446158995,2,3,0
AB-IRRT* (full),环廊,28,20262931,1,174.376523105819,0.6909419,0.0048874,0.0048874,0.6859082,3780,1.7517117116126,0.0867999672741284,2,3,0
APF-only,环廊,29,20262932,1,235.942780406757,0.0040643,0.0039332,0.0040643,0,NaN,25.1558157819012,0.0563007751018114,2,3,0
Informed-RRT*,环廊,29,20262932,1,175.375559482812,0.8321122,0.0104562,0,0.8321122,4308,2.68265246238734,0.0127962421908894,NaN,NaN,0
w/o seed shortcutting,环廊,29,20262932,1,175.005883621733,0.6963327,0.0026403,0.0026403,0.6935721,4022,1.89375591085571,0.0503507846457785,2,3,0
w/o ellipse seeding,环廊,29,20262932,1,175.027468178643,0.6432151,0.0057972,0.0057972,0.6372525,4071,2.02859775917281,0.0170062922224439,2,3,0
w/o path-bias sampling,环廊,29,20262932,1,174.792634472019,0.6276675,0.0031419,0.0031419,0.6244153,3801,1.46654712494176,0.126177688079768,2,3,0
w/o dynamic rewiring,环廊,29,20262932,1,175.215449675971,0.7465092,0.0036407,0.0036407,0.7427401,4064,2.75433052299832,0.00420137673356002,2,3,0
AB-IRRT* (full),环廊,29,20262932,1,174.616545491752,0.6840697,0.0035851,0.0035851,0.6803537,3814,1.46109879780333,0.672592662318912,2,3,0
APF-only,环廊,30,20262933,1,235.942780406757,0.0028614,0.0027537,0.0028614,0,NaN,25.1558157819012,0.0563007751018114,2,3,0
Informed-RRT*,环廊,30,20262933,1,176.141476318429,0.7672618,0.0070558,0,0.7672618,4529,2.76669299418759,0.18952535722434,NaN,NaN,0
w/o seed shortcutting,环廊,30,20262933,1,174.466102098622,0.6744229,0.0024247,0.0024247,0.6718424,3878,1.62445833767618,0.171184313734994,2,3,0
w/o ellipse seeding,环廊,30,20262933,1,175.365398983317,0.7225178,0.0038964,0.0038964,0.7184885,4173,2.16892833912969,0.0275745905241358,2,3,0
w/o path-bias sampling,环廊,30,20262933,1,174.933994666868,0.7579666,0.0052934,0.0052934,0.7525182,3788,1.38165608511415,0.167674993363644,2,3,0
w/o dynamic rewiring,环廊,30,20262933,1,176.230058125543,0.8106017,0.0056068,0.0056068,0.804835,3988,3.12755164720245,0.00810946940598534,2,3,0
AB-IRRT* (full),环廊,30,20262933,1,174.612593273535,0.7239565,0.0042454,0.0042454,0.719582,3774,1.86968233271971,0.00374866109614569,2,3,0
APF-only,环廊,31,20262934,1,235.942780406757,0.0043035,0.0041188,0.0043035,0,NaN,25.1558157819012,0.0563007751018114,2,3,0
Informed-RRT*,环廊,31,20262934,1,176.679701539585,0.8383173,0.0095867,0,0.8383173,4494,3.15501332078213,0.255933816334725,NaN,NaN,0
w/o seed shortcutting,环廊,31,20262934,1,174.612731319693,0.670934,0.0036339,0.0036339,0.6671522,3869,1.91872552468283,0.0880225010752387,2,3,0
w/o ellipse seeding,环廊,31,20262934,1,174.941573327091,0.6937514,0.0047963,0.0047963,0.6887972,3995,1.05025676510831,0.384768496779234,2,3,0
w/o path-bias sampling,环廊,31,20262934,1,174.427905437772,0.6711713,0.0041813,0.0041813,0.6668588,3750,1.86867674204242,0.00888976274714715,2,3,0
w/o dynamic rewiring,环廊,31,20262934,1,175.323749049941,0.7338178,0.0031599,0.0031599,0.7305359,4009,2.21371148479339,0.0483038182202122,2,3,0
AB-IRRT* (full),环廊,31,20262934,1,174.365269516325,0.6337839,0.0048306,0.0048306,0.6288011,3780,1.7276561535272,0.0839286089812141,2,3,0
APF-only,环廊,32,20262935,1,235.942780406757,0.0023101,0.0022195,0.0023101,0,NaN,25.1558157819012,0.0563007751018114,2,3,0
Informed-RRT*,环廊,32,20262935,1,176.396588295339,0.7876495,0.011871,0,0.7876495,4501,3.32196231640905,0.090186152572473,NaN,NaN,0
w/o seed shortcutting,环廊,32,20262935,1,174.680277929315,0.6181325,0.0027091,0.0027091,0.6152948,4020,1.64789187758901,0.057869632759636,2,3,0
w/o ellipse seeding,环廊,32,20262935,1,175.339565969485,0.6333951,0.0057221,0.0057221,0.6275182,4255,1.50489005013448,0.373529168540123,2,3,0
w/o path-bias sampling,环廊,32,20262935,1,174.293670367957,0.6365863,0.0037858,0.0037858,0.6326752,3719,1.4028700047568,0.00388187483510194,2,3,0
w/o dynamic rewiring,环廊,32,20262935,1,175.274522646559,0.6853168,0.004159,0.004159,0.6810198,3984,2.29101454972713,0.0169395378296624,2,3,0
AB-IRRT* (full),环廊,32,20262935,1,174.708943857512,0.6672285,0.0038326,0.0038326,0.6632716,3827,1.57660522436868,0.0203636595563941,2,3,0
APF-only,环廊,33,20262936,1,235.942780406757,0.0024602,0.0023768,0.0024602,0,NaN,25.1558157819012,0.0563007751018114,2,3,0
Informed-RRT*,环廊,33,20262936,1,176.437390751996,0.8598921,0.0068628,0,0.8598921,4365,3.53248957958369,0.138773801263165,NaN,NaN,0
w/o seed shortcutting,环廊,33,20262936,1,174.518255055613,0.6957508,0.0036054,0.0036054,0.6919895,3828,1.5251872230473,0.0818179558242838,2,3,0
w/o ellipse seeding,环廊,33,20262936,1,175.46289889825,0.7386883,0.0044503,0.0044503,0.7340981,4094,2.19433248940189,0.0578891401101203,2,3,0
w/o path-bias sampling,环廊,33,20262936,1,174.883608208703,0.6464153,0.0034161,0.0034161,0.6428743,3682,1.89719048819322,0.0603920073627791,2,3,0
w/o dynamic rewiring,环廊,33,20262936,1,175.94246614193,0.7431037,0.0045259,0.0045259,0.7384395,3904,3.16066077103086,0.0807231604731644,2,3,0
AB-IRRT* (full),环廊,33,20262936,1,174.720666746935,0.656566,0.0062265,0.0062265,0.6501683,3712,1.31531268455185,0.00492995946400576,2,3,0
APF-only,环廊,34,20262937,1,235.942780406757,0.0034346,0.0033136,0.0034346,0,NaN,25.1558157819012,0.0563007751018114,2,3,0
Informed-RRT*,环廊,34,20262937,1,178.681388670021,0.8680401,0.0137761,0,0.8680401,4530,3.61716119486066,0.0553520489356192,NaN,NaN,0
w/o seed shortcutting,环廊,34,20262937,1,174.821665015052,0.7265382,0.003788,0.003788,0.7225889,3949,1.50941713355665,0.121968444557277,2,3,0
w/o ellipse seeding,环廊,34,20262937,1,174.858156431442,0.668231,0.0030105,0.0030105,0.6650996,3985,1.83283702096573,0.0408272236777227,2,3,0
w/o path-bias sampling,环廊,34,20262937,1,175.164954545084,0.6774857,0.0044739,0.0044739,0.6728772,3820,2.35570662070226,0.0705989360830319,2,3,0
w/o dynamic rewiring,环廊,34,20262937,1,175.97055760064,0.7203957,0.0029686,0.0029686,0.7173233,3935,3.26731567882554,0.0434312844973999,2,3,0
AB-IRRT* (full),环廊,34,20262937,1,174.554832208497,0.630349,0.0036359,0.0036359,0.6265987,3704,1.39222925010678,0.0402008452731595,2,3,0
APF-only,环廊,35,20262938,1,235.942780406757,0.0025247,0.0024374,0.0025247,0,NaN,25.1558157819012,0.0563007751018114,2,3,0
Informed-RRT*,环廊,35,20262938,1,177.3206595589,0.8048166,0.0114059,0,0.8048166,4460,4.13686064753482,0.0439398732352396,NaN,NaN,0
w/o seed shortcutting,环廊,35,20262938,1,174.761760850278,0.6820279,0.0024894,0.0024894,0.6794019,3990,1.71787281511489,0.065221916542157,2,3,0
w/o ellipse seeding,环廊,35,20262938,1,174.907349858505,0.7043715,0.0046532,0.0046532,0.6995722,4036,1.64668531190154,0.0706472783077281,2,3,0
w/o path-bias sampling,环廊,35,20262938,1,174.76412812297,0.6721586,0.0037182,0.0037182,0.6683169,3906,1.8122010779496,0.327698781020046,2,3,0
w/o dynamic rewiring,环廊,35,20262938,1,176.403786159211,0.7629252,0.0034956,0.0034956,0.7593122,4071,2.83173834875303,0.0776121717863649,2,3,0
AB-IRRT* (full),环廊,35,20262938,1,174.706818971381,0.6886328,0.0032489,0.0032489,0.6852685,3898,1.88673620521325,0.115956746374035,2,3,0
APF-only,环廊,36,20262939,1,235.942780406757,0.0026235,0.0025247,0.0026235,0,NaN,25.1558157819012,0.0563007751018114,2,3,0
Informed-RRT*,环廊,36,20262939,1,176.967900915518,0.8017192,0.0125682,0,0.8017192,4446,3.31906369355241,0.124662477254393,NaN,NaN,0
w/o seed shortcutting,环廊,36,20262939,1,174.402443472085,0.7345588,0.0026472,0.0026472,0.7317872,3973,1.88007866801085,0.00204311355537357,2,3,0
w/o ellipse seeding,环廊,36,20262939,1,174.981786669079,0.7279464,0.0038038,0.0038038,0.7239878,4090,1.85204666624439,0.0552290918205678,2,3,0
w/o path-bias sampling,环廊,36,20262939,1,174.519452281102,0.7350639,0.0046275,0.0046275,0.730288,3828,1.51217340124124,0.14678947086466,2,3,0
w/o dynamic rewiring,环廊,36,20262939,1,175.397348357536,0.8065007,0.0047318,0.0047318,0.8016193,4038,2.50114636690548,0.0783776735136925,2,3,0
AB-IRRT* (full),环廊,36,20262939,1,174.487967784925,0.6976549,0.0047747,0.0047747,0.6926881,3851,1.60993516663761,0.010263604654499,2,3,0
APF-only,环廊,37,20262940,1,235.942780406757,0.0038239,0.0037006,0.0038239,0,NaN,25.1558157819012,0.0563007751018114,2,3,0
Informed-RRT*,环廊,37,20262940,1,176.475370209411,0.8348731,0.0196565,0,0.8348731,4379,3.70002746270501,0.367758969016839,NaN,NaN,0
w/o seed shortcutting,环廊,37,20262940,1,174.75002340863,0.7311977,0.0026499,0.0026499,0.7283989,3988,1.55106966019055,0.122544785710384,2,3,0
w/o ellipse seeding,环廊,37,20262940,1,175.404923391993,0.6683177,0.0049105,0.0049105,0.6632541,4277,1.72569461298948,0.281809000940322,2,3,0
w/o path-bias sampling,环廊,37,20262940,1,174.282047841351,0.6209174,0.0034688,0.0034688,0.6173271,3822,1.3655566166902,0.0390937289424382,2,3,0
w/o dynamic rewiring,环廊,37,20262940,1,175.176295378209,0.7138695,0.0036804,0.0036804,0.7100698,4031,1.95849317737812,0.190594301279267,2,3,0
AB-IRRT* (full),环廊,37,20262940,1,174.398576603042,0.65514,0.0037603,0.0037603,0.651251,3810,1.73591487856602,0.127670739493863,2,3,0
APF-only,环廊,38,20262941,1,235.942780406757,0.0026003,0.0025044,0.0026003,0,NaN,25.1558157819012,0.0563007751018114,2,3,0
Informed-RRT*,环廊,38,20262941,1,177.54344931786,0.7447479,0.0114371,0,0.7447479,4461,3.48129203334278,0.207051929658665,NaN,NaN,0
w/o seed shortcutting,环廊,38,20262941,1,175.313917309848,0.6674934,0.0027915,0.0027915,0.6645736,4115,2.59176776178547,0.188797122907364,2,3,0
w/o ellipse seeding,环廊,38,20262941,1,174.906085161222,0.6514739,0.0030943,0.0030943,0.6482534,3902,1.75845723531817,0.180398868949995,2,3,0
w/o path-bias sampling,环廊,38,20262941,1,174.956253934085,0.6130733,0.0032772,0.0032772,0.6096648,3820,1.58854276786047,0.0610562479406873,2,3,0
w/o dynamic rewiring,环廊,38,20262941,1,176.283447492768,0.7661615,0.0038397,0.0038397,0.7621838,4013,3.54348862755502,0.117788053374339,2,3,0
AB-IRRT* (full),环廊,38,20262941,1,174.642130616289,0.7583304,0.0032681,0.0032681,0.7549348,3755,1.10906510962729,0.115406927090302,2,3,0
APF-only,环廊,39,20262942,1,235.942780406757,0.0031749,0.0030474,0.0031749,0,NaN,25.1558157819012,0.0563007751018114,2,3,0
Informed-RRT*,环廊,39,20262942,1,175.994010580043,0.8776893,0.0119648,0,0.8776893,4259,2.35752139534653,0.44241453373373,NaN,NaN,0
w/o seed shortcutting,环廊,39,20262942,1,175.265526637089,0.7953074,0.0042836,0.0042836,0.7908716,4091,1.93782732714762,0.100214153378992,2,3,0
w/o ellipse seeding,环廊,39,20262942,1,174.877552816031,0.7305496,0.0046749,0.0046749,0.7257243,4130,2.21381077787732,0.00210992786242148,2,3,0
w/o path-bias sampling,环廊,39,20262942,1,174.421222841098,0.6882232,0.0037594,0.0037594,0.6843383,3820,1.42776261990519,0.0341098692477448,2,3,0
w/o dynamic rewiring,环廊,39,20262942,1,176.223208044927,0.8121816,0.0064858,0.0064858,0.8054916,4107,2.53790144862065,0.088273135895296,2,3,0
AB-IRRT* (full),环廊,39,20262942,1,174.984471298666,0.7063032,0.004801,0.004801,0.7013516,3898,1.98198429090121,0.270201129953076,2,3,0
APF-only,环廊,40,20262943,1,235.942780406757,0.003447,0.0033283,0.003447,0,NaN,25.1558157819012,0.0563007751018114,2,3,0
Informed-RRT*,环廊,40,20262943,1,176.971771039188,0.8373231,0.0136896,0,0.8373231,4446,2.77342756749912,0.221535367590778,NaN,NaN,0
w/o seed shortcutting,环廊,40,20262943,1,174.774874206155,0.7112935,0.002769,0.002769,0.7083985,3880,1.69224795982432,0.00339577587801454,2,3,0
w/o ellipse seeding,环廊,40,20262943,1,175.075445434861,0.6624472,0.0052378,0.0052378,0.6570415,4038,1.74053896257175,0.216518619342538,2,3,0
w/o path-bias sampling,环廊,40,20262943,1,174.835532185881,0.6371271,0.0033333,0.0033333,0.6336823,3863,1.39228111988442,0.123931712142513,2,3,0
w/o dynamic rewiring,环廊,40,20262943,1,176.643995496516,0.6914084,0.0039112,0.0039112,0.6873734,4105,4.46716596911233,0.240366071708403,2,3,0
AB-IRRT* (full),环廊,40,20262943,1,175.00387034027,0.6331447,0.0036186,0.0036186,0.6294109,3858,1.43286340214196,0.00950814091415708,2,3,0
APF-only,环廊,41,20262944,1,235.942780406757,0.002446,0.0023486,0.002446,0,NaN,25.1558157819012,0.0563007751018114,2,3,0
Informed-RRT*,环廊,41,20262944,1,176.184236033378,0.8407611,0.0187166,0,0.8407611,4512,3.83888394821397,0.00423983173654285,NaN,NaN,0
w/o seed shortcutting,环廊,41,20262944,1,174.376922303139,0.6688701,0.0026473,0.0026473,0.666105,3932,1.61026818651409,0.233309328908913,2,3,0
w/o ellipse seeding,环廊,41,20262944,1,174.479335247656,0.6872256,0.0037971,0.0037971,0.6832975,3952,1.94069930371812,0.189648855590936,2,3,0
w/o path-bias sampling,环廊,41,20262944,1,174.608547903522,0.7276304,0.0033851,0.0033851,0.7241219,3785,1.97962167564769,0.0606373083376326,2,3,0
w/o dynamic rewiring,环廊,41,20262944,1,175.502104297487,0.818472,0.0047667,0.0047667,0.8135434,3979,2.30914311404903,0.13243402215889,2,3,0
AB-IRRT* (full),环廊,41,20262944,1,174.493479207565,0.6885136,0.0047247,0.0047247,0.6836416,3716,1.90437384944007,0.0528443926062234,2,3,0
APF-only,环廊,42,20262945,1,235.942780406757,0.0032048,0.0030998,0.0032048,0,NaN,25.1558157819012,0.0563007751018114,2,3,0
Informed-RRT*,环廊,42,20262945,1,177.710836258783,0.8200718,0.015584,0,0.8200718,4449,3.77689264059307,0.0232779780234988,NaN,NaN,0
w/o seed shortcutting,环廊,42,20262945,1,175.098105054214,0.7370893,0.0041935,0.0041935,0.7327198,4099,1.5688842410275,0.0294118920450241,2,3,0
w/o ellipse seeding,环廊,42,20262945,1,175.584332773268,0.713154,0.0044616,0.0044616,0.7085471,4174,2.50073744312185,0.190391214212484,2,3,0
w/o path-bias sampling,环廊,42,20262945,1,175.178713777987,0.6787584,0.0056034,0.0056034,0.6729832,3946,1.49285665828683,0.47473918704223,2,3,0
w/o dynamic rewiring,环廊,42,20262945,1,175.665112521794,0.8048568,0.0049823,0.0049823,0.7997115,4082,2.80725335462927,0.233095989611986,2,3,0
AB-IRRT* (full),环廊,42,20262945,1,175.16809727556,0.6626115,0.0041092,0.0041092,0.6583679,3936,1.50525728695333,0.347018354612089,2,3,0
APF-only,环廊,43,20262946,1,235.942780406757,0.0024856,0.0023947,0.0024856,0,NaN,25.1558157819012,0.0563007751018114,2,3,0
Informed-RRT*,环廊,43,20262946,1,176.618209905773,0.7831962,0.0216955,0,0.7831962,4455,2.89981220087348,0.10731124417411,NaN,NaN,0
w/o seed shortcutting,环廊,43,20262946,1,174.046581005233,0.6741037,0.0035199,0.0035199,0.6704428,3979,1.46802111209778,0.109872468526051,2,3,0
w/o ellipse seeding,环廊,43,20262946,1,174.643810431666,0.6717518,0.0042593,0.0042593,0.6673672,4074,1.55906180693048,0.0347866916910995,2,3,0
w/o path-bias sampling,环廊,43,20262946,1,174.680642310589,0.6547959,0.003358,0.003358,0.6513185,3831,2.08457551778748,0.0623240792413284,2,3,0
w/o dynamic rewiring,环廊,43,20262946,1,175.833219995179,0.75621,0.0029183,0.0029183,0.7531745,4022,2.44316287899786,0.195379957891332,2,3,0
AB-IRRT* (full),环廊,43,20262946,1,175.005006517072,0.6340745,0.0039137,0.0039137,0.6300323,3896,1.999815525015,0.376409069098222,2,3,0
APF-only,环廊,44,20262947,1,235.942780406757,0.0024692,0.0023806,0.0024692,0,NaN,25.1558157819012,0.0563007751018114,2,3,0
Informed-RRT*,环廊,44,20262947,1,178.470914480751,0.8254821,0.0071237,0,0.8254821,4529,3.94178799882728,0.395843137512028,NaN,NaN,0
w/o seed shortcutting,环廊,44,20262947,1,174.381493881409,0.7089247,0.0024283,0.0024283,0.7063465,4030,1.68527266359244,0.0497626813665359,2,3,0
w/o ellipse seeding,环廊,44,20262947,1,174.675234707624,0.7169683,0.0050932,0.0050932,0.71172,3989,1.53910652512997,0.0615186775739431,2,3,0
w/o path-bias sampling,环廊,44,20262947,1,174.510276768319,0.7073666,0.0061018,0.0061018,0.7010922,3795,1.87779077793062,0.0293285430619141,2,3,0
w/o dynamic rewiring,环廊,44,20262947,1,175.105598965134,0.8914964,0.0059923,0.0059923,0.8853273,4133,2.27425198043003,0.024971891028903,2,3,0
AB-IRRT* (full),环廊,44,20262947,1,174.811474287237,0.6629581,0.0045835,0.0045835,0.6582364,3830,1.89294942882466,0.22758157296993,2,3,0
APF-only,环廊,45,20262948,1,235.942780406757,0.00237,0.0022756,0.00237,0,NaN,25.1558157819012,0.0563007751018114,2,3,0
Informed-RRT*,环廊,45,20262948,1,180.952488926689,0.8617804,0.011092,0,0.8617804,4453,3.86000391101983,0.0120436752914053,NaN,NaN,0
w/o seed shortcutting,环廊,45,20262948,1,175.811769769264,0.6613513,0.0036311,0.0036311,0.6575681,4190,2.69868127196892,0.0293727290643027,2,3,0
w/o ellipse seeding,环廊,45,20262948,1,175.941688944855,0.6510066,0.0044974,0.0044974,0.6463661,4148,2.60814502137254,0.03410324516953,2,3,0
w/o path-bias sampling,环廊,45,20262948,1,175.475323017465,0.6532438,0.003376,0.003376,0.6497324,3923,2.7104480712957,0.10417150367364,2,3,0
w/o dynamic rewiring,环廊,45,20262948,1,175.689563190947,0.6934035,0.0036033,0.0036033,0.6896833,3984,3.24279784815997,0.0765486400495163,2,3,0
AB-IRRT* (full),环廊,45,20262948,1,174.498970422139,0.6085895,0.0032446,0.0032446,0.6052177,3848,1.37407906720644,0.163728259979743,2,3,0
APF-only,环廊,46,20262949,1,235.942780406757,0.0023243,0.0022363,0.0023243,0,NaN,25.1558157819012,0.0563007751018114,2,3,0
Informed-RRT*,环廊,46,20262949,1,176.225303863524,0.7414841,0.0101233,0,0.7414841,4414,2.6652246656556,0.187931870660062,NaN,NaN,0
w/o seed shortcutting,环廊,46,20262949,1,174.590157319734,0.6413431,0.0036196,0.0036196,0.6375778,3811,2.1038843370129,0.0881700006860191,2,3,0
w/o ellipse seeding,环廊,46,20262949,1,174.625276203604,0.6169286,0.0039497,0.0039497,0.6128596,3862,1.52403903734151,0.0247151459935191,2,3,0
w/o path-bias sampling,环廊,46,20262949,1,175.252697362179,0.6771044,0.0031342,0.0031342,0.6738509,3826,1.67565476068532,0.103289205299635,2,3,0
w/o dynamic rewiring,环廊,46,20262949,1,175.447857608354,0.6819564,0.0036307,0.0036307,0.6782062,3951,2.95648493687817,0.137183032098485,2,3,0
AB-IRRT* (full),环廊,46,20262949,1,174.856116712616,0.5759002,0.0032402,0.0032402,0.5725516,3769,1.88050232334728,0.0763022648776142,2,3,0
APF-only,环廊,47,20262950,1,235.942780406757,0.0027341,0.0026325,0.0027341,0,NaN,25.1558157819012,0.0563007751018114,2,3,0
Informed-RRT*,环廊,47,20262950,1,176.8996741642,0.8008446,0.0143431,0,0.8008446,4406,3.87338067737848,0.384457014543492,NaN,NaN,0
w/o seed shortcutting,环廊,47,20262950,1,174.819502346877,0.6545746,0.003952,0.003952,0.6504816,3850,1.86195709004521,0.278290014734546,2,3,0
w/o ellipse seeding,环廊,47,20262950,1,175.093979306772,0.6942641,0.0044076,0.0044076,0.6896103,4012,1.98406985274488,0.101089030462247,2,3,0
w/o path-bias sampling,环廊,47,20262950,1,174.846327091346,0.6857992,0.0033335,0.0033335,0.6822474,3790,1.78930576263481,0.102487365647256,2,3,0
w/o dynamic rewiring,环廊,47,20262950,1,174.813161040852,0.7327374,0.0043548,0.0043548,0.7282353,3984,1.97603880641105,0.140265020491189,2,3,0
AB-IRRT* (full),环廊,47,20262950,1,174.932074680634,0.7032855,0.0045893,0.0045893,0.6985488,3884,1.67207013653901,0.329862834234244,2,3,0
APF-only,环廊,48,20262951,1,235.942780406757,0.0034361,0.0033216,0.0034361,0,NaN,25.1558157819012,0.0563007751018114,2,3,0
Informed-RRT*,环廊,48,20262951,1,177.16568352923,0.8631834,0.0110259,0,0.8631834,4369,3.58587163234574,0.338138094389279,NaN,NaN,0
w/o seed shortcutting,环廊,48,20262951,1,174.436589923671,0.6821972,0.0024531,0.0024531,0.6796225,3927,1.51888623112227,0.0437596967398841,2,3,0
w/o ellipse seeding,环廊,48,20262951,1,174.448811136622,0.6918738,0.0046529,0.0046529,0.6870636,3968,1.57492066481673,0.0797857741081307,2,3,0
w/o path-bias sampling,环廊,48,20262951,1,174.633663888735,0.6505779,0.003127,0.003127,0.6473389,3749,1.81059492412029,0.105297633816253,2,3,0
w/o dynamic rewiring,环廊,48,20262951,1,174.975128800971,0.7064538,0.0063229,0.0063229,0.6999517,3969,2.22103421858933,0.10939025732676,2,3,0
AB-IRRT* (full),环廊,48,20262951,1,174.068911739406,0.589089,0.0033654,0.0033654,0.5856039,3729,1.27460623644653,0.143150415632498,2,3,0
APF-only,环廊,49,20262952,1,235.942780406757,0.002705,0.0026048,0.002705,0,NaN,25.1558157819012,0.0563007751018114,2,3,0
Informed-RRT*,环廊,49,20262952,1,202.951498126824,0.583249,0.0103641,0,0.583249,4094,7.69923101802411,0.309882799928787,NaN,NaN,0
w/o seed shortcutting,环廊,49,20262952,1,174.727626026756,0.6413954,0.0026191,0.0026191,0.6386498,4051,2.05285971087614,0.00731892362360576,2,3,0
w/o ellipse seeding,环廊,49,20262952,1,174.856074507076,0.7101041,0.0034491,0.0034491,0.7065319,4060,1.59324931752289,0.0644009271678856,2,3,0
w/o path-bias sampling,环廊,49,20262952,1,174.391192297351,0.6472006,0.0037455,0.0037455,0.6433279,3758,1.30243634276695,0.099902887049713,2,3,0
w/o dynamic rewiring,环廊,49,20262952,1,175.037374683419,0.723962,0.0048755,0.0048755,0.7189395,4038,2.19493732117105,0.0955745189886903,2,3,0
AB-IRRT* (full),环廊,49,20262952,1,174.262868481444,0.6482238,0.0029279,0.0029279,0.6451788,3835,1.50098215405172,0.0409201160927628,2,3,0
APF-only,环廊,50,20262953,1,235.942780406757,0.0026867,0.0025897,0.0026867,0,NaN,25.1558157819012,0.0563007751018114,2,3,0
Informed-RRT*,环廊,50,20262953,1,175.815579747448,0.8748689,0.0141274,0,0.8748689,4296,2.76293766364073,0.00657970707923816,NaN,NaN,0
w/o seed shortcutting,环廊,50,20262953,1,174.595253276119,0.7112281,0.0033377,0.0033377,0.7077523,3963,2.05207996695638,0.0357297101940715,2,3,0
w/o ellipse seeding,环廊,50,20262953,1,174.602723736277,0.6977456,0.0041154,0.0041154,0.6934751,3953,1.55059449571798,0.178395613620095,2,3,0
w/o path-bias sampling,环廊,50,20262953,1,174.328842617024,0.7015871,0.0041201,0.0041201,0.6973353,3735,1.83390585986714,0.158775662464278,2,3,0
w/o dynamic rewiring,环廊,50,20262953,1,174.915707893293,0.7739968,0.0031604,0.0031604,0.7707195,4027,2.36614805325004,0.0264520657765122,2,3,0
AB-IRRT* (full),环廊,50,20262953,1,174.457908682424,0.6832681,0.0058914,0.0058914,0.6772139,3758,1.95889677035074,0.10115299649024,2,3,0
