dim,scenario,seed,margin,reactiveOK,fallback,kind,iters,escapes,sideFlips,cycles,time,length
2d,一般,20261901,0,1,0,reactive,52,1,5,5,0.1203,231.428
2d,一般,20261902,0,1,0,reactive,52,1,5,5,0.0081,231.428
2d,一般,20261903,0,1,0,reactive,52,1,5,5,0.0039,231.428
2d,一般,20261904,0,1,0,reactive,52,1,5,5,0.0074,231.428
2d,一般,20261905,0,1,0,reactive,52,1,5,5,0.0103,231.428
2d,一般,20261906,0,1,0,reactive,52,1,5,5,0.0041,231.428
2d,一般,20261907,0,1,0,reactive,52,1,5,5,0.0026,231.428
2d,一般,20261908,0,1,0,reactive,52,1,5,5,0.0021,231.428
2d,一般,20261909,0,1,0,reactive,52,1,5,5,0.0025,231.428
2d,一般,20261910,0,1,0,reactive,52,1,5,5,0.0020,231.428
2d,一般,20261911,0,1,0,reactive,52,1,5,5,0.0024,231.428
2d,一般,20261912,0,1,0,reactive,52,1,5,5,0.0022,231.428
2d,一般,20261913,0,1,0,reactive,52,1,5,5,0.0015,231.428
2d,一般,20261914,0,1,0,reactive,52,1,5,5,0.0017,231.428
2d,一般,20261915,0,1,0,reactive,52,1,5,5,0.0027,231.428
2d,一般,20261916,0,1,0,reactive,52,1,5,5,0.0013,231.428
2d,一般,20261917,0,1,0,reactive,52,1,5,5,0.0017,231.428
2d,一般,20261918,0,1,0,reactive,52,1,5,5,0.0018,231.428
2d,一般,20261919,0,1,0,reactive,52,1,5,5,0.0016,231.428
2d,一般,20261920,0,1,0,reactive,52,1,5,5,0.0028,231.428
2d,狭窄,20261901,0,0,1,rrt-connect,4,1,9,7,0.0802,264.985
2d,狭窄,20261902,0,0,1,rrt-connect,2,1,9,7,0.0336,256.084
2d,狭窄,20261903,0,0,1,rrt-connect,3,1,9,7,0.0260,250.287
2d,狭窄,20261904,0,0,1,rrt-connect,6,1,9,7,0.0147,224.870
2d,狭窄,20261905,0,0,1,rrt-connect,4,1,9,7,0.0165,251.331
2d,狭窄,20261906,0,0,1,rrt-connect,3,1,9,7,0.0115,254.512
2d,狭窄,20261907,0,0,1,rrt-connect,3,1,9,7,0.0336,264.074
2d,狭窄,20261908,0,0,1,rrt-connect,3,1,9,7,0.0181,251.417
2d,狭窄,20261909,0,0,1,rrt-connect,3,1,9,7,0.0776,256.851
2d,狭窄,20261910,0,0,1,rrt-connect,6,1,9,7,0.0075,217.333
2d,狭窄,20261911,0,0,1,rrt-connect,5,1,9,7,0.0101,228.380
2d,狭窄,20261912,0,0,1,rrt-connect,6,1,9,7,0.0069,217.745
2d,狭窄,20261913,0,0,1,rrt-connect,2,1,9,7,0.0061,250.998
2d,狭窄,20261914,0,0,1,rrt-connect,4,1,9,7,0.0172,239.566
2d,狭窄,20261915,0,0,1,rrt-connect,4,1,9,7,0.0132,260.671
2d,狭窄,20261916,0,0,1,rrt-connect,6,1,9,7,0.0094,216.968
2d,狭窄,20261917,0,0,1,rrt-connect,5,1,9,7,0.0209,217.916
2d,狭窄,20261918,0,0,1,rrt-connect,5,1,9,7,0.0126,219.763
2d,狭窄,20261919,0,0,1,rrt-connect,4,1,9,7,0.0085,226.399
2d,狭窄,20261920,0,0,1,rrt-connect,3,1,9,7,0.0113,257.539
2d,广阔,20261901,0,1,0,reactive,72,1,8,8,0.0041,305.468
2d,广阔,20261902,0,1,0,reactive,72,1,8,8,0.0019,305.468
2d,广阔,20261903,0,1,0,reactive,72,1,8,8,0.0024,305.468
2d,广阔,20261904,0,1,0,reactive,72,1,8,8,0.0019,305.468
2d,广阔,20261905,0,1,0,reactive,72,1,8,8,0.0020,305.468
2d,广阔,20261906,0,1,0,reactive,72,1,8,8,0.0019,305.468
2d,广阔,20261907,0,1,0,reactive,72,1,8,8,0.0018,305.468
2d,广阔,20261908,0,1,0,reactive,72,1,8,8,0.0018,305.468
2d,广阔,20261909,0,1,0,reactive,72,1,8,8,0.0018,305.468
2d,广阔,20261910,0,1,0,reactive,72,1,8,8,0.0018,305.468
2d,广阔,20261911,0,1,0,reactive,72,1,8,8,0.0028,305.468
2d,广阔,20261912,0,1,0,reactive,72,1,8,8,0.0075,305.468
2d,广阔,20261913,0,1,0,reactive,72,1,8,8,0.0071,305.468
2d,广阔,20261914,0,1,0,reactive,72,1,8,8,0.0067,305.468
2d,广阔,20261915,0,1,0,reactive,72,1,8,8,0.0069,305.468
2d,广阔,20261916,0,1,0,reactive,72,1,8,8,0.0021,305.468
2d,广阔,20261917,0,1,0,reactive,72,1,8,8,0.0018,305.468
2d,广阔,20261918,0,1,0,reactive,72,1,8,8,0.0018,305.468
2d,广阔,20261919,0,1,0,reactive,72,1,8,8,0.0018,305.468
2d,广阔,20261920,0,1,0,reactive,72,1,8,8,0.0018,305.468
3d,一般,20261901,0,1,0,reactive,118,5,11,11,0.1274,716.427
3d,一般,20261902,0,1,0,reactive,118,5,11,11,0.0473,716.427
3d,一般,20261903,0,1,0,reactive,118,5,11,11,0.0370,716.427
3d,一般,20261904,0,1,0,reactive,118,5,11,11,0.0176,716.427
3d,一般,20261905,0,1,0,reactive,118,5,11,11,0.0479,716.427
3d,一般,20261906,0,1,0,reactive,118,5,11,11,0.0166,716.427
3d,一般,20261907,0,1,0,reactive,118,5,11,11,0.0161,716.427
3d,一般,20261908,0,1,0,reactive,118,5,11,11,0.0191,716.427
3d,一般,20261909,0,1,0,reactive,118,5,11,11,0.0173,716.427
3d,一般,20261910,0,1,0,reactive,118,5,11,11,0.0148,716.427
3d,一般,20261911,0,1,0,reactive,118,5,11,11,0.0174,716.427
3d,一般,20261912,0,1,0,reactive,118,5,11,11,0.0286,716.427
3d,一般,20261913,0,1,0,reactive,118,5,11,11,0.0322,716.427
3d,一般,20261914,0,1,0,reactive,118,5,11,11,0.0132,716.427
3d,一般,20261915,0,1,0,reactive,118,5,11,11,0.0219,716.427
3d,一般,20261916,0,1,0,reactive,118,5,11,11,0.0363,716.427
3d,一般,20261917,0,1,0,reactive,118,5,11,11,0.0247,716.427
3d,一般,20261918,0,1,0,reactive,118,5,11,11,0.0177,716.427
3d,一般,20261919,0,1,0,reactive,118,5,11,11,0.0268,716.427
3d,一般,20261920,0,1,0,reactive,118,5,11,11,0.0355,716.427
3d,狭窄,20261901,0,1,0,reactive,54,0,6,6,0.0091,357.058
3d,狭窄,20261902,0,1,0,reactive,54,0,6,6,0.0088,357.058
3d,狭窄,20261903,0,1,0,reactive,54,0,6,6,0.0055,357.058
3d,狭窄,20261904,0,1,0,reactive,54,0,6,6,0.0048,357.058
3d,狭窄,20261905,0,1,0,reactive,54,0,6,6,0.0093,357.058
3d,狭窄,20261906,0,1,0,reactive,54,0,6,6,0.0100,357.058
3d,狭窄,20261907,0,1,0,reactive,54,0,6,6,0.0057,357.058
3d,狭窄,20261908,0,1,0,reactive,54,0,6,6,0.0079,357.058
3d,狭窄,20261909,0,1,0,reactive,54,0,6,6,0.0114,357.058
3d,狭窄,20261910,0,1,0,reactive,54,0,6,6,0.0044,357.058
3d,狭窄,20261911,0,1,0,reactive,54,0,6,6,0.0044,357.058
3d,狭窄,20261912,0,1,0,reactive,54,0,6,6,0.0052,357.058
3d,狭窄,20261913,0,1,0,reactive,54,0,6,6,0.0099,357.058
3d,狭窄,20261914,0,1,0,reactive,54,0,6,6,0.0051,357.058
3d,狭窄,20261915,0,1,0,reactive,54,0,6,6,0.0042,357.058
3d,狭窄,20261916,0,1,0,reactive,54,0,6,6,0.0042,357.058
3d,狭窄,20261917,0,1,0,reactive,54,0,6,6,0.0044,357.058
3d,狭窄,20261918,0,1,0,reactive,54,0,6,6,0.0057,357.058
3d,狭窄,20261919,0,1,0,reactive,54,0,6,6,0.0075,357.058
3d,狭窄,20261920,0,1,0,reactive,54,0,6,6,0.0125,357.058
3d,悬空,20261901,0,1,0,reactive,54,1,8,8,0.0092,372.304
3d,悬空,20261902,0,1,0,reactive,54,1,8,8,0.0086,372.304
3d,悬空,20261903,0,1,0,reactive,54,1,8,8,0.0075,372.304
3d,悬空,20261904,0,1,0,reactive,54,1,8,8,0.0080,372.304
3d,悬空,20261905,0,1,0,reactive,54,1,8,8,0.0048,372.304
3d,悬空,20261906,0,1,0,reactive,54,1,8,8,0.0041,372.304
3d,悬空,20261907,0,1,0,reactive,54,1,8,8,0.0089,372.304
3d,悬空,20261908,0,1,0,reactive,54,1,8,8,0.0104,372.304
3d,悬空,20261909,0,1,0,reactive,54,1,8,8,0.0067,372.304
3d,悬空,20261910,0,1,0,reactive,54,1,8,8,0.0082,372.304
3d,悬空,20261911,0,1,0,reactive,54,1,8,8,0.0058,372.304
3d,悬空,20261912,0,1,0,reactive,54,1,8,8,0.0041,372.304
3d,悬空,20261913,0,1,0,reactive,54,1,8,8,0.0034,372.304
3d,悬空,20261914,0,1,0,reactive,54,1,8,8,0.0035,372.304
3d,悬空,20261915,0,1,0,reactive,54,1,8,8,0.0045,372.304
3d,悬空,20261916,0,1,0,reactive,54,1,8,8,0.0054,372.304
3d,悬空,20261917,0,1,0,reactive,54,1,8,8,0.0048,372.304
3d,悬空,20261918,0,1,0,reactive,54,1,8,8,0.0057,372.304
3d,悬空,20261919,0,1,0,reactive,54,1,8,8,0.0078,372.304
3d,悬空,20261920,0,1,0,reactive,54,1,8,8,0.0032,372.304
3d,环廊,20261901,0,1,0,reactive,40,2,3,3,0.0079,243.383
3d,环廊,20261902,0,1,0,reactive,40,2,3,3,0.0033,243.383
3d,环廊,20261903,0,1,0,reactive,40,2,3,3,0.0026,243.383
3d,环廊,20261904,0,1,0,reactive,40,2,3,3,0.0030,243.383
3d,环廊,20261905,0,1,0,reactive,40,2,3,3,0.0071,243.383
3d,环廊,20261906,0,1,0,reactive,40,2,3,3,0.0026,243.383
3d,环廊,20261907,0,1,0,reactive,40,2,3,3,0.0027,243.383
3d,环廊,20261908,0,1,0,reactive,40,2,3,3,0.0027,243.383
3d,环廊,20261909,0,1,0,reactive,40,2,3,3,0.0029,243.383
3d,环廊,20261910,0,1,0,reactive,40,2,3,3,0.0068,243.383
3d,环廊,20261911,0,1,0,reactive,40,2,3,3,0.0044,243.383
3d,环廊,20261912,0,1,0,reactive,40,2,3,3,0.0035,243.383
3d,环廊,20261913,0,1,0,reactive,40,2,3,3,0.0100,243.383
3d,环廊,20261914,0,1,0,reactive,40,2,3,3,0.0083,243.383
3d,环廊,20261915,0,1,0,reactive,40,2,3,3,0.0036,243.383
3d,环廊,20261916,0,1,0,reactive,40,2,3,3,0.0030,243.383
3d,环廊,20261917,0,1,0,reactive,40,2,3,3,0.0031,243.383
3d,环廊,20261918,0,1,0,reactive,40,2,3,3,0.0049,243.383
3d,环廊,20261919,0,1,0,reactive,40,2,3,3,0.0070,243.383
3d,环廊,20261920,0,1,0,reactive,40,2,3,3,0.0049,243.383
3d,悬挑,20261901,0,0,1,rrt-connect,3,0,5,5,0.2317,249.979
3d,悬挑,20261902,0,0,1,rrt-connect,3,0,5,5,0.2586,250.133
3d,悬挑,20261903,0,0,1,rrt-connect,3,0,5,5,0.2480,251.577
3d,悬挑,20261904,0,0,1,rrt-connect,3,0,5,5,0.1942,249.886
3d,悬挑,20261905,0,0,1,rrt-connect,4,0,5,5,0.2268,251.746
3d,悬挑,20261906,0,0,1,rrt-connect,3,0,5,5,0.1886,252.200
3d,悬挑,20261907,0,0,1,rrt-connect,4,0,5,5,0.1975,250.932
3d,悬挑,20261908,0,0,1,rrt-connect,4,0,5,5,0.2109,251.185
3d,悬挑,20261909,0,0,1,rrt-connect,4,0,5,5,0.2014,250.527
3d,悬挑,20261910,0,0,1,rrt-connect,3,0,5,5,0.1676,250.631
3d,悬挑,20261911,0,0,1,rrt-connect,3,0,5,5,0.1651,253.584
3d,悬挑,20261912,0,0,1,rrt-connect,3,0,5,5,0.2533,249.967
3d,悬挑,20261913,0,0,1,rrt-connect,3,0,5,5,0.1811,249.390
3d,悬挑,20261914,0,0,1,rrt-connect,3,0,5,5,0.1507,250.688
3d,悬挑,20261915,0,0,1,rrt-connect,3,0,5,5,0.1516,250.036
3d,悬挑,20261916,0,0,1,rrt-connect,4,0,5,5,0.1286,252.200
3d,悬挑,20261917,0,0,1,rrt-connect,3,0,5,5,0.1673,250.626
3d,悬挑,20261918,0,0,1,rrt-connect,2,0,5,5,0.1544,251.011
3d,悬挑,20261919,0,0,1,rrt-connect,3,0,5,5,0.1531,249.913
3d,悬挑,20261920,0,0,1,rrt-connect,3,0,5,5,0.1373,253.439
2d,一般,20261901,0.25,1,0,reactiveOnly,52,1,5,5,0.0015,231.428
2d,一般,20261902,0.25,1,0,reactiveOnly,52,1,5,5,0.0013,231.428
2d,一般,20261903,0.25,1,0,reactiveOnly,52,1,5,5,0.0012,231.428
2d,一般,20261904,0.25,1,0,reactiveOnly,52,1,5,5,0.0016,231.428
2d,一般,20261905,0.25,1,0,reactiveOnly,52,1,5,5,0.0016,231.428
2d,一般,20261906,0.25,1,0,reactiveOnly,52,1,5,5,0.0027,231.428
2d,一般,20261907,0.25,1,0,reactiveOnly,52,1,5,5,0.0032,231.428
2d,一般,20261908,0.25,1,0,reactiveOnly,52,1,5,5,0.0055,231.428
2d,一般,20261909,0.25,1,0,reactiveOnly,52,1,5,5,0.0053,231.428
2d,一般,20261910,0.25,1,0,reactiveOnly,52,1,5,5,0.0051,231.428
2d,狭窄,20261901,0.25,0,0,reactiveOnly,74,2,9,8,0.0038,NaN
2d,狭窄,20261902,0.25,0,0,reactiveOnly,74,2,9,8,0.0019,NaN
2d,狭窄,20261903,0.25,0,0,reactiveOnly,74,2,9,8,0.0019,NaN
2d,狭窄,20261904,0.25,0,0,reactiveOnly,74,2,9,8,0.0019,NaN
2d,狭窄,20261905,0.25,0,0,reactiveOnly,74,2,9,8,0.0021,NaN
2d,狭窄,20261906,0.25,0,0,reactiveOnly,74,2,9,8,0.0021,NaN
2d,狭窄,20261907,0.25,0,0,reactiveOnly,74,2,9,8,0.0031,NaN
2d,狭窄,20261908,0.25,0,0,reactiveOnly,74,2,9,8,0.0023,NaN
2d,狭窄,20261909,0.25,0,0,reactiveOnly,74,2,9,8,0.0020,NaN
2d,狭窄,20261910,0.25,0,0,reactiveOnly,74,2,9,8,0.0023,NaN
2d,广阔,20261901,0.25,1,0,reactiveOnly,63,1,2,2,0.0015,266.810
2d,广阔,20261902,0.25,1,0,reactiveOnly,63,1,2,2,0.0017,266.810
2d,广阔,20261903,0.25,1,0,reactiveOnly,63,1,2,2,0.0019,266.810
2d,广阔,20261904,0.25,1,0,reactiveOnly,63,1,2,2,0.0015,266.810
2d,广阔,20261905,0.25,1,0,reactiveOnly,63,1,2,2,0.0020,266.810
2d,广阔,20261906,0.25,1,0,reactiveOnly,63,1,2,2,0.0020,266.810
2d,广阔,20261907,0.25,1,0,reactiveOnly,63,1,2,2,0.0024,266.810
2d,广阔,20261908,0.25,1,0,reactiveOnly,63,1,2,2,0.0024,266.810
2d,广阔,20261909,0.25,1,0,reactiveOnly,63,1,2,2,0.0024,266.810
2d,广阔,20261910,0.25,1,0,reactiveOnly,63,1,2,2,0.0026,266.810
3d,一般,20261901,0.25,0,0,reactiveOnly,91,3,13,13,0.0095,NaN
3d,一般,20261902,0.25,0,0,reactiveOnly,91,3,13,13,0.0117,NaN
3d,一般,20261903,0.25,0,0,reactiveOnly,91,3,13,13,0.0094,NaN
3d,一般,20261904,0.25,0,0,reactiveOnly,91,3,13,13,0.0095,NaN
3d,一般,20261905,0.25,0,0,reactiveOnly,91,3,13,13,0.0107,NaN
3d,一般,20261906,0.25,0,0,reactiveOnly,91,3,13,13,0.0144,NaN
3d,一般,20261907,0.25,0,0,reactiveOnly,91,3,13,13,0.0158,NaN
3d,一般,20261908,0.25,0,0,reactiveOnly,91,3,13,13,0.0155,NaN
3d,一般,20261909,0.25,0,0,reactiveOnly,91,3,13,13,0.0115,NaN
3d,一般,20261910,0.25,0,0,reactiveOnly,91,3,13,13,0.0096,NaN
3d,狭窄,20261901,0.25,1,0,reactiveOnly,53,1,6,6,0.0057,350.509
3d,狭窄,20261902,0.25,1,0,reactiveOnly,53,1,6,6,0.0052,350.509
3d,狭窄,20261903,0.25,1,0,reactiveOnly,53,1,6,6,0.0046,350.509
3d,狭窄,20261904,0.25,1,0,reactiveOnly,53,1,6,6,0.0042,350.509
3d,狭窄,20261905,0.25,1,0,reactiveOnly,53,1,6,6,0.0041,350.509
3d,狭窄,20261906,0.25,1,0,reactiveOnly,53,1,6,6,0.0048,350.509
3d,狭窄,20261907,0.25,1,0,reactiveOnly,53,1,6,6,0.0056,350.509
3d,狭窄,20261908,0.25,1,0,reactiveOnly,53,1,6,6,0.0053,350.509
3d,狭窄,20261909,0.25,1,0,reactiveOnly,53,1,6,6,0.0098,350.509
3d,狭窄,20261910,0.25,1,0,reactiveOnly,53,1,6,6,0.0043,350.509
3d,悬空,20261901,0.25,0,0,reactiveOnly,2500,0,10,10,0.1727,NaN
3d,悬空,20261902,0.25,0,0,reactiveOnly,2500,0,10,10,0.1684,NaN
3d,悬空,20261903,0.25,0,0,reactiveOnly,2500,0,10,10,0.1661,NaN
3d,悬空,20261904,0.25,0,0,reactiveOnly,2500,0,10,10,0.1831,NaN
3d,悬空,20261905,0.25,0,0,reactiveOnly,2500,0,10,10,0.1734,NaN
3d,悬空,20261906,0.25,0,0,reactiveOnly,2500,0,10,10,0.1541,NaN
3d,悬空,20261907,0.25,0,0,reactiveOnly,2500,0,10,10,0.1565,NaN
3d,悬空,20261908,0.25,0,0,reactiveOnly,2500,0,10,10,0.1759,NaN
3d,悬空,20261909,0.25,0,0,reactiveOnly,2500,0,10,10,0.1699,NaN
3d,悬空,20261910,0.25,0,0,reactiveOnly,2500,0,10,10,0.1725,NaN
3d,环廊,20261901,0.25,1,0,reactiveOnly,51,0,6,6,0.0046,303.239
3d,环廊,20261902,0.25,1,0,reactiveOnly,51,0,6,6,0.0037,303.239
3d,环廊,20261903,0.25,1,0,reactiveOnly,51,0,6,6,0.0047,303.239
3d,环廊,20261904,0.25,1,0,reactiveOnly,51,0,6,6,0.0049,303.239
3d,环廊,20261905,0.25,1,0,reactiveOnly,51,0,6,6,0.0079,303.239
3d,环廊,20261906,0.25,1,0,reactiveOnly,51,0,6,6,0.0072,303.239
3d,环廊,20261907,0.25,1,0,reactiveOnly,51,0,6,6,0.0052,303.239
3d,环廊,20261908,0.25,1,0,reactiveOnly,51,0,6,6,0.0067,303.239
3d,环廊,20261909,0.25,1,0,reactiveOnly,51,0,6,6,0.0085,303.239
3d,环廊,20261910,0.25,1,0,reactiveOnly,51,0,6,6,0.0078,303.239
3d,悬挑,20261901,0.25,1,0,reactiveOnly,49,0,3,3,0.0029,318.260
3d,悬挑,20261902,0.25,1,0,reactiveOnly,49,0,3,3,0.0056,318.260
3d,悬挑,20261903,0.25,1,0,reactiveOnly,49,0,3,3,0.0028,318.260
3d,悬挑,20261904,0.25,1,0,reactiveOnly,49,0,3,3,0.0026,318.260
3d,悬挑,20261905,0.25,1,0,reactiveOnly,49,0,3,3,0.0026,318.260
3d,悬挑,20261906,0.25,1,0,reactiveOnly,49,0,3,3,0.0058,318.260
3d,悬挑,20261907,0.25,1,0,reactiveOnly,49,0,3,3,0.0076,318.260
3d,悬挑,20261908,0.25,1,0,reactiveOnly,49,0,3,3,0.0034,318.260
3d,悬挑,20261909,0.25,1,0,reactiveOnly,49,0,3,3,0.0025,318.260
3d,悬挑,20261910,0.25,1,0,reactiveOnly,49,0,3,3,0.0026,318.260
2d,一般,20261901,0.50,1,0,reactiveOnly,52,1,4,4,0.0014,231.346
2d,一般,20261902,0.50,1,0,reactiveOnly,52,1,4,4,0.0017,231.346
2d,一般,20261903,0.50,1,0,reactiveOnly,52,1,4,4,0.0014,231.346
2d,一般,20261904,0.50,1,0,reactiveOnly,52,1,4,4,0.0013,231.346
2d,一般,20261905,0.50,1,0,reactiveOnly,52,1,4,4,0.0016,231.346
2d,一般,20261906,0.50,1,0,reactiveOnly,52,1,4,4,0.0012,231.346
2d,一般,20261907,0.50,1,0,reactiveOnly,52,1,4,4,0.0012,231.346
2d,一般,20261908,0.50,1,0,reactiveOnly,52,1,4,4,0.0012,231.346
2d,一般,20261909,0.50,1,0,reactiveOnly,52,1,4,4,0.0014,231.346
2d,一般,20261910,0.50,1,0,reactiveOnly,52,1,4,4,0.0014,231.346
2d,狭窄,20261901,0.50,0,0,reactiveOnly,63,1,9,8,0.0025,NaN
2d,狭窄,20261902,0.50,0,0,reactiveOnly,63,1,9,8,0.0027,NaN
2d,狭窄,20261903,0.50,0,0,reactiveOnly,63,1,9,8,0.0030,NaN
2d,狭窄,20261904,0.50,0,0,reactiveOnly,63,1,9,8,0.0039,NaN
2d,狭窄,20261905,0.50,0,0,reactiveOnly,63,1,9,8,0.0034,NaN
2d,狭窄,20261906,0.50,0,0,reactiveOnly,63,1,9,8,0.0027,NaN
2d,狭窄,20261907,0.50,0,0,reactiveOnly,63,1,9,8,0.0041,NaN
2d,狭窄,20261908,0.50,0,0,reactiveOnly,63,1,9,8,0.0041,NaN
2d,狭窄,20261909,0.50,0,0,reactiveOnly,63,1,9,8,0.0034,NaN
2d,狭窄,20261910,0.50,0,0,reactiveOnly,63,1,9,8,0.0063,NaN
2d,广阔,20261901,0.50,1,0,reactiveOnly,62,1,4,4,0.0016,261.236
2d,广阔,20261902,0.50,1,0,reactiveOnly,62,1,4,4,0.0016,261.236
2d,广阔,20261903,0.50,1,0,reactiveOnly,62,1,4,4,0.0016,261.236
2d,广阔,20261904,0.50,1,0,reactiveOnly,62,1,4,4,0.0016,261.236
2d,广阔,20261905,0.50,1,0,reactiveOnly,62,1,4,4,0.0016,261.236
2d,广阔,20261906,0.50,1,0,reactiveOnly,62,1,4,4,0.0015,261.236
2d,广阔,20261907,0.50,1,0,reactiveOnly,62,1,4,4,0.0016,261.236
2d,广阔,20261908,0.50,1,0,reactiveOnly,62,1,4,4,0.0013,261.236
2d,广阔,20261909,0.50,1,0,reactiveOnly,62,1,4,4,0.0014,261.236
2d,广阔,20261910,0.50,1,0,reactiveOnly,62,1,4,4,0.0019,261.236
3d,一般,20261901,0.50,0,0,reactiveOnly,100,5,13,13,0.0168,NaN
3d,一般,20261902,0.50,0,0,reactiveOnly,100,5,13,13,0.0204,NaN
3d,一般,20261903,0.50,0,0,reactiveOnly,100,5,13,13,0.0201,NaN
3d,一般,20261904,0.50,0,0,reactiveOnly,100,5,13,13,0.0101,NaN
3d,一般,20261905,0.50,0,0,reactiveOnly,100,5,13,13,0.0124,NaN
3d,一般,20261906,0.50,0,0,reactiveOnly,100,5,13,13,0.0187,NaN
3d,一般,20261907,0.50,0,0,reactiveOnly,100,5,13,13,0.0108,NaN
3d,一般,20261908,0.50,0,0,reactiveOnly,100,5,13,13,0.0111,NaN
3d,一般,20261909,0.50,0,0,reactiveOnly,100,5,13,13,0.0106,NaN
3d,一般,20261910,0.50,0,0,reactiveOnly,100,5,13,13,0.0141,NaN
3d,狭窄,20261901,0.50,1,0,reactiveOnly,52,1,8,8,0.0038,341.292
3d,狭窄,20261902,0.50,1,0,reactiveOnly,52,1,8,8,0.0049,341.292
3d,狭窄,20261903,0.50,1,0,reactiveOnly,52,1,8,8,0.0038,341.292
3d,狭窄,20261904,0.50,1,0,reactiveOnly,52,1,8,8,0.0057,341.292
3d,狭窄,20261905,0.50,1,0,reactiveOnly,52,1,8,8,0.0052,341.292
3d,狭窄,20261906,0.50,1,0,reactiveOnly,52,1,8,8,0.0040,341.292
3d,狭窄,20261907,0.50,1,0,reactiveOnly,52,1,8,8,0.0033,341.292
3d,狭窄,20261908,0.50,1,0,reactiveOnly,52,1,8,8,0.0051,341.292
3d,狭窄,20261909,0.50,1,0,reactiveOnly,52,1,8,8,0.0051,341.292
3d,狭窄,20261910,0.50,1,0,reactiveOnly,52,1,8,8,0.0047,341.292
3d,悬空,20261901,0.50,1,0,reactiveOnly,44,0,5,5,0.0059,315.128
3d,悬空,20261902,0.50,1,0,reactiveOnly,44,0,5,5,0.0060,315.128
3d,悬空,20261903,0.50,1,0,reactiveOnly,44,0,5,5,0.0032,315.128
3d,悬空,20261904,0.50,1,0,reactiveOnly,44,0,5,5,0.0023,315.128
3d,悬空,20261905,0.50,1,0,reactiveOnly,44,0,5,5,0.0023,315.128
3d,悬空,20261906,0.50,1,0,reactiveOnly,44,0,5,5,0.0050,315.128
3d,悬空,20261907,0.50,1,0,reactiveOnly,44,0,5,5,0.0034,315.128
3d,悬空,20261908,0.50,1,0,reactiveOnly,44,0,5,5,0.0063,315.128
3d,悬空,20261909,0.50,1,0,reactiveOnly,44,0,5,5,0.0032,315.128
3d,悬空,20261910,0.50,1,0,reactiveOnly,44,0,5,5,0.0027,315.128
3d,环廊,20261901,0.50,1,0,reactiveOnly,45,0,5,5,0.0062,273.754
3d,环廊,20261902,0.50,1,0,reactiveOnly,45,0,5,5,0.0068,273.754
3d,环廊,20261903,0.50,1,0,reactiveOnly,45,0,5,5,0.0098,273.754
3d,环廊,20261904,0.50,1,0,reactiveOnly,45,0,5,5,0.0091,273.754
3d,环廊,20261905,0.50,1,0,reactiveOnly,45,0,5,5,0.0080,273.754
3d,环廊,20261906,0.50,1,0,reactiveOnly,45,0,5,5,0.0055,273.754
3d,环廊,20261907,0.50,1,0,reactiveOnly,45,0,5,5,0.0057,273.754
3d,环廊,20261908,0.50,1,0,reactiveOnly,45,0,5,5,0.0043,273.754
3d,环廊,20261909,0.50,1,0,reactiveOnly,45,0,5,5,0.0038,273.754
3d,环廊,20261910,0.50,1,0,reactiveOnly,45,0,5,5,0.0039,273.754
3d,悬挑,20261901,0.50,0,0,reactiveOnly,2500,1,2,2,0.1769,NaN
3d,悬挑,20261902,0.50,0,0,reactiveOnly,2500,1,2,2,0.1380,NaN
3d,悬挑,20261903,0.50,0,0,reactiveOnly,2500,1,2,2,0.1493,NaN
3d,悬挑,20261904,0.50,0,0,reactiveOnly,2500,1,2,2,0.1949,NaN
3d,悬挑,20261905,0.50,0,0,reactiveOnly,2500,1,2,2,0.1649,NaN
3d,悬挑,20261906,0.50,0,0,reactiveOnly,2500,1,2,2,0.1395,NaN
3d,悬挑,20261907,0.50,0,0,reactiveOnly,2500,1,2,2,0.1561,NaN
3d,悬挑,20261908,0.50,0,0,reactiveOnly,2500,1,2,2,0.1321,NaN
3d,悬挑,20261909,0.50,0,0,reactiveOnly,2500,1,2,2,0.1629,NaN
3d,悬挑,20261910,0.50,0,0,reactiveOnly,2500,1,2,2,0.1985,NaN
replay,,,,,,,,,,,,,
