dim,scenario,algorithm,eps,target,runs,reached,medianTime,estExtensions,preExist,note
2d,一般,AB-IRRT*,0.02,209.610813045835,50,1,0.0060356,133.493627722952,0,
2d,一般,AB-IRRT*,0.05,209.610813045835,50,1,0.0058695,129.819876718117,0,
2d,一般,RRT*,0.02,209.610813045835,50,0.52,0.0797392,1343.87584795094,0.1,
2d,一般,RRT*,0.05,209.610813045835,50,0.94,0.0101515,171.087190120718,0.1,
2d,一般,Informed-RRT*,0.02,209.610813045835,50,0.88,0.0626225,1116.22978228863,0.02,
2d,一般,Informed-RRT*,0.05,209.610813045835,50,1,0.01216675,216.869155713364,0.02,
2d,一般,PRM*,0.02,209.610813045835,50,1,0.34971355,0,0,sample-to-time mapping not applicable
2d,一般,PRM*,0.05,209.610813045835,50,1,0.34971355,0,0,sample-to-time mapping not applicable
2d,一般,FMT*,0.02,209.610813045835,50,0.18,0.0248003,0,0.06,sample-to-time mapping not applicable
2d,一般,FMT*,0.05,209.610813045835,50,0.86,0.0180488,0,0.06,sample-to-time mapping not applicable
2d,一般,BIT*,0.02,209.610813045835,48,0.604166666666667,0.070176,76.7930590350219,0.375,
2d,一般,BIT*,0.05,209.610813045835,48,0.9375,0.0388994,42.5673153304111,0.375,
2d,一般,RRT#,0.02,209.610813045835,50,0.8,0.0317378,542.702906640559,0.04,
2d,一般,RRT#,0.05,209.610813045835,50,0.98,0.0097774,167.189389289346,0.04,
2d,狭窄,AB-IRRT*,0.02,212.885243942151,50,1,0.0093288,393.969273369775,1,history records only the final solution (time not comparable)
2d,狭窄,AB-IRRT*,0.05,212.885243942151,50,1,0.0093288,393.969273369775,1,history records only the final solution (time not comparable)
2d,狭窄,RRT*,0.02,212.885243942151,50,0.04,0.0860305,2180.50215078433,0.28,
2d,狭窄,RRT*,0.05,212.885243942151,50,0.34,0.0092735,235.043231124991,0.28,
2d,狭窄,Informed-RRT*,0.02,212.885243942151,50,0.18,0.0689646,2036.46926713376,0.2,
2d,狭窄,Informed-RRT*,0.05,212.885243942151,50,0.38,0.0155938,460.472393921379,0.2,
2d,狭窄,PRM*,0.02,212.885243942151,50,0,NaN,NaN,0,sample-to-time mapping not applicable
2d,狭窄,PRM*,0.05,212.885243942151,50,0.56,0.3147119,0,0,sample-to-time mapping not applicable
2d,狭窄,FMT*,0.02,212.885243942151,50,0,NaN,NaN,0.58,sample-to-time mapping not applicable
2d,狭窄,FMT*,0.05,212.885243942151,50,0,NaN,NaN,0.58,sample-to-time mapping not applicable
2d,狭窄,BIT*,0.02,212.885243942151,25,0,NaN,NaN,0.68,
2d,狭窄,BIT*,0.05,212.885243942151,25,0,NaN,NaN,0.68,
2d,狭窄,RRT#,0.02,212.885243942151,50,0.28,0.06987945,1541.21705142919,0.08,
2d,狭窄,RRT#,0.05,212.885243942151,50,0.62,0.0284636,627.775199505148,0.08,
2d,广阔,AB-IRRT*,0.02,209.471375352296,50,0.86,0.0357396,907.962306287669,0,
2d,广阔,AB-IRRT*,0.05,209.471375352296,50,1,0.0102878,261.360916591855,0,
2d,广阔,RRT*,0.02,209.471375352296,50,0.02,0.0046671,125.460992736214,0.32,
2d,广阔,RRT*,0.05,209.471375352296,50,0.26,0.0043952,118.151776322386,0.32,
2d,广阔,Informed-RRT*,0.02,209.471375352296,50,0.52,0.0650423,1246.95875233535,0.04,
2d,广阔,Informed-RRT*,0.05,209.471375352296,50,0.76,0.0497763,954.28656341904,0.04,
2d,广阔,PRM*,0.02,209.471375352296,50,0.46,0.3280649,0,0,sample-to-time mapping not applicable
2d,广阔,PRM*,0.05,209.471375352296,50,0.8,0.3284626,0,0,sample-to-time mapping not applicable
2d,广阔,FMT*,0.02,209.471375352296,50,0.28,0.04140365,0,0,sample-to-time mapping not applicable
2d,广阔,FMT*,0.05,209.471375352296,50,0.88,0.0272785,0,0,sample-to-time mapping not applicable
2d,广阔,BIT*,0.02,209.471375352296,50,0.94,0.2666096,22.156708433709,0.02,
2d,广阔,BIT*,0.05,209.471375352296,50,1,0.155435,12.9174942514957,0.02,
2d,广阔,RRT#,0.02,209.471375352296,50,0.02,0.0061041,147.21610205208,0.2,
2d,广阔,RRT#,0.05,209.471375352296,50,0.34,0.0052941,127.680864644078,0.2,
3d,一般,AB-IRRT*,0.02,266.103274400201,50,0.96,0.0276829,345.06350591248,0,
3d,一般,AB-IRRT*,0.05,266.103274400201,50,1,0.0053328,66.4726117686397,0,
3d,一般,RRT*,0.02,266.103274400201,50,0,NaN,NaN,0.72,
3d,一般,RRT*,0.05,266.103274400201,50,0.04,0.00928285,102.345149340171,0.72,
3d,一般,Informed-RRT*,0.02,266.103274400201,50,0,NaN,NaN,0.42,
3d,一般,Informed-RRT*,0.05,266.103274400201,50,0.2,0.3539025,4216.8783899072,0.42,
3d,一般,PRM*,0.02,266.103274400201,50,0.04,1.8227923,0,0,sample-to-time mapping not applicable
3d,一般,PRM*,0.05,266.103274400201,50,0.74,1.85683,0,0,sample-to-time mapping not applicable
3d,一般,FMT*,0.02,266.103274400201,50,0.06,0.0108306,0,0.04,sample-to-time mapping not applicable
3d,一般,FMT*,0.05,266.103274400201,50,0.4,0.0405155,0,0.04,sample-to-time mapping not applicable
3d,一般,BIT*,0.02,266.103274400201,50,0.22,0.1597845,86.2842679979574,0.04,
3d,一般,BIT*,0.05,266.103274400201,50,0.7,0.1321963,71.3865298419958,0.04,
3d,一般,RRT#,0.02,266.103274400201,50,0,NaN,NaN,0.42,
3d,一般,RRT#,0.05,266.103274400201,50,0.14,0.2762098,2983.14371914319,0.42,
3d,狭窄,AB-IRRT*,0.02,247.962772577464,50,1,0.0079465,58.3298073522041,0.78,
3d,狭窄,AB-IRRT*,0.05,247.962772577464,50,1,0.0079465,58.3298073522041,0.78,
3d,狭窄,RRT*,0.02,247.962772577464,50,0,NaN,NaN,0.4,
3d,狭窄,RRT*,0.05,247.962772577464,50,0.1,0.0439378,223.512939839431,0.4,
3d,狭窄,Informed-RRT*,0.02,247.962772577464,50,0,NaN,NaN,0.32,
3d,狭窄,Informed-RRT*,0.05,247.962772577464,50,0.12,0.2331398,1597.51237540397,0.32,
3d,狭窄,PRM*,0.02,247.962772577464,50,0.02,3.7752708,0,0,sample-to-time mapping not applicable
3d,狭窄,PRM*,0.05,247.962772577464,50,0.84,3.7478669,0,0,sample-to-time mapping not applicable
3d,狭窄,FMT*,0.02,247.962772577464,50,0,NaN,NaN,0.3,sample-to-time mapping not applicable
3d,狭窄,FMT*,0.05,247.962772577464,50,0.04,0.0736923,0,0.3,sample-to-time mapping not applicable
3d,狭窄,BIT*,0.02,247.962772577464,34,0,NaN,NaN,0.5,
3d,狭窄,BIT*,0.05,247.962772577464,34,0.0588235294117647,0.12657665,72.2197071946771,0.5,
3d,狭窄,RRT#,0.02,247.962772577464,50,0,NaN,NaN,0.1,
3d,狭窄,RRT#,0.05,247.962772577464,50,0.24,0.7016711,3908.92812111547,0.1,
3d,悬空,AB-IRRT*,0.02,263.327807373936,50,1,0.00417595,30.7596750298653,0,
3d,悬空,AB-IRRT*,0.05,263.327807373936,50,1,0.00417595,30.7596750298653,0,
3d,悬空,RRT*,0.02,263.327807373936,50,0,NaN,NaN,0.72,
3d,悬空,RRT*,0.05,263.327807373936,50,0.06,0.009895,71.8096183977611,0.72,
3d,悬空,Informed-RRT*,0.02,263.327807373936,50,0.02,0.7044528,5193.32599208891,0.24,
3d,悬空,Informed-RRT*,0.05,263.327807373936,50,0.2,0.4218541,3109.96827949193,0.24,
3d,悬空,PRM*,0.02,263.327807373936,50,0.02,4.0692434,0,0,sample-to-time mapping not applicable
3d,悬空,PRM*,0.05,263.327807373936,50,0.66,2.3855415,0,0,sample-to-time mapping not applicable
3d,悬空,FMT*,0.02,263.327807373936,50,0.18,0.0823609,0,0,sample-to-time mapping not applicable
3d,悬空,FMT*,0.05,263.327807373936,50,0.86,0.0305625,0,0,sample-to-time mapping not applicable
3d,悬空,BIT*,0.02,263.327807373936,50,0.52,0.15204285,8.46822337623133,0.02,
3d,悬空,BIT*,0.05,263.327807373936,50,0.94,0.0720435,4.01255600513619,0.02,
3d,悬空,RRT#,0.02,263.327807373936,50,0,NaN,NaN,0.36,
3d,悬空,RRT#,0.05,263.327807373936,50,0.08,0.00928745,71.450646834488,0.36,
3d,环廊,AB-IRRT*,0.02,174.625469255824,50,1,0.0651841,390.481652904672,0,
3d,环廊,AB-IRRT*,0.05,174.625469255824,50,1,0.0050984,30.5416759481097,0,
3d,环廊,RRT*,0.02,174.625469255824,50,0,NaN,NaN,0.26,
3d,环廊,RRT*,0.05,174.625469255824,50,0.04,0.03155965,157.627554858132,0.26,
3d,环廊,Informed-RRT*,0.02,174.625469255824,50,0.46,0.9076713,4326.67708313756,0,
3d,环廊,Informed-RRT*,0.05,174.625469255824,50,0.98,0.7538601,3593.49162914129,0,
3d,环廊,PRM*,0.02,174.625469255824,50,0,NaN,NaN,0,sample-to-time mapping not applicable
3d,环廊,PRM*,0.05,174.625469255824,50,0.14,3.3941556,0,0,sample-to-time mapping not applicable
3d,环廊,FMT*,0.02,174.625469255824,50,0,NaN,NaN,0.06,sample-to-time mapping not applicable
3d,环廊,FMT*,0.05,174.625469255824,50,0,NaN,NaN,0.06,sample-to-time mapping not applicable
3d,环廊,BIT*,0.02,174.625469255824,50,0,NaN,NaN,0.2,
3d,环廊,BIT*,0.05,174.625469255824,50,0.02,0.4080031,38.8150389199843,0.2,
3d,环廊,RRT#,0.02,174.625469255824,50,0,NaN,NaN,0.08,
3d,环廊,RRT#,0.05,174.625469255824,50,0.16,0.61646975,3446.18596133535,0.08,
3d,悬挑,AB-IRRT*,0.02,250.148772824973,50,1,0.01598215,122.165223191062,0,
3d,悬挑,AB-IRRT*,0.05,250.148772824973,50,1,0.0045601,34.8567391917584,0,
3d,悬挑,RRT*,0.02,250.148772824973,50,0,NaN,NaN,0.56,
3d,悬挑,RRT*,0.05,250.148772824973,50,0.04,0.01248935,99.3061452210812,0.56,
3d,悬挑,Informed-RRT*,0.02,250.148772824973,50,0.04,0.9211511,6972.81594637362,0,
3d,悬挑,Informed-RRT*,0.05,250.148772824973,50,0.42,0.5291559,4005.53904526379,0,
3d,悬挑,PRM*,0.02,250.148772824973,50,0.02,2.2594474,0,0,sample-to-time mapping not applicable
3d,悬挑,PRM*,0.05,250.148772824973,50,0.76,2.27391685,0,0,sample-to-time mapping not applicable
3d,悬挑,FMT*,0.02,250.148772824973,50,0.1,0.0536936,0,0.02,sample-to-time mapping not applicable
3d,悬挑,FMT*,0.05,250.148772824973,50,0.82,0.0247846,0,0.02,sample-to-time mapping not applicable
3d,悬挑,BIT*,0.02,250.148772824973,50,0.46,0.2301792,11.8256600999369,0,
3d,悬挑,BIT*,0.05,250.148772824973,50,0.98,0.0807907,4.15069370923163,0,
3d,悬挑,RRT#,0.02,250.148772824973,50,0,NaN,NaN,0.3,
3d,悬挑,RRT#,0.05,250.148772824973,50,0.12,0.2987175,2445.2501985766,0.3,
