dim,scenario,algorithm,run,firstLen
2d,一般,RRT*,1,212.287196977876
2d,一般,Informed-RRT*,1,212.287196977876
2d,一般,PRM*,1,245.040726060397
2d,一般,FMT*,1,218.695625137044
2d,一般,BIT*,1,215.600281684378
2d,一般,RRT#,1,212.137768400582
2d,一般,AB-IRRT*,1,229.358752665851
2d,一般,RRT*,2,219.528030254556
2d,一般,Informed-RRT*,2,219.528030254556
2d,一般,PRM*,2,242.640109979682
2d,一般,FMT*,2,264.601776557253
2d,一般,RRT#,2,216.415001005241
2d,一般,AB-IRRT*,2,229.358752665851
2d,一般,RRT*,3,224.530380602088
2d,一般,Informed-RRT*,3,224.530380602088
2d,一般,PRM*,3,235.41128310812
2d,一般,FMT*,3,218.213180421964
2d,一般,BIT*,3,213.396082151574
2d,一般,RRT#,3,222.241641316835
2d,一般,AB-IRRT*,3,229.358752665851
2d,一般,RRT*,4,221.926533016789
2d,一般,Informed-RRT*,4,221.926533016789
2d,一般,PRM*,4,266.082716801003
2d,一般,FMT*,4,241.712592269712
2d,一般,BIT*,4,226.214641114853
2d,一般,RRT#,4,219.858128802598
2d,一般,AB-IRRT*,4,229.358752665851
2d,一般,RRT*,5,216.776426724237
2d,一般,Informed-RRT*,5,216.776426724237
2d,一般,PRM*,5,267.253666689351
2d,一般,FMT*,5,252.013649357252
2d,一般,BIT*,5,213.211425601077
2d,一般,RRT#,5,216.182982567301
2d,一般,AB-IRRT*,5,229.358752665851
2d,一般,RRT*,6,215.482770294682
2d,一般,Informed-RRT*,6,215.482770294682
2d,一般,PRM*,6,272.421549999568
2d,一般,FMT*,6,231.674426964276
2d,一般,BIT*,6,213.6513381948
2d,一般,RRT#,6,213.403345985108
2d,一般,AB-IRRT*,6,229.358752665851
2d,一般,RRT*,7,223.585039799344
2d,一般,Informed-RRT*,7,223.585039799344
2d,一般,PRM*,7,280.910556309143
2d,一般,FMT*,7,232.633787391977
2d,一般,BIT*,7,214.001907797222
2d,一般,RRT#,7,222.09785302969
2d,一般,AB-IRRT*,7,229.358752665851
2d,一般,RRT*,8,215.725116611041
2d,一般,Informed-RRT*,8,215.725116611041
2d,一般,PRM*,8,290.897115996553
2d,一般,FMT*,8,215.722293219893
2d,一般,BIT*,8,215.722293219893
2d,一般,RRT#,8,212.989862656912
2d,一般,AB-IRRT*,8,229.358752665851
2d,一般,RRT*,9,220.633599869349
2d,一般,Informed-RRT*,9,220.633599869349
2d,一般,PRM*,9,235.773970757199
2d,一般,FMT*,9,249.467369300418
2d,一般,BIT*,9,213.016731413204
2d,一般,RRT#,9,218.09193027979
2d,一般,AB-IRRT*,9,229.358752665851
2d,一般,RRT*,10,215.313207366455
2d,一般,Informed-RRT*,10,215.313207366455
2d,一般,PRM*,10,285.503126701709
2d,一般,FMT*,10,257.03583399268
2d,一般,BIT*,10,213.510699071269
2d,一般,RRT#,10,214.494872184444
2d,一般,AB-IRRT*,10,229.358752665851
2d,一般,RRT*,11,233.564692858054
2d,一般,Informed-RRT*,11,233.564692858054
2d,一般,PRM*,11,224.165124766701
2d,一般,FMT*,11,284.947909099588
2d,一般,BIT*,11,215.860043291877
2d,一般,RRT#,11,230.284577639547
2d,一般,AB-IRRT*,11,229.358752665851
2d,一般,RRT*,12,218.09232916691
2d,一般,Informed-RRT*,12,218.09232916691
2d,一般,PRM*,12,255.604698544537
2d,一般,FMT*,12,259.210533901035
2d,一般,BIT*,12,247.469379777722
2d,一般,RRT#,12,217.093799163166
2d,一般,AB-IRRT*,12,229.358752665851
2d,一般,RRT*,13,222.774198074639
2d,一般,Informed-RRT*,13,222.774198074639
2d,一般,PRM*,13,220.50405085162
2d,一般,FMT*,13,245.871471207269
2d,一般,BIT*,13,214.695806798353
2d,一般,RRT#,13,220.687798796155
2d,一般,AB-IRRT*,13,229.358752665851
2d,一般,RRT*,14,237.962772919832
2d,一般,Informed-RRT*,14,237.962772919832
2d,一般,PRM*,14,268.61324359684
2d,一般,FMT*,14,227.336155024813
2d,一般,BIT*,14,220.124844436139
2d,一般,RRT#,14,235.359331616679
2d,一般,AB-IRRT*,14,229.358752665851
2d,一般,RRT*,15,228.38285086293
2d,一般,Informed-RRT*,15,228.38285086293
2d,一般,PRM*,15,220.811592017541
2d,一般,FMT*,15,232.900801909307
2d,一般,BIT*,15,260.365447958737
2d,一般,RRT#,15,227.514396291545
2d,一般,AB-IRRT*,15,229.358752665851
2d,一般,RRT*,16,216.001503770229
2d,一般,Informed-RRT*,16,216.001503770229
2d,一般,PRM*,16,263.657544012427
2d,一般,FMT*,16,212.986018307963
2d,一般,BIT*,16,212.986018307963
2d,一般,RRT#,16,211.805559896093
2d,一般,AB-IRRT*,16,229.358752665851
2d,一般,RRT*,17,228.732046599919
2d,一般,Informed-RRT*,17,228.732046599919
2d,一般,PRM*,17,223.392667855608
2d,一般,FMT*,17,227.102094670277
2d,一般,BIT*,17,215.187596359002
2d,一般,RRT#,17,222.661835937139
2d,一般,AB-IRRT*,17,229.358752665851
2d,一般,RRT*,18,226.39065047598
2d,一般,Informed-RRT*,18,226.39065047598
2d,一般,PRM*,18,246.51515361237
2d,一般,FMT*,18,246.557395544052
2d,一般,BIT*,18,213.805504280262
2d,一般,RRT#,18,222.951914733904
2d,一般,AB-IRRT*,18,229.358752665851
2d,一般,RRT*,19,226.681251490058
2d,一般,Informed-RRT*,19,226.681251490058
2d,一般,PRM*,19,228.12178277708
2d,一般,FMT*,19,230.222311932553
2d,一般,BIT*,19,216.999364648052
2d,一般,RRT#,19,224.058914235634
2d,一般,AB-IRRT*,19,229.358752665851
2d,一般,RRT*,20,214.15424656179
2d,一般,Informed-RRT*,20,214.15424656179
2d,一般,PRM*,20,243.118849161111
2d,一般,FMT*,20,215.134367393329
2d,一般,BIT*,20,213.083709811847
2d,一般,RRT#,20,213.467886359495
2d,一般,AB-IRRT*,20,229.358752665851
2d,一般,RRT*,21,212.249837006458
2d,一般,Informed-RRT*,21,212.249837006458
2d,一般,PRM*,21,242.49016953014
2d,一般,FMT*,21,227.682915719627
2d,一般,BIT*,21,216.042790773305
2d,一般,RRT#,21,212.249837006458
2d,一般,AB-IRRT*,21,229.358752665851
2d,一般,RRT*,22,220.022047351076
2d,一般,Informed-RRT*,22,220.022047351076
2d,一般,PRM*,22,267.276184183358
2d,一般,FMT*,22,249.185699668037
2d,一般,BIT*,22,233.695895803989
2d,一般,RRT#,22,216.650142089249
2d,一般,AB-IRRT*,22,229.358752665851
2d,一般,RRT*,23,217.272631008338
2d,一般,Informed-RRT*,23,217.272631008338
2d,一般,PRM*,23,229.348813942806
2d,一般,FMT*,23,224.110511128825
2d,一般,BIT*,23,213.08117961972
2d,一般,RRT#,23,214.823805349444
2d,一般,AB-IRRT*,23,229.358752665851
2d,一般,RRT*,24,255.581139732482
2d,一般,Informed-RRT*,24,255.581139732482
2d,一般,PRM*,24,274.160374795091
2d,一般,FMT*,24,236.897382393069
2d,一般,BIT*,24,211.633652108185
2d,一般,RRT#,24,247.066757107245
2d,一般,AB-IRRT*,24,229.358752665851
2d,一般,RRT*,25,219.64477233191
2d,一般,Informed-RRT*,25,219.64477233191
2d,一般,PRM*,25,237.011666313838
2d,一般,FMT*,25,240.172248606315
2d,一般,BIT*,25,215.11373405296
2d,一般,RRT#,25,219.226912996445
2d,一般,AB-IRRT*,25,229.358752665851
2d,一般,RRT*,26,220.516816901519
2d,一般,Informed-RRT*,26,220.516816901519
2d,一般,PRM*,26,299.294605144738
2d,一般,FMT*,26,238.279397675264
2d,一般,BIT*,26,212.929703671815
2d,一般,RRT#,26,217.359434089005
2d,一般,AB-IRRT*,26,229.358752665851
2d,一般,RRT*,27,224.559372741114
2d,一般,Informed-RRT*,27,224.559372741114
2d,一般,PRM*,27,213.399906642286
2d,一般,FMT*,27,247.587164052062
2d,一般,BIT*,27,229.162986096512
2d,一般,RRT#,27,223.483875307028
2d,一般,AB-IRRT*,27,229.358752665851
2d,一般,RRT*,28,230.220352892671
2d,一般,Informed-RRT*,28,230.220352892671
2d,一般,PRM*,28,275.619871165483
2d,一般,FMT*,28,222.410800920227
2d,一般,BIT*,28,215.01331114976
2d,一般,RRT#,28,222.476952345821
2d,一般,AB-IRRT*,28,229.358752665851
2d,一般,RRT*,29,218.103684989358
2d,一般,Informed-RRT*,29,218.103684989358
2d,一般,PRM*,29,231.672682734478
2d,一般,FMT*,29,230.571343583059
2d,一般,RRT#,29,213.917507395468
2d,一般,AB-IRRT*,29,229.358752665851
2d,一般,RRT*,30,247.240848034765
2d,一般,Informed-RRT*,30,247.240848034765
2d,一般,PRM*,30,264.21187328842
2d,一般,FMT*,30,246.179287755381
2d,一般,BIT*,30,215.245181049135
2d,一般,RRT#,30,245.832068895562
2d,一般,AB-IRRT*,30,229.358752665851
2d,一般,RRT*,31,216.521114918283
2d,一般,Informed-RRT*,31,216.521114918283
2d,一般,PRM*,31,237.727874814895
2d,一般,FMT*,31,233.080998733974
2d,一般,BIT*,31,230.040699972222
2d,一般,RRT#,31,215.685929958143
2d,一般,AB-IRRT*,31,229.358752665851
2d,一般,RRT*,32,231.535673359562
2d,一般,Informed-RRT*,32,231.535673359562
2d,一般,PRM*,32,296.714236370689
2d,一般,FMT*,32,237.875269255491
2d,一般,BIT*,32,225.905553164477
2d,一般,RRT#,32,225.977275780316
2d,一般,AB-IRRT*,32,229.358752665851
2d,一般,RRT*,33,216.545030696939
2d,一般,Informed-RRT*,33,216.545030696939
2d,一般,PRM*,33,296.994408585432
2d,一般,FMT*,33,235.489407590465
2d,一般,BIT*,33,212.844872221931
2d,一般,RRT#,33,216.545030696939
2d,一般,AB-IRRT*,33,229.358752665851
2d,一般,RRT*,34,222.670760232099
2d,一般,Informed-RRT*,34,222.670760232099
2d,一般,PRM*,34,342.002663211989
2d,一般,FMT*,34,272.159855001617
2d,一般,BIT*,34,226.836791005015
2d,一般,RRT#,34,216.285235393823
2d,一般,AB-IRRT*,34,229.358752665851
2d,一般,RRT*,35,219.573463148893
2d,一般,Informed-RRT*,35,219.573463148893
2d,一般,PRM*,35,236.115178003401
2d,一般,FMT*,35,289.009221733346
2d,一般,BIT*,35,216.935913818139
2d,一般,RRT#,35,218.011483618086
2d,一般,AB-IRRT*,35,229.358752665851
2d,一般,RRT*,36,214.591232982555
2d,一般,Informed-RRT*,36,214.591232982555
2d,一般,PRM*,36,288.939669518099
2d,一般,FMT*,36,225.601709042056
2d,一般,BIT*,36,223.785807664301
2d,一般,RRT#,36,214.591232982555
2d,一般,AB-IRRT*,36,229.358752665851
2d,一般,RRT*,37,219.983914607656
2d,一般,Informed-RRT*,37,219.983914607656
2d,一般,PRM*,37,279.746861832306
2d,一般,FMT*,37,234.773175996448
2d,一般,BIT*,37,220.196705759118
2d,一般,RRT#,37,216.613939108051
2d,一般,AB-IRRT*,37,229.358752665851
2d,一般,RRT*,38,219.149679173859
2d,一般,Informed-RRT*,38,219.149679173859
2d,一般,PRM*,38,237.257422422323
2d,一般,FMT*,38,218.796822720688
2d,一般,BIT*,38,216.455857748862
2d,一般,RRT#,38,218.617690127098
2d,一般,AB-IRRT*,38,229.358752665851
2d,一般,RRT*,39,213.040057927348
2d,一般,Informed-RRT*,39,213.040057927348
2d,一般,PRM*,39,247.2150113622
2d,一般,FMT*,39,224.806824153295
2d,一般,BIT*,39,222.210651338029
2d,一般,RRT#,39,213.028191511587
2d,一般,AB-IRRT*,39,229.358752665851
2d,一般,RRT*,40,214.620581194693
2d,一般,Informed-RRT*,40,214.620581194693
2d,一般,PRM*,40,279.726330681369
2d,一般,FMT*,40,229.404508049155
2d,一般,BIT*,40,213.777235152199
2d,一般,RRT#,40,213.703213971046
2d,一般,AB-IRRT*,40,229.358752665851
2d,一般,RRT*,41,218.912077269855
2d,一般,Informed-RRT*,41,218.912077269855
2d,一般,PRM*,41,223.901297404629
2d,一般,FMT*,41,222.648457291081
2d,一般,BIT*,41,243.113071298655
2d,一般,RRT#,41,218.008601850709
2d,一般,AB-IRRT*,41,229.358752665851
2d,一般,RRT*,42,222.794931188164
2d,一般,Informed-RRT*,42,222.794931188164
2d,一般,PRM*,42,350.99934430278
2d,一般,FMT*,42,262.050967106643
2d,一般,BIT*,42,215.728749933765
2d,一般,RRT#,42,212.948658307082
2d,一般,AB-IRRT*,42,229.358752665851
2d,一般,RRT*,43,213.620657834805
2d,一般,Informed-RRT*,43,213.620657834805
2d,一般,PRM*,43,224.705907261396
2d,一般,FMT*,43,229.728765018895
2d,一般,BIT*,43,223.616461466457
2d,一般,RRT#,43,213.620657834805
2d,一般,AB-IRRT*,43,229.358752665851
2d,一般,RRT*,44,221.628110749338
2d,一般,Informed-RRT*,44,221.628110749338
2d,一般,PRM*,44,236.513918233173
2d,一般,FMT*,44,245.942701743958
2d,一般,BIT*,44,211.640686162172
2d,一般,RRT#,44,219.94496044142
2d,一般,AB-IRRT*,44,229.358752665851
2d,一般,RRT*,45,219.993225404485
2d,一般,Informed-RRT*,45,219.993225404485
2d,一般,PRM*,45,222.773898726116
2d,一般,FMT*,45,245.157170051278
2d,一般,BIT*,45,219.479612524167
2d,一般,RRT#,45,218.273449885475
2d,一般,AB-IRRT*,45,229.358752665851
2d,一般,RRT*,46,216.385088522306
2d,一般,Informed-RRT*,46,216.385088522306
2d,一般,PRM*,46,285.017909072149
2d,一般,FMT*,46,228.252923143535
2d,一般,BIT*,46,226.599226910474
2d,一般,RRT#,46,216.013931442838
2d,一般,AB-IRRT*,46,229.358752665851
2d,一般,RRT*,47,214.006903481225
2d,一般,Informed-RRT*,47,214.006903481225
2d,一般,PRM*,47,223.69409594704
2d,一般,FMT*,47,221.318298768742
2d,一般,BIT*,47,213.845172040821
2d,一般,RRT#,47,213.663811353416
2d,一般,AB-IRRT*,47,229.358752665851
2d,一般,RRT*,48,213.136414465219
2d,一般,Informed-RRT*,48,213.136414465219
2d,一般,PRM*,48,225.613680573745
2d,一般,FMT*,48,228.333949750434
2d,一般,BIT*,48,217.308300385285
2d,一般,RRT#,48,212.27024964558
2d,一般,AB-IRRT*,48,229.358752665851
2d,一般,RRT*,49,221.237376659467
2d,一般,Informed-RRT*,49,221.237376659467
2d,一般,PRM*,49,277.879060483981
2d,一般,FMT*,49,234.346181221909
2d,一般,BIT*,49,224.727318711945
2d,一般,RRT#,49,219.470692422058
2d,一般,AB-IRRT*,49,229.358752665851
2d,一般,RRT*,50,215.434778338242
2d,一般,Informed-RRT*,50,215.434778338242
2d,一般,PRM*,50,254.405353465012
2d,一般,FMT*,50,220.661633810696
2d,一般,BIT*,50,214.057158169168
2d,一般,RRT#,50,213.206522864881
2d,一般,AB-IRRT*,50,229.358752665851
2d,狭窄,RRT*,1,223.619714210854
2d,狭窄,Informed-RRT*,1,223.619714210854
2d,狭窄,PRM*,1,237.917610716261
2d,狭窄,FMT*,1,281.756073769027
2d,狭窄,RRT#,1,223.371594200322
2d,狭窄,AB-IRRT*,1,212.885243942151
2d,狭窄,RRT*,2,243.563135114556
2d,狭窄,Informed-RRT*,2,243.563135114556
2d,狭窄,PRM*,2,271.853993948652
2d,狭窄,FMT*,2,257.556853905696
2d,狭窄,BIT*,2,259.237397210462
2d,狭窄,RRT#,2,239.448796164871
2d,狭窄,AB-IRRT*,2,212.885243942151
2d,狭窄,RRT*,3,284.918979209426
2d,狭窄,Informed-RRT*,3,284.918979209426
2d,狭窄,PRM*,3,259.491704464809
2d,狭窄,FMT*,3,229.573749364846
2d,狭窄,RRT#,3,274.582565813702
2d,狭窄,AB-IRRT*,3,212.885243942151
2d,狭窄,RRT*,4,229.611827644327
2d,狭窄,Informed-RRT*,4,229.611827644327
2d,狭窄,PRM*,4,242.466945433488
2d,狭窄,FMT*,4,255.269442909948
2d,狭窄,BIT*,4,245.91889412989
2d,狭窄,RRT#,4,229.611827644327
2d,狭窄,AB-IRRT*,4,212.885243942151
2d,狭窄,RRT*,5,250.232467212316
2d,狭窄,Informed-RRT*,5,250.232467212316
2d,狭窄,PRM*,5,248.398339481432
2d,狭窄,FMT*,5,250.330435809447
2d,狭窄,BIT*,5,240.326780191429
2d,狭窄,RRT#,5,244.78160798281
2d,狭窄,AB-IRRT*,5,212.885243942151
2d,狭窄,RRT*,6,223.190792145089
2d,狭窄,Informed-RRT*,6,223.190792145089
2d,狭窄,PRM*,6,265.123851445473
2d,狭窄,FMT*,6,254.9232781424
2d,狭窄,RRT#,6,220.253067880098
2d,狭窄,AB-IRRT*,6,212.885243942151
2d,狭窄,RRT*,7,222.925511071484
2d,狭窄,Informed-RRT*,7,222.925511071484
2d,狭窄,PRM*,7,245.147194724237
2d,狭窄,FMT*,7,258.828326473289
2d,狭窄,BIT*,7,257.708760135268
2d,狭窄,RRT#,7,220.529111645932
2d,狭窄,AB-IRRT*,7,212.885243942151
2d,狭窄,RRT*,8,218.574604428933
2d,狭窄,Informed-RRT*,8,218.574604428933
2d,狭窄,PRM*,8,237.792872145914
2d,狭窄,FMT*,8,235.232672652113
2d,狭窄,RRT#,8,217.536424327269
2d,狭窄,AB-IRRT*,8,212.885243942151
2d,狭窄,RRT*,9,218.16919332068
2d,狭窄,Informed-RRT*,9,218.16919332068
2d,狭窄,PRM*,9,246.469862056142
2d,狭窄,FMT*,9,225.90121973707
2d,狭窄,RRT#,9,217.11586263531
2d,狭窄,AB-IRRT*,9,212.885243942151
2d,狭窄,RRT*,10,225.928564551009
2d,狭窄,Informed-RRT*,10,225.928564551009
2d,狭窄,PRM*,10,420.708067411949
2d,狭窄,FMT*,10,259.328138950394
2d,狭窄,RRT#,10,224.584721246233
2d,狭窄,AB-IRRT*,10,212.885243942151
2d,狭窄,RRT*,11,231.618025412658
2d,狭窄,Informed-RRT*,11,231.618025412658
2d,狭窄,PRM*,11,252.551361284422
2d,狭窄,FMT*,11,246.809527964563
2d,狭窄,BIT*,11,240.800425162908
2d,狭窄,RRT#,11,225.784083885451
2d,狭窄,AB-IRRT*,11,212.885243942151
2d,狭窄,RRT*,12,226.884539918886
2d,狭窄,Informed-RRT*,12,226.884539918886
2d,狭窄,PRM*,12,239.105372649822
2d,狭窄,FMT*,12,241.684377273069
2d,狭窄,RRT#,12,224.406318774227
2d,狭窄,AB-IRRT*,12,212.885243942151
2d,狭窄,RRT*,13,219.590391091825
2d,狭窄,Informed-RRT*,13,219.590391091825
2d,狭窄,PRM*,13,250.877493980156
2d,狭窄,FMT*,13,265.497877580348
2d,狭窄,BIT*,13,254.090194788202
2d,狭窄,RRT#,13,218.510646481456
2d,狭窄,AB-IRRT*,13,212.885243942151
2d,狭窄,RRT*,14,232.805190018329
2d,狭窄,Informed-RRT*,14,232.805190018329
2d,狭窄,PRM*,14,355.52412698363
2d,狭窄,FMT*,14,257.462269761535
2d,狭窄,BIT*,14,247.477787800264
2d,狭窄,RRT#,14,229.49153636285
2d,狭窄,AB-IRRT*,14,212.885243942151
2d,狭窄,RRT*,15,229.553771115288
2d,狭窄,Informed-RRT*,15,229.553771115288
2d,狭窄,PRM*,15,253.632156667947
2d,狭窄,FMT*,15,232.377496775748
2d,狭窄,BIT*,15,260.703140921221
2d,狭窄,RRT#,15,228.340239679576
2d,狭窄,AB-IRRT*,15,212.885243942151
2d,狭窄,RRT*,16,270.289894223958
2d,狭窄,Informed-RRT*,16,270.289894223958
2d,狭窄,PRM*,16,276.973712629064
2d,狭窄,FMT*,16,234.443077148992
2d,狭窄,RRT#,16,269.448556867226
2d,狭窄,AB-IRRT*,16,212.885243942151
2d,狭窄,RRT*,17,258.074958090901
2d,狭窄,Informed-RRT*,17,258.074958090901
2d,狭窄,PRM*,17,279.728537133424
2d,狭窄,FMT*,17,240.142928365033
2d,狭窄,BIT*,17,225.239372914988
2d,狭窄,RRT#,17,257.017725717301
2d,狭窄,AB-IRRT*,17,212.885243942151
2d,狭窄,RRT*,18,227.25887329135
2d,狭窄,Informed-RRT*,18,227.25887329135
2d,狭窄,PRM*,18,244.97721108676
2d,狭窄,FMT*,18,234.503132833463
2d,狭窄,RRT#,18,224.969030035549
2d,狭窄,AB-IRRT*,18,212.885243942151
2d,狭窄,RRT*,19,235.956001602096
2d,狭窄,Informed-RRT*,19,235.956001602096
2d,狭窄,PRM*,19,252.868668496895
2d,狭窄,FMT*,19,253.624289325936
2d,狭窄,BIT*,19,229.940776791933
2d,狭窄,RRT#,19,232.521669412725
2d,狭窄,AB-IRRT*,19,212.885243942151
2d,狭窄,RRT*,20,237.816388698817
2d,狭窄,Informed-RRT*,20,237.816388698817
2d,狭窄,PRM*,20,252.88353787401
2d,狭窄,FMT*,20,251.466393435637
2d,狭窄,RRT#,20,234.671013492477
2d,狭窄,AB-IRRT*,20,212.885243942151
2d,狭窄,RRT*,21,232.8079252543
2d,狭窄,Informed-RRT*,21,232.8079252543
2d,狭窄,PRM*,21,246.219885017776
2d,狭窄,FMT*,21,227.945513244323
2d,狭窄,RRT#,21,227.844568939101
2d,狭窄,AB-IRRT*,21,212.885243942151
2d,狭窄,RRT*,22,223.963082238568
2d,狭窄,Informed-RRT*,22,223.963082238568
2d,狭窄,PRM*,22,232.215785507808
2d,狭窄,FMT*,22,259.054478404217
2d,狭窄,RRT#,22,223.065980597321
2d,狭窄,AB-IRRT*,22,212.885243942151
2d,狭窄,RRT*,23,221.265425028667
2d,狭窄,Informed-RRT*,23,221.265425028667
2d,狭窄,PRM*,23,243.886461581476
2d,狭窄,FMT*,23,242.212666575332
2d,狭窄,RRT#,23,219.014150264562
2d,狭窄,AB-IRRT*,23,212.885243942151
2d,狭窄,RRT*,24,226.832423739023
2d,狭窄,Informed-RRT*,24,226.832423739023
2d,狭窄,PRM*,24,241.055994874601
2d,狭窄,FMT*,24,230.265695261573
2d,狭窄,RRT#,24,225.932500463894
2d,狭窄,AB-IRRT*,24,212.885243942151
2d,狭窄,RRT*,25,269.589159614487
2d,狭窄,Informed-RRT*,25,269.589159614487
2d,狭窄,PRM*,25,243.85010348508
2d,狭窄,FMT*,25,231.754898715056
2d,狭窄,BIT*,25,224.235763913169
2d,狭窄,RRT#,25,269.533997523659
2d,狭窄,AB-IRRT*,25,212.885243942151
2d,狭窄,RRT*,26,257.723999629828
2d,狭窄,Informed-RRT*,26,257.723999629828
2d,狭窄,PRM*,26,332.271748721041
2d,狭窄,FMT*,26,268.564944675169
2d,狭窄,BIT*,26,254.548043482746
2d,狭窄,RRT#,26,256.165843306568
2d,狭窄,AB-IRRT*,26,212.885243942151
2d,狭窄,RRT*,27,248.535570786364
2d,狭窄,Informed-RRT*,27,248.535570786364
2d,狭窄,PRM*,27,232.450792865883
2d,狭窄,FMT*,27,245.445899457143
2d,狭窄,BIT*,27,240.278176913746
2d,狭窄,RRT#,27,245.908447470207
2d,狭窄,AB-IRRT*,27,212.885243942151
2d,狭窄,RRT*,28,274.958723526925
2d,狭窄,Informed-RRT*,28,274.958723526925
2d,狭窄,PRM*,28,260.656523443829
2d,狭窄,FMT*,28,244.952401523998
2d,狭窄,RRT#,28,274.310315666964
2d,狭窄,AB-IRRT*,28,212.885243942151
2d,狭窄,RRT*,29,240.058112953824
2d,狭窄,Informed-RRT*,29,240.058112953824
2d,狭窄,PRM*,29,233.748736384204
2d,狭窄,FMT*,29,251.320188581656
2d,狭窄,BIT*,29,238.254237757183
2d,狭窄,RRT#,29,238.982835198452
2d,狭窄,AB-IRRT*,29,212.885243942151
2d,狭窄,RRT*,30,250.955872930408
2d,狭窄,Informed-RRT*,30,250.955872930408
2d,狭窄,PRM*,30,254.376488334524
2d,狭窄,FMT*,30,262.354257796852
2d,狭窄,BIT*,30,237.37109727616
2d,狭窄,RRT#,30,243.912356523544
2d,狭窄,AB-IRRT*,30,212.885243942151
2d,狭窄,RRT*,31,271.300921135776
2d,狭窄,Informed-RRT*,31,271.300921135776
2d,狭窄,PRM*,31,231.497992147278
2d,狭窄,FMT*,31,260.275347754018
2d,狭窄,BIT*,31,254.279611069482
2d,狭窄,RRT#,31,267.26860619794
2d,狭窄,AB-IRRT*,31,212.885243942151
2d,狭窄,RRT*,32,227.953454571376
2d,狭窄,Informed-RRT*,32,227.953454571376
2d,狭窄,PRM*,32,271.048827595867
2d,狭窄,FMT*,32,264.105110384952
2d,狭窄,RRT#,32,227.167926434924
2d,狭窄,AB-IRRT*,32,212.885243942151
2d,狭窄,RRT*,33,218.849476629829
2d,狭窄,Informed-RRT*,33,218.849476629829
2d,狭窄,PRM*,33,302.957294104695
2d,狭窄,FMT*,33,257.257340486149
2d,狭窄,BIT*,33,238.90626570266
2d,狭窄,RRT#,33,218.243670386557
2d,狭窄,AB-IRRT*,33,212.885243942151
2d,狭窄,RRT*,34,227.168890151859
2d,狭窄,Informed-RRT*,34,227.168890151859
2d,狭窄,PRM*,34,243.310516885058
2d,狭窄,FMT*,34,250.785679066424
2d,狭窄,RRT#,34,224.55533983174
2d,狭窄,AB-IRRT*,34,212.885243942151
2d,狭窄,RRT*,35,271.745585029315
2d,狭窄,Informed-RRT*,35,271.745585029315
2d,狭窄,PRM*,35,241.561342374808
2d,狭窄,FMT*,35,238.780825263556
2d,狭窄,RRT#,35,261.852448080625
2d,狭窄,AB-IRRT*,35,212.885243942151
2d,狭窄,RRT*,36,240.450967481202
2d,狭窄,Informed-RRT*,36,240.450967481202
2d,狭窄,PRM*,36,246.714900256231
2d,狭窄,FMT*,36,254.095482773799
2d,狭窄,BIT*,36,248.166825268432
2d,狭窄,RRT#,36,236.830500689925
2d,狭窄,AB-IRRT*,36,212.885243942151
2d,狭窄,RRT*,37,243.206343448003
2d,狭窄,Informed-RRT*,37,243.206343448003
2d,狭窄,PRM*,37,245.12865758137
2d,狭窄,FMT*,37,255.147520947497
2d,狭窄,BIT*,37,248.167019900622
2d,狭窄,RRT#,37,242.974182851492
2d,狭窄,AB-IRRT*,37,212.885243942151
2d,狭窄,RRT*,38,248.849031003287
2d,狭窄,Informed-RRT*,38,248.849031003287
2d,狭窄,PRM*,38,238.369791843461
2d,狭窄,FMT*,38,246.570154797255
2d,狭窄,RRT#,38,247.811027734788
2d,狭窄,AB-IRRT*,38,212.885243942151
2d,狭窄,RRT*,39,257.337320121602
2d,狭窄,Informed-RRT*,39,257.337320121602
2d,狭窄,PRM*,39,335.631575807997
2d,狭窄,FMT*,39,246.972308655833
2d,狭窄,RRT#,39,256.113304882193
2d,狭窄,AB-IRRT*,39,212.885243942151
2d,狭窄,RRT*,40,245.611828583224
2d,狭窄,Informed-RRT*,40,245.611828583224
2d,狭窄,PRM*,40,245.479115973223
2d,狭窄,FMT*,40,259.136824364343
2d,狭窄,BIT*,40,253.279281074954
2d,狭窄,RRT#,40,245.468030688756
2d,狭窄,AB-IRRT*,40,212.885243942151
2d,狭窄,RRT*,41,225.308577608792
2d,狭窄,Informed-RRT*,41,225.308577608792
2d,狭窄,PRM*,41,250.235970657632
2d,狭窄,FMT*,41,246.025299892831
2d,狭窄,RRT#,41,221.473576883727
2d,狭窄,AB-IRRT*,41,212.885243942151
2d,狭窄,RRT*,42,218.187843760334
2d,狭窄,Informed-RRT*,42,218.187843760334
2d,狭窄,PRM*,42,240.810272112954
2d,狭窄,FMT*,42,271.56476115007
2d,狭窄,RRT#,42,218.099045784555
2d,狭窄,AB-IRRT*,42,212.885243942151
2d,狭窄,RRT*,43,242.014707639278
2d,狭窄,Informed-RRT*,43,242.014707639278
2d,狭窄,PRM*,43,252.808727615715
2d,狭窄,FMT*,43,258.241608299842
2d,狭窄,BIT*,43,251.08663938117
2d,狭窄,RRT#,43,241.491662162447
2d,狭窄,AB-IRRT*,43,212.885243942151
2d,狭窄,RRT*,44,222.587331956693
2d,狭窄,Informed-RRT*,44,222.587331956693
2d,狭窄,PRM*,44,246.286002607316
2d,狭窄,FMT*,44,253.538524049621
2d,狭窄,BIT*,44,244.354528333255
2d,狭窄,RRT#,44,221.591044479491
2d,狭窄,AB-IRRT*,44,212.885243942151
2d,狭窄,RRT*,45,223.060187061684
2d,狭窄,Informed-RRT*,45,223.060187061684
2d,狭窄,PRM*,45,258.293012269784
2d,狭窄,FMT*,45,244.133520672665
2d,狭窄,RRT#,45,222.154082096515
2d,狭窄,AB-IRRT*,45,212.885243942151
2d,狭窄,RRT*,46,225.686738254068
2d,狭窄,Informed-RRT*,46,225.686738254068
2d,狭窄,PRM*,46,268.622447321888
2d,狭窄,FMT*,46,262.110017856
2d,狭窄,BIT*,46,250.492177967637
2d,狭窄,RRT#,46,224.552443985101
2d,狭窄,AB-IRRT*,46,212.885243942151
2d,狭窄,RRT*,47,224.004837613544
2d,狭窄,Informed-RRT*,47,224.004837613544
2d,狭窄,PRM*,47,241.317704151469
2d,狭窄,FMT*,47,254.193826746383
2d,狭窄,BIT*,47,243.461113857049
2d,狭窄,RRT#,47,220.132441758641
2d,狭窄,AB-IRRT*,47,212.885243942151
2d,狭窄,RRT*,48,229.124696492458
2d,狭窄,Informed-RRT*,48,229.124696492458
2d,狭窄,PRM*,48,255.873537683167
2d,狭窄,FMT*,48,251.454586918275
2d,狭窄,RRT#,48,226.693900825664
2d,狭窄,AB-IRRT*,48,212.885243942151
2d,狭窄,RRT*,49,270.266858649622
2d,狭窄,Informed-RRT*,49,270.266858649622
2d,狭窄,PRM*,49,235.25406129773
2d,狭窄,FMT*,49,280.743581149896
2d,狭窄,BIT*,49,251.538870739584
2d,狭窄,RRT#,49,265.657397182957
2d,狭窄,AB-IRRT*,49,212.885243942151
2d,狭窄,RRT*,50,257.28100988928
2d,狭窄,Informed-RRT*,50,257.28100988928
2d,狭窄,PRM*,50,237.415286749017
2d,狭窄,FMT*,50,254.723022050567
2d,狭窄,RRT#,50,241.689151477005
2d,狭窄,AB-IRRT*,50,212.885243942151
2d,广阔,RRT*,1,216.013099235166
2d,广阔,Informed-RRT*,1,216.013099235166
2d,广阔,PRM*,1,445.691198848219
2d,广阔,FMT*,1,264.712357230009
2d,广阔,BIT*,1,238.920686077489
2d,广阔,RRT#,1,216.013099235166
2d,广阔,AB-IRRT*,1,221.226373504114
2d,广阔,RRT*,2,264.096195465823
2d,广阔,Informed-RRT*,2,264.096195465823
2d,广阔,PRM*,2,353.202779033728
2d,广阔,FMT*,2,242.811640220913
2d,广阔,BIT*,2,231.730161969243
2d,广阔,RRT#,2,263.265484079478
2d,广阔,AB-IRRT*,2,221.226373504114
2d,广阔,RRT*,3,235.734791949438
2d,广阔,Informed-RRT*,3,235.734791949438
2d,广阔,PRM*,3,233.289461297167
2d,广阔,FMT*,3,253.055875639313
2d,广阔,BIT*,3,251.181016473482
2d,广阔,RRT#,3,234.547182012655
2d,广阔,AB-IRRT*,3,221.226373504114
2d,广阔,RRT*,4,217.26288076362
2d,广阔,Informed-RRT*,4,217.26288076362
2d,广阔,PRM*,4,372.816629504844
2d,广阔,FMT*,4,235.999535020984
2d,广阔,BIT*,4,225.259416069907
2d,广阔,RRT#,4,217.26288076362
2d,广阔,AB-IRRT*,4,221.226373504114
2d,广阔,RRT*,5,225.195110130577
2d,广阔,Informed-RRT*,5,225.195110130577
2d,广阔,PRM*,5,399.831058576721
2d,广阔,FMT*,5,291.72594637601
2d,广阔,BIT*,5,216.755112516557
2d,广阔,RRT#,5,225.195110130577
2d,广阔,AB-IRRT*,5,221.226373504114
2d,广阔,RRT*,6,218.943145377727
2d,广阔,Informed-RRT*,6,218.943145377727
2d,广阔,PRM*,6,340.104188544687
2d,广阔,FMT*,6,254.841148105494
2d,广阔,BIT*,6,252.347953098423
2d,广阔,RRT#,6,218.542292790235
2d,广阔,AB-IRRT*,6,221.226373504114
2d,广阔,RRT*,7,235.548910586696
2d,广阔,Informed-RRT*,7,235.548910586696
2d,广阔,PRM*,7,311.649002939501
2d,广阔,FMT*,7,299.363199251757
2d,广阔,BIT*,7,249.938464219348
2d,广阔,RRT#,7,235.455807072326
2d,广阔,AB-IRRT*,7,221.226373504114
2d,广阔,RRT*,8,214.629877197716
2d,广阔,Informed-RRT*,8,214.629877197716
2d,广阔,PRM*,8,304.141782578116
2d,广阔,FMT*,8,250.216004780298
2d,广阔,BIT*,8,244.499362335606
2d,广阔,RRT#,8,214.629877197716
2d,广阔,AB-IRRT*,8,221.226373504114
2d,广阔,RRT*,9,276.67404305976
2d,广阔,Informed-RRT*,9,276.67404305976
2d,广阔,PRM*,9,442.25753584937
2d,广阔,FMT*,9,267.257399929226
2d,广阔,BIT*,9,241.779594485082
2d,广阔,RRT#,9,274.669670969035
2d,广阔,AB-IRRT*,9,221.226373504114
2d,广阔,RRT*,10,243.733676735251
2d,广阔,Informed-RRT*,10,243.733676735251
2d,广阔,PRM*,10,273.54648561808
2d,广阔,FMT*,10,336.201158248151
2d,广阔,BIT*,10,259.13914050498
2d,广阔,RRT#,10,236.195659551985
2d,广阔,AB-IRRT*,10,221.226373504114
2d,广阔,RRT*,11,253.537910522799
2d,广阔,Informed-RRT*,11,253.537910522799
2d,广阔,PRM*,11,372.164231335168
2d,广阔,FMT*,11,246.912738422547
2d,广阔,BIT*,11,228.229807635013
2d,广阔,RRT#,11,253.537910522799
2d,广阔,AB-IRRT*,11,221.226373504114
2d,广阔,RRT*,12,265.579418206508
2d,广阔,Informed-RRT*,12,265.579418206508
2d,广阔,PRM*,12,431.857708124567
2d,广阔,FMT*,12,228.638727025719
2d,广阔,BIT*,12,226.157872402918
2d,广阔,RRT#,12,263.928056974135
2d,广阔,AB-IRRT*,12,221.226373504114
2d,广阔,RRT*,13,221.854293243574
2d,广阔,Informed-RRT*,13,221.854293243574
2d,广阔,PRM*,13,409.879503231468
2d,广阔,FMT*,13,273.417813644093
2d,广阔,BIT*,13,236.522789342575
2d,广阔,RRT#,13,221.791923436378
2d,广阔,AB-IRRT*,13,221.226373504114
2d,广阔,RRT*,14,270.795157424087
2d,广阔,Informed-RRT*,14,270.795157424087
2d,广阔,PRM*,14,295.292203639233
2d,广阔,FMT*,14,251.173464760524
2d,广阔,BIT*,14,249.422176127131
2d,广阔,RRT#,14,268.525196562875
2d,广阔,AB-IRRT*,14,221.226373504114
2d,广阔,RRT*,15,259.950529200986
2d,广阔,Informed-RRT*,15,259.950529200986
2d,广阔,PRM*,15,323.700922451565
2d,广阔,FMT*,15,269.696450738911
2d,广阔,BIT*,15,213.95219429362
2d,广阔,RRT#,15,259.950529200986
2d,广阔,AB-IRRT*,15,221.226373504114
2d,广阔,RRT*,16,252.336280208291
2d,广阔,Informed-RRT*,16,252.336280208291
2d,广阔,PRM*,16,358.987625790806
2d,广阔,FMT*,16,249.2478460037
2d,广阔,BIT*,16,215.555850291579
2d,广阔,RRT#,16,251.554814321018
2d,广阔,AB-IRRT*,16,221.226373504114
2d,广阔,RRT*,17,222.943559274442
2d,广阔,Informed-RRT*,17,222.943559274442
2d,广阔,PRM*,17,386.229135808394
2d,广阔,FMT*,17,268.384096415808
2d,广阔,BIT*,17,214.39942358842
2d,广阔,RRT#,17,222.895284076576
2d,广阔,AB-IRRT*,17,221.226373504114
2d,广阔,RRT*,18,243.806028183245
2d,广阔,Informed-RRT*,18,243.806028183245
2d,广阔,PRM*,18,272.508984038302
2d,广阔,FMT*,18,269.523341052878
2d,广阔,BIT*,18,245.43598381956
2d,广阔,RRT#,18,243.741603554431
2d,广阔,AB-IRRT*,18,221.226373504114
2d,广阔,RRT*,19,220.24644969523
2d,广阔,Informed-RRT*,19,220.24644969523
2d,广阔,PRM*,19,452.609199666515
2d,广阔,FMT*,19,257.404723473209
2d,广阔,BIT*,19,253.497400327225
2d,广阔,RRT#,19,220.24644969523
2d,广阔,AB-IRRT*,19,221.226373504114
2d,广阔,RRT*,20,219.135710398896
2d,广阔,Informed-RRT*,20,219.135710398896
2d,广阔,PRM*,20,303.703801073131
2d,广阔,FMT*,20,246.03161723975
2d,广阔,BIT*,20,230.350341212115
2d,广阔,RRT#,20,219.135710398896
2d,广阔,AB-IRRT*,20,221.226373504114
2d,广阔,RRT*,21,239.828253802822
2d,广阔,Informed-RRT*,21,239.828253802822
2d,广阔,PRM*,21,342.967414427892
2d,广阔,FMT*,21,256.497083704289
2d,广阔,BIT*,21,244.448848210662
2d,广阔,RRT#,21,235.326147774234
2d,广阔,AB-IRRT*,21,221.226373504114
2d,广阔,RRT*,22,216.405697440382
2d,广阔,Informed-RRT*,22,216.405697440382
2d,广阔,PRM*,22,312.845245862416
2d,广阔,FMT*,22,256.494805395391
2d,广阔,BIT*,22,209.551108940219
2d,广阔,RRT#,22,216.405697440382
2d,广阔,AB-IRRT*,22,221.226373504114
2d,广阔,RRT*,23,226.314706029914
2d,广阔,Informed-RRT*,23,226.314706029914
2d,广阔,PRM*,23,306.420548400198
2d,广阔,FMT*,23,293.787443407267
2d,广阔,BIT*,23,280.687945181657
2d,广阔,RRT#,23,225.026238184264
2d,广阔,AB-IRRT*,23,221.226373504114
2d,广阔,RRT*,24,221.601236120879
2d,广阔,Informed-RRT*,24,221.601236120879
2d,广阔,PRM*,24,272.327395418289
2d,广阔,FMT*,24,289.950954749966
2d,广阔,BIT*,24,242.654181663892
2d,广阔,RRT#,24,221.601236120879
2d,广阔,AB-IRRT*,24,221.226373504114
2d,广阔,RRT*,25,235.589697526094
2d,广阔,Informed-RRT*,25,235.589697526094
2d,广阔,PRM*,25,292.488208263624
2d,广阔,FMT*,25,262.584222320718
2d,广阔,BIT*,25,240.429358919203
2d,广阔,RRT#,25,235.368139626952
2d,广阔,AB-IRRT*,25,221.226373504114
2d,广阔,RRT*,26,251.916704686361
2d,广阔,Informed-RRT*,26,251.916704686361
2d,广阔,PRM*,26,260.605056576547
2d,广阔,FMT*,26,232.867804193483
2d,广阔,BIT*,26,224.718089699848
2d,广阔,RRT#,26,251.916704686361
2d,广阔,AB-IRRT*,26,221.226373504114
2d,广阔,RRT*,27,216.677264318093
2d,广阔,Informed-RRT*,27,216.677264318093
2d,广阔,PRM*,27,387.32224335993
2d,广阔,FMT*,27,264.741370137921
2d,广阔,BIT*,27,253.259891198339
2d,广阔,RRT#,27,216.180980457885
2d,广阔,AB-IRRT*,27,221.226373504114
2d,广阔,RRT*,28,245.516794988474
2d,广阔,Informed-RRT*,28,245.516794988474
2d,广阔,PRM*,28,418.945290900042
2d,广阔,FMT*,28,241.427961718545
2d,广阔,BIT*,28,241.427342476036
2d,广阔,RRT#,28,244.980882621751
2d,广阔,AB-IRRT*,28,221.226373504114
2d,广阔,RRT*,29,234.425297333053
2d,广阔,Informed-RRT*,29,234.425297333053
2d,广阔,PRM*,29,418.453408938823
2d,广阔,FMT*,29,282.941640628667
2d,广阔,BIT*,29,273.151558413248
2d,广阔,RRT#,29,234.425297333053
2d,广阔,AB-IRRT*,29,221.226373504114
2d,广阔,RRT*,30,239.019546004261
2d,广阔,Informed-RRT*,30,239.019546004261
2d,广阔,PRM*,30,305.49625049986
2d,广阔,FMT*,30,311.593930512231
2d,广阔,BIT*,30,242.949584201185
2d,广阔,RRT#,30,239.019546004261
2d,广阔,AB-IRRT*,30,221.226373504114
2d,广阔,RRT*,31,266.528738761282
2d,广阔,Informed-RRT*,31,266.528738761282
2d,广阔,PRM*,31,339.913545454784
2d,广阔,FMT*,31,290.632954503072
2d,广阔,BIT*,31,220.5614890654
2d,广阔,RRT#,31,266.528738761282
2d,广阔,AB-IRRT*,31,221.226373504114
2d,广阔,RRT*,32,217.774225543898
2d,广阔,Informed-RRT*,32,217.774225543898
2d,广阔,PRM*,32,310.681818028112
2d,广阔,FMT*,32,293.715561113604
2d,广阔,BIT*,32,218.700864808318
2d,广阔,RRT#,32,217.774225543898
2d,广阔,AB-IRRT*,32,221.226373504114
2d,广阔,RRT*,33,227.82659098461
2d,广阔,Informed-RRT*,33,227.82659098461
2d,广阔,PRM*,33,282.695791779586
2d,广阔,FMT*,33,241.324488875485
2d,广阔,BIT*,33,233.699154371825
2d,广阔,RRT#,33,227.82659098461
2d,广阔,AB-IRRT*,33,221.226373504114
2d,广阔,RRT*,34,231.943834862954
2d,广阔,Informed-RRT*,34,231.943834862954
2d,广阔,PRM*,34,342.697126580945
2d,广阔,FMT*,34,299.051343706339
2d,广阔,BIT*,34,228.683102502712
2d,广阔,RRT#,34,231.943834862954
2d,广阔,AB-IRRT*,34,221.226373504114
2d,广阔,RRT*,35,256.802594780921
2d,广阔,Informed-RRT*,35,256.802594780921
2d,广阔,PRM*,35,279.1747048048
2d,广阔,FMT*,35,291.121530432298
2d,广阔,BIT*,35,248.921915200826
2d,广阔,RRT#,35,254.928792370593
2d,广阔,AB-IRRT*,35,221.226373504114
2d,广阔,RRT*,36,227.196803099869
2d,广阔,Informed-RRT*,36,227.196803099869
2d,广阔,PRM*,36,260.073845752236
2d,广阔,FMT*,36,253.822000409594
2d,广阔,BIT*,36,233.234629596771
2d,广阔,RRT#,36,227.196803099869
2d,广阔,AB-IRRT*,36,221.226373504114
2d,广阔,RRT*,37,231.211136315465
2d,广阔,Informed-RRT*,37,231.211136315465
2d,广阔,PRM*,37,267.379656359871
2d,广阔,FMT*,37,259.994786615491
2d,广阔,BIT*,37,211.666220455985
2d,广阔,RRT#,37,230.197687245156
2d,广阔,AB-IRRT*,37,221.226373504114
2d,广阔,RRT*,38,219.124471805344
2d,广阔,Informed-RRT*,38,219.124471805344
2d,广阔,PRM*,38,268.861840980742
2d,广阔,FMT*,38,277.576467995015
2d,广阔,BIT*,38,248.976339332349
2d,广阔,RRT#,38,217.377410370434
2d,广阔,AB-IRRT*,38,221.226373504114
2d,广阔,RRT*,39,247.026946681932
2d,广阔,Informed-RRT*,39,247.026946681932
2d,广阔,PRM*,39,310.002412359321
2d,广阔,FMT*,39,227.792672679139
2d,广阔,BIT*,39,212.199806680153
2d,广阔,RRT#,39,246.49916353559
2d,广阔,AB-IRRT*,39,221.226373504114
2d,广阔,RRT*,40,225.423798209945
2d,广阔,Informed-RRT*,40,225.423798209945
2d,广阔,PRM*,40,280.532859840155
2d,广阔,FMT*,40,239.888430472649
2d,广阔,BIT*,40,231.547405161585
2d,广阔,RRT#,40,224.137808346983
2d,广阔,AB-IRRT*,40,221.226373504114
2d,广阔,RRT*,41,288.598491541803
2d,广阔,Informed-RRT*,41,288.598491541803
2d,广阔,PRM*,41,246.467711329756
2d,广阔,FMT*,41,284.716765106597
2d,广阔,BIT*,41,255.851203631652
2d,广阔,RRT#,41,284.223570711446
2d,广阔,AB-IRRT*,41,221.226373504114
2d,广阔,RRT*,42,242.627156157198
2d,广阔,Informed-RRT*,42,242.627156157198
2d,广阔,PRM*,42,316.940719462085
2d,广阔,FMT*,42,232.368966822254
2d,广阔,BIT*,42,218.032526449886
2d,广阔,RRT#,42,242.623904939474
2d,广阔,AB-IRRT*,42,221.226373504114
2d,广阔,RRT*,43,217.806092977709
2d,广阔,Informed-RRT*,43,217.806092977709
2d,广阔,PRM*,43,283.3925522735
2d,广阔,FMT*,43,273.31778746333
2d,广阔,BIT*,43,265.25298830797
2d,广阔,RRT#,43,217.76683903406
2d,广阔,AB-IRRT*,43,221.226373504114
2d,广阔,RRT*,44,223.190950251435
2d,广阔,Informed-RRT*,44,223.190950251435
2d,广阔,PRM*,44,435.849534571462
2d,广阔,FMT*,44,246.060532023665
2d,广阔,BIT*,44,241.643474196494
2d,广阔,RRT#,44,223.190950251435
2d,广阔,AB-IRRT*,44,221.226373504114
2d,广阔,RRT*,45,220.130019986585
2d,广阔,Informed-RRT*,45,220.130019986585
2d,广阔,PRM*,45,398.731300860441
2d,广阔,FMT*,45,277.043613770654
2d,广阔,BIT*,45,235.604441150471
2d,广阔,RRT#,45,220.130019986585
2d,广阔,AB-IRRT*,45,221.226373504114
2d,广阔,RRT*,46,230.551404848019
2d,广阔,Informed-RRT*,46,230.551404848019
2d,广阔,PRM*,46,381.113378839042
2d,广阔,FMT*,46,283.597615899817
2d,广阔,BIT*,46,237.952746686306
2d,广阔,RRT#,46,230.551404848019
2d,广阔,AB-IRRT*,46,221.226373504114
2d,广阔,RRT*,47,214.999668988986
2d,广阔,Informed-RRT*,47,214.999668988986
2d,广阔,PRM*,47,356.164420002444
2d,广阔,FMT*,47,271.689442386916
2d,广阔,BIT*,47,211.187566749443
2d,广阔,RRT#,47,214.782856966166
2d,广阔,AB-IRRT*,47,221.226373504114
2d,广阔,RRT*,48,236.171996856726
2d,广阔,Informed-RRT*,48,236.171996856726
2d,广阔,PRM*,48,320.836847005748
2d,广阔,FMT*,48,242.773556651196
2d,广阔,BIT*,48,241.973328002421
2d,广阔,RRT#,48,236.171996856726
2d,广阔,AB-IRRT*,48,221.226373504114
2d,广阔,RRT*,49,225.23281599329
2d,广阔,Informed-RRT*,49,225.23281599329
2d,广阔,PRM*,49,307.981535112543
2d,广阔,FMT*,49,265.231356697856
2d,广阔,BIT*,49,247.640872611045
2d,广阔,RRT#,49,225.227952801376
2d,广阔,AB-IRRT*,49,221.226373504114
2d,广阔,RRT*,50,222.488452837232
2d,广阔,Informed-RRT*,50,222.488452837232
2d,广阔,PRM*,50,339.595029416078
2d,广阔,FMT*,50,264.723714315774
2d,广阔,BIT*,50,255.869003304199
2d,广阔,RRT#,50,222.488452837232
2d,广阔,AB-IRRT*,50,221.226373504114
3d,一般,RRT*,1,286.21665910751
3d,一般,Informed-RRT*,1,286.21665910751
3d,一般,PRM*,1,369.005093777638
3d,一般,FMT*,1,388.562463617608
3d,一般,BIT*,1,305.092786276563
3d,一般,RRT#,1,286.21665910751
3d,一般,AB-IRRT*,1,276.853248435528
3d,一般,RRT*,2,283.130106590932
3d,一般,Informed-RRT*,2,283.130106590932
3d,一般,PRM*,2,456.614037783561
3d,一般,FMT*,2,384.519454195151
3d,一般,BIT*,2,295.874006549278
3d,一般,RRT#,2,283.130106590932
3d,一般,AB-IRRT*,2,276.853248435528
3d,一般,RRT*,3,298.363420742098
3d,一般,Informed-RRT*,3,298.363420742098
3d,一般,PRM*,3,396.247111619131
3d,一般,FMT*,3,408.555975605484
3d,一般,BIT*,3,311.950829560495
3d,一般,RRT#,3,296.863322924082
3d,一般,AB-IRRT*,3,276.853248435528
3d,一般,RRT*,4,304.69176507634
3d,一般,Informed-RRT*,4,304.69176507634
3d,一般,PRM*,4,322.105453289245
3d,一般,FMT*,4,416.234137073685
3d,一般,BIT*,4,306.206922039967
3d,一般,RRT#,4,303.592206291533
3d,一般,AB-IRRT*,4,276.853248435528
3d,一般,RRT*,5,286.501823536638
3d,一般,Informed-RRT*,5,286.501823536638
3d,一般,PRM*,5,475.513454011492
3d,一般,FMT*,5,447.338355973497
3d,一般,BIT*,5,338.520112379641
3d,一般,RRT#,5,286.501823536638
3d,一般,AB-IRRT*,5,276.853248435528
3d,一般,RRT*,6,280.54228735255
3d,一般,Informed-RRT*,6,280.54228735255
3d,一般,PRM*,6,302.319343532688
3d,一般,FMT*,6,316.937847772534
3d,一般,BIT*,6,282.740970779134
3d,一般,RRT#,6,280.54228735255
3d,一般,AB-IRRT*,6,276.853248435528
3d,一般,RRT*,7,294.32868255273
3d,一般,Informed-RRT*,7,294.32868255273
3d,一般,PRM*,7,327.624823567108
3d,一般,FMT*,7,459.358478025317
3d,一般,BIT*,7,338.399657425184
3d,一般,RRT#,7,294.32868255273
3d,一般,AB-IRRT*,7,276.853248435528
3d,一般,RRT*,8,306.956166115971
3d,一般,Informed-RRT*,8,306.956166115971
3d,一般,PRM*,8,460.809828598398
3d,一般,FMT*,8,323.380208352626
3d,一般,BIT*,8,367.954338961049
3d,一般,RRT#,8,306.956166115971
3d,一般,AB-IRRT*,8,276.853248435528
3d,一般,RRT*,9,275.729975348665
3d,一般,Informed-RRT*,9,275.729975348665
3d,一般,PRM*,9,331.445079309094
3d,一般,FMT*,9,281.231780876707
3d,一般,BIT*,9,281.231780876707
3d,一般,RRT#,9,275.729975348665
3d,一般,AB-IRRT*,9,276.853248435528
3d,一般,RRT*,10,287.705223189695
3d,一般,Informed-RRT*,10,287.705223189695
3d,一般,PRM*,10,490.48376892016
3d,一般,FMT*,10,328.978644213663
3d,一般,BIT*,10,369.6588713189
3d,一般,RRT#,10,287.705223189695
3d,一般,AB-IRRT*,10,276.853248435528
3d,一般,RRT*,11,290.311387637792
3d,一般,Informed-RRT*,11,290.311387637792
3d,一般,PRM*,11,349.498207997526
3d,一般,FMT*,11,447.835550246804
3d,一般,BIT*,11,295.468894820648
3d,一般,RRT#,11,290.311387637792
3d,一般,AB-IRRT*,11,276.853248435528
3d,一般,RRT*,12,274.977435944308
3d,一般,Informed-RRT*,12,274.977435944308
3d,一般,PRM*,12,376.399854203275
3d,一般,FMT*,12,330.922280387266
3d,一般,BIT*,12,346.275845632938
3d,一般,RRT#,12,274.977435944308
3d,一般,AB-IRRT*,12,276.853248435528
3d,一般,RRT*,13,289.036663225871
3d,一般,Informed-RRT*,13,289.036663225871
3d,一般,PRM*,13,331.915705898374
3d,一般,FMT*,13,423.927927244804
3d,一般,BIT*,13,329.553910981431
3d,一般,RRT#,13,289.036663225871
3d,一般,AB-IRRT*,13,276.853248435528
3d,一般,RRT*,14,315.27488727749
3d,一般,Informed-RRT*,14,315.27488727749
3d,一般,PRM*,14,348.515294798843
3d,一般,FMT*,14,425.740923117331
3d,一般,BIT*,14,374.302578595767
3d,一般,RRT#,14,315.27488727749
3d,一般,AB-IRRT*,14,276.853248435528
3d,一般,RRT*,15,292.107615990957
3d,一般,Informed-RRT*,15,292.107615990957
3d,一般,PRM*,15,339.01372611724
3d,一般,FMT*,15,425.69549755929
3d,一般,BIT*,15,331.929730652212
3d,一般,RRT#,15,291.019197852506
3d,一般,AB-IRRT*,15,276.853248435528
3d,一般,RRT*,16,286.460090871929
3d,一般,Informed-RRT*,16,286.460090871929
3d,一般,PRM*,16,667.924715478655
3d,一般,FMT*,16,456.784205338678
3d,一般,BIT*,16,336.64103019593
3d,一般,RRT#,16,286.460090871929
3d,一般,AB-IRRT*,16,276.853248435528
3d,一般,RRT*,17,287.252332620301
3d,一般,Informed-RRT*,17,287.252332620301
3d,一般,PRM*,17,370.47696716118
3d,一般,FMT*,17,426.453811805996
3d,一般,BIT*,17,399.087670378565
3d,一般,RRT#,17,287.058372548175
3d,一般,AB-IRRT*,17,276.853248435528
3d,一般,RRT*,18,281.444602878964
3d,一般,Informed-RRT*,18,281.444602878964
3d,一般,PRM*,18,296.019787738917
3d,一般,FMT*,18,360.175756279433
3d,一般,BIT*,18,393.637768548656
3d,一般,RRT#,18,281.444602878964
3d,一般,AB-IRRT*,18,276.853248435528
3d,一般,RRT*,19,294.454811972016
3d,一般,Informed-RRT*,19,294.454811972016
3d,一般,PRM*,19,331.230269849483
3d,一般,FMT*,19,391.499142007491
3d,一般,BIT*,19,302.802007727611
3d,一般,RRT#,19,294.454811972016
3d,一般,AB-IRRT*,19,276.853248435528
3d,一般,RRT*,20,286.451466272434
3d,一般,Informed-RRT*,20,286.451466272434
3d,一般,PRM*,20,377.219410308963
3d,一般,FMT*,20,324.662226605818
3d,一般,BIT*,20,331.768231927915
3d,一般,RRT#,20,286.451466272434
3d,一般,AB-IRRT*,20,276.853248435528
3d,一般,RRT*,21,293.245499263812
3d,一般,Informed-RRT*,21,293.245499263812
3d,一般,PRM*,21,391.081981023852
3d,一般,FMT*,21,369.685712200969
3d,一般,BIT*,21,341.487945323087
3d,一般,RRT#,21,293.245499263812
3d,一般,AB-IRRT*,21,276.853248435528
3d,一般,RRT*,22,309.262899097565
3d,一般,Informed-RRT*,22,309.262899097565
3d,一般,PRM*,22,381.864997626425
3d,一般,FMT*,22,353.341284993944
3d,一般,BIT*,22,348.668527533076
3d,一般,RRT#,22,309.242587982507
3d,一般,AB-IRRT*,22,276.853248435528
3d,一般,RRT*,23,288.624333059763
3d,一般,Informed-RRT*,23,288.624333059763
3d,一般,PRM*,23,353.754125409983
3d,一般,FMT*,23,397.705398821669
3d,一般,BIT*,23,322.202793244511
3d,一般,RRT#,23,288.624333059763
3d,一般,AB-IRRT*,23,276.853248435528
3d,一般,RRT*,24,330.236568412766
3d,一般,Informed-RRT*,24,330.236568412766
3d,一般,PRM*,24,362.215756268515
3d,一般,FMT*,24,278.760337679215
3d,一般,BIT*,24,299.484900205659
3d,一般,RRT#,24,328.580504345959
3d,一般,AB-IRRT*,24,276.853248435528
3d,一般,RRT*,25,300.050617545762
3d,一般,Informed-RRT*,25,300.050617545762
3d,一般,PRM*,25,402.920963285723
3d,一般,FMT*,25,373.135965350017
3d,一般,BIT*,25,323.931050603122
3d,一般,RRT#,25,300.050617545762
3d,一般,AB-IRRT*,25,276.853248435528
3d,一般,RRT*,26,290.000783097889
3d,一般,Informed-RRT*,26,290.000783097889
3d,一般,PRM*,26,446.33480273306
3d,一般,FMT*,26,347.712497400807
3d,一般,BIT*,26,311.543990063185
3d,一般,RRT#,26,290.000783097889
3d,一般,AB-IRRT*,26,276.853248435528
3d,一般,RRT*,27,280.333183952739
3d,一般,Informed-RRT*,27,280.333183952739
3d,一般,PRM*,27,444.720426203761
3d,一般,FMT*,27,392.395186933717
3d,一般,BIT*,27,323.166532184277
3d,一般,RRT#,27,280.333183952739
3d,一般,AB-IRRT*,27,276.853248435528
3d,一般,RRT*,28,301.46364099367
3d,一般,Informed-RRT*,28,301.46364099367
3d,一般,PRM*,28,400.841745804891
3d,一般,FMT*,28,372.128283106244
3d,一般,BIT*,28,343.755791669019
3d,一般,RRT#,28,301.46364099367
3d,一般,AB-IRRT*,28,276.853248435528
3d,一般,RRT*,29,315.303094328424
3d,一般,Informed-RRT*,29,315.303094328424
3d,一般,PRM*,29,344.176473980355
3d,一般,FMT*,29,278.973384013896
3d,一般,BIT*,29,287.204756747633
3d,一般,RRT#,29,315.296362528614
3d,一般,AB-IRRT*,29,276.853248435528
3d,一般,RRT*,30,294.916788178371
3d,一般,Informed-RRT*,30,294.916788178371
3d,一般,PRM*,30,361.241618324963
3d,一般,FMT*,30,358.014434454197
3d,一般,BIT*,30,339.131937299038
3d,一般,RRT#,30,294.71401553572
3d,一般,AB-IRRT*,30,276.853248435528
3d,一般,RRT*,31,286.631346658181
3d,一般,Informed-RRT*,31,286.631346658181
3d,一般,PRM*,31,351.051489813572
3d,一般,FMT*,31,353.084064163676
3d,一般,BIT*,31,299.437657502568
3d,一般,RRT#,31,286.295715872917
3d,一般,AB-IRRT*,31,276.853248435528
3d,一般,RRT*,32,314.29363378229
3d,一般,Informed-RRT*,32,314.29363378229
3d,一般,PRM*,32,336.204762249639
3d,一般,FMT*,32,348.737247452898
3d,一般,BIT*,32,358.029163711081
3d,一般,RRT#,32,314.29363378229
3d,一般,AB-IRRT*,32,276.853248435528
3d,一般,RRT*,33,349.423160262817
3d,一般,Informed-RRT*,33,349.423160262817
3d,一般,PRM*,33,365.135390003851
3d,一般,FMT*,33,317.47121522431
3d,一般,BIT*,33,334.97576294992
3d,一般,RRT#,33,349.423160262817
3d,一般,AB-IRRT*,33,276.853248435528
3d,一般,RRT*,34,291.583726253713
3d,一般,Informed-RRT*,34,291.583726253713
3d,一般,PRM*,34,394.988614532074
3d,一般,FMT*,34,442.079846044128
3d,一般,BIT*,34,296.359328990828
3d,一般,RRT#,34,291.583726253713
3d,一般,AB-IRRT*,34,276.853248435528
3d,一般,RRT*,35,301.420585904597
3d,一般,Informed-RRT*,35,301.420585904597
3d,一般,PRM*,35,349.848795022977
3d,一般,FMT*,35,333.754780518701
3d,一般,BIT*,35,346.539460860211
3d,一般,RRT#,35,301.420585904597
3d,一般,AB-IRRT*,35,276.853248435528
3d,一般,RRT*,36,281.407364504488
3d,一般,Informed-RRT*,36,281.407364504488
3d,一般,PRM*,36,574.663907515395
3d,一般,FMT*,36,368.919959099642
3d,一般,BIT*,36,369.56860699512
3d,一般,RRT#,36,281.407364504488
3d,一般,AB-IRRT*,36,276.853248435528
3d,一般,RRT*,37,282.749916572618
3d,一般,Informed-RRT*,37,282.749916572618
3d,一般,PRM*,37,312.901503385065
3d,一般,FMT*,37,338.442808466518
3d,一般,BIT*,37,362.331361206868
3d,一般,RRT#,37,282.19488737255
3d,一般,AB-IRRT*,37,276.853248435528
3d,一般,RRT*,38,308.120461792022
3d,一般,Informed-RRT*,38,308.120461792022
3d,一般,PRM*,38,351.743401719975
3d,一般,FMT*,38,457.421644528189
3d,一般,BIT*,38,467.315235763284
3d,一般,RRT#,38,308.120461792022
3d,一般,AB-IRRT*,38,276.853248435528
3d,一般,RRT*,39,382.782183325995
3d,一般,Informed-RRT*,39,382.782183325995
3d,一般,PRM*,39,392.397779303627
3d,一般,FMT*,39,345.81071965929
3d,一般,BIT*,39,277.087969713239
3d,一般,RRT#,39,382.782183325995
3d,一般,AB-IRRT*,39,276.853248435528
3d,一般,RRT*,40,285.096083745599
3d,一般,Informed-RRT*,40,285.096083745599
3d,一般,PRM*,40,327.034679437184
3d,一般,FMT*,40,408.124433092206
3d,一般,BIT*,40,366.836060534343
3d,一般,RRT#,40,285.096083745599
3d,一般,AB-IRRT*,40,276.853248435528
3d,一般,RRT*,41,295.576552451745
3d,一般,Informed-RRT*,41,295.576552451745
3d,一般,PRM*,41,309.145532931602
3d,一般,FMT*,41,391.177734895568
3d,一般,BIT*,41,321.333802719956
3d,一般,RRT#,41,294.72279447904
3d,一般,AB-IRRT*,41,276.853248435528
3d,一般,RRT*,42,342.127988717458
3d,一般,Informed-RRT*,42,342.127988717458
3d,一般,PRM*,42,377.750582846774
3d,一般,FMT*,42,401.243938632598
3d,一般,BIT*,42,348.067161032358
3d,一般,RRT#,42,342.127988717458
3d,一般,AB-IRRT*,42,276.853248435528
3d,一般,RRT*,43,279.568047824522
3d,一般,Informed-RRT*,43,279.568047824522
3d,一般,PRM*,43,466.497517775134
3d,一般,FMT*,43,441.041184732686
3d,一般,BIT*,43,277.648891683759
3d,一般,RRT#,43,279.568047824522
3d,一般,AB-IRRT*,43,276.853248435528
3d,一般,RRT*,44,284.312220346797
3d,一般,Informed-RRT*,44,284.312220346797
3d,一般,PRM*,44,385.643900302231
3d,一般,FMT*,44,393.025455591094
3d,一般,BIT*,44,334.001684219424
3d,一般,RRT#,44,284.312220346797
3d,一般,AB-IRRT*,44,276.853248435528
3d,一般,RRT*,45,378.386978344802
3d,一般,Informed-RRT*,45,378.386978344802
3d,一般,PRM*,45,388.683355614969
3d,一般,FMT*,45,367.048609191953
3d,一般,BIT*,45,367.818261138253
3d,一般,RRT#,45,376.226635762157
3d,一般,AB-IRRT*,45,276.853248435528
3d,一般,RRT*,46,280.248830099798
3d,一般,Informed-RRT*,46,280.248830099798
3d,一般,PRM*,46,365.561204382629
3d,一般,FMT*,46,435.035383549326
3d,一般,BIT*,46,371.444245198244
3d,一般,RRT#,46,280.248830099798
3d,一般,AB-IRRT*,46,276.853248435528
3d,一般,RRT*,47,368.484958233401
3d,一般,Informed-RRT*,47,368.484958233401
3d,一般,PRM*,47,348.290612765468
3d,一般,FMT*,47,415.338995751139
3d,一般,BIT*,47,321.537269340073
3d,一般,RRT#,47,365.617950312426
3d,一般,AB-IRRT*,47,276.853248435528
3d,一般,RRT*,48,286.116166795426
3d,一般,Informed-RRT*,48,286.116166795426
3d,一般,PRM*,48,328.821230276397
3d,一般,FMT*,48,474.1353512476
3d,一般,BIT*,48,365.421733133436
3d,一般,RRT#,48,285.237570732202
3d,一般,AB-IRRT*,48,276.853248435528
3d,一般,RRT*,49,293.473328706893
3d,一般,Informed-RRT*,49,293.473328706893
3d,一般,PRM*,49,384.627051998555
3d,一般,FMT*,49,482.195269822833
3d,一般,BIT*,49,369.206741731649
3d,一般,RRT#,49,293.473328706893
3d,一般,AB-IRRT*,49,276.853248435528
3d,一般,RRT*,50,290.819488669564
3d,一般,Informed-RRT*,50,290.819488669564
3d,一般,PRM*,50,330.678537597821
3d,一般,FMT*,50,343.345285836156
3d,一般,BIT*,50,315.323491162338
3d,一般,RRT#,50,290.819488669564
3d,一般,AB-IRRT*,50,276.853248435528
3d,狭窄,RRT*,1,262.114318138824
3d,狭窄,Informed-RRT*,1,262.114318138824
3d,狭窄,PRM*,1,336.518804452867
3d,狭窄,FMT*,1,417.271661602247
3d,狭窄,BIT*,1,268.88267267249
3d,狭窄,RRT#,1,262.114318138824
3d,狭窄,AB-IRRT*,1,248.081522405792
3d,狭窄,RRT*,2,286.473671677838
3d,狭窄,Informed-RRT*,2,286.473671677838
3d,狭窄,PRM*,2,365.44387346925
3d,狭窄,FMT*,2,297.527326232268
3d,狭窄,RRT#,2,286.466115866646
3d,狭窄,AB-IRRT*,2,248.081522405792
3d,狭窄,RRT*,3,276.115646622708
3d,狭窄,Informed-RRT*,3,276.115646622708
3d,狭窄,PRM*,3,325.114165724461
3d,狭窄,FMT*,3,276.464581478184
3d,狭窄,BIT*,3,285.181951312802
3d,狭窄,RRT#,3,276.115646622708
3d,狭窄,AB-IRRT*,3,248.081522405792
3d,狭窄,RRT*,4,257.716522086291
3d,狭窄,Informed-RRT*,4,257.716522086291
3d,狭窄,PRM*,4,300.288963969717
3d,狭窄,FMT*,4,301.939580668403
3d,狭窄,BIT*,4,284.763173746539
3d,狭窄,RRT#,4,257.716522086291
3d,狭窄,AB-IRRT*,4,248.081522405792
3d,狭窄,RRT*,5,277.275233965917
3d,狭窄,Informed-RRT*,5,277.275233965917
3d,狭窄,PRM*,5,398.054494479286
3d,狭窄,FMT*,5,295.569378792589
3d,狭窄,RRT#,5,277.275233965917
3d,狭窄,AB-IRRT*,5,248.081522405792
3d,狭窄,RRT*,6,286.82882616476
3d,狭窄,Informed-RRT*,6,286.82882616476
3d,狭窄,PRM*,6,384.488367219428
3d,狭窄,FMT*,6,463.180916352733
3d,狭窄,BIT*,6,270.696745399138
3d,狭窄,RRT#,6,285.032675996047
3d,狭窄,AB-IRRT*,6,248.081522405792
3d,狭窄,RRT*,7,271.971520171375
3d,狭窄,Informed-RRT*,7,271.971520171375
3d,狭窄,PRM*,7,323.678600904233
3d,狭窄,FMT*,7,474.269842996599
3d,狭窄,BIT*,7,298.54642563454
3d,狭窄,RRT#,7,271.971520171375
3d,狭窄,AB-IRRT*,7,248.081522405792
3d,狭窄,RRT*,8,270.056561051799
3d,狭窄,Informed-RRT*,8,270.056561051799
3d,狭窄,PRM*,8,362.674661278214
3d,狭窄,FMT*,8,265.801891398585
3d,狭窄,BIT*,8,265.801891398585
3d,狭窄,RRT#,8,270.056561051799
3d,狭窄,AB-IRRT*,8,248.081522405792
3d,狭窄,RRT*,9,274.349627357381
3d,狭窄,Informed-RRT*,9,274.349627357381
3d,狭窄,PRM*,9,272.729222348067
3d,狭窄,FMT*,9,294.173632862788
3d,狭窄,BIT*,9,296.950283191814
3d,狭窄,RRT#,9,272.405974302015
3d,狭窄,AB-IRRT*,9,248.081522405792
3d,狭窄,RRT*,10,292.398619265391
3d,狭窄,Informed-RRT*,10,292.398619265391
3d,狭窄,PRM*,10,314.400484201088
3d,狭窄,FMT*,10,276.629831623795
3d,狭窄,BIT*,10,279.355665894793
3d,狭窄,RRT#,10,289.141006140609
3d,狭窄,AB-IRRT*,10,248.081522405792
3d,狭窄,RRT*,11,280.532139388905
3d,狭窄,Informed-RRT*,11,280.532139388905
3d,狭窄,PRM*,11,327.891355325071
3d,狭窄,FMT*,11,309.588526093584
3d,狭窄,RRT#,11,278.036728233021
3d,狭窄,AB-IRRT*,11,248.081522405792
3d,狭窄,RRT*,12,273.589808630268
3d,狭窄,Informed-RRT*,12,273.589808630268
3d,狭窄,PRM*,12,328.399335738491
3d,狭窄,FMT*,12,287.734138014176
3d,狭窄,BIT*,12,300.357172989114
3d,狭窄,RRT#,12,272.247870176304
3d,狭窄,AB-IRRT*,12,248.081522405792
3d,狭窄,RRT*,13,268.861972072779
3d,狭窄,Informed-RRT*,13,268.861972072779
3d,狭窄,PRM*,13,345.888205641188
3d,狭窄,FMT*,13,377.803689706091
3d,狭窄,BIT*,13,346.411679268095
3d,狭窄,RRT#,13,268.861972072779
3d,狭窄,AB-IRRT*,13,248.081522405792
3d,狭窄,RRT*,14,274.54204510482
3d,狭窄,Informed-RRT*,14,274.54204510482
3d,狭窄,PRM*,14,402.548715490609
3d,狭窄,FMT*,14,279.094926591377
3d,狭窄,BIT*,14,279.094926591377
3d,狭窄,RRT#,14,272.931236627245
3d,狭窄,AB-IRRT*,14,248.081522405792
3d,狭窄,RRT*,15,273.298521637141
3d,狭窄,Informed-RRT*,15,273.298521637141
3d,狭窄,PRM*,15,380.859869475612
3d,狭窄,FMT*,15,293.132352690864
3d,狭窄,BIT*,15,293.132352690864
3d,狭窄,RRT#,15,273.298521637141
3d,狭窄,AB-IRRT*,15,248.081522405792
3d,狭窄,RRT*,16,268.880270867288
3d,狭窄,Informed-RRT*,16,268.880270867288
3d,狭窄,PRM*,16,325.867510843402
3d,狭窄,FMT*,16,291.038568424649
3d,狭窄,RRT#,16,268.096876387947
3d,狭窄,AB-IRRT*,16,248.081522405792
3d,狭窄,RRT*,17,283.497361294477
3d,狭窄,Informed-RRT*,17,283.497361294477
3d,狭窄,PRM*,17,294.947333425618
3d,狭窄,FMT*,17,360.574306973489
3d,狭窄,RRT#,17,282.956228671714
3d,狭窄,AB-IRRT*,17,248.081522405792
3d,狭窄,RRT*,18,272.592145786139
3d,狭窄,Informed-RRT*,18,272.592145786139
3d,狭窄,PRM*,18,288.55839161445
3d,狭窄,FMT*,18,295.642077671478
3d,狭窄,RRT#,18,270.02943367882
3d,狭窄,AB-IRRT*,18,248.081522405792
3d,狭窄,RRT*,19,266.646226628789
3d,狭窄,Informed-RRT*,19,266.646226628789
3d,狭窄,PRM*,19,283.717511985562
3d,狭窄,FMT*,19,305.702093785756
3d,狭窄,RRT#,19,266.646226628789
3d,狭窄,AB-IRRT*,19,248.081522405792
3d,狭窄,RRT*,20,281.528578484902
3d,狭窄,Informed-RRT*,20,281.528578484902
3d,狭窄,PRM*,20,316.12656559969
3d,狭窄,FMT*,20,281.569930999168
3d,狭窄,BIT*,20,285.717518254148
3d,狭窄,RRT#,20,279.079114711137
3d,狭窄,AB-IRRT*,20,248.081522405792
3d,狭窄,RRT*,21,278.171550656988
3d,狭窄,Informed-RRT*,21,278.171550656988
3d,狭窄,PRM*,21,280.307378916749
3d,狭窄,FMT*,21,300.435769891735
3d,狭窄,BIT*,21,281.421736593364
3d,狭窄,RRT#,21,278.117595200518
3d,狭窄,AB-IRRT*,21,248.081522405792
3d,狭窄,RRT*,22,311.473816589875
3d,狭窄,Informed-RRT*,22,311.473816589875
3d,狭窄,PRM*,22,299.256647462783
3d,狭窄,FMT*,22,277.61011397149
3d,狭窄,RRT#,22,311.473816589875
3d,狭窄,AB-IRRT*,22,248.081522405792
3d,狭窄,RRT*,23,287.33001229733
3d,狭窄,Informed-RRT*,23,287.33001229733
3d,狭窄,PRM*,23,304.114108922188
3d,狭窄,FMT*,23,322.195351016516
3d,狭窄,RRT#,23,287.21208016615
3d,狭窄,AB-IRRT*,23,248.081522405792
3d,狭窄,RRT*,24,261.498095257688
3d,狭窄,Informed-RRT*,24,261.498095257688
3d,狭窄,PRM*,24,281.740562029876
3d,狭窄,FMT*,24,297.703981872625
3d,狭窄,BIT*,24,301.500409615684
3d,狭窄,RRT#,24,261.498095257688
3d,狭窄,AB-IRRT*,24,248.081522405792
3d,狭窄,RRT*,25,277.410388047667
3d,狭窄,Informed-RRT*,25,277.410388047667
3d,狭窄,PRM*,25,322.280202518377
3d,狭窄,FMT*,25,288.244524280175
3d,狭窄,BIT*,25,288.244524280175
3d,狭窄,RRT#,25,275.86908959251
3d,狭窄,AB-IRRT*,25,248.081522405792
3d,狭窄,RRT*,26,277.754338335161
3d,狭窄,Informed-RRT*,26,277.754338335161
3d,狭窄,PRM*,26,300.289846249907
3d,狭窄,FMT*,26,306.346788202823
3d,狭窄,RRT#,26,276.760619475483
3d,狭窄,AB-IRRT*,26,248.081522405792
3d,狭窄,RRT*,27,302.097611182021
3d,狭窄,Informed-RRT*,27,302.097611182021
3d,狭窄,PRM*,27,287.982153650065
3d,狭窄,FMT*,27,274.202492052771
3d,狭窄,BIT*,27,274.202492052771
3d,狭窄,RRT#,27,302.097611182021
3d,狭窄,AB-IRRT*,27,248.081522405792
3d,狭窄,RRT*,28,327.295671264123
3d,狭窄,Informed-RRT*,28,327.295671264123
3d,狭窄,PRM*,28,316.056191855037
3d,狭窄,FMT*,28,294.993875686156
3d,狭窄,BIT*,28,294.993875686156
3d,狭窄,RRT#,28,326.787942481108
3d,狭窄,AB-IRRT*,28,248.081522405792
3d,狭窄,RRT*,29,259.319839521514
3d,狭窄,Informed-RRT*,29,259.319839521514
3d,狭窄,PRM*,29,298.452378027534
3d,狭窄,FMT*,29,316.118384703303
3d,狭窄,BIT*,29,270.82098263599
3d,狭窄,RRT#,29,259.319839521514
3d,狭窄,AB-IRRT*,29,248.081522405792
3d,狭窄,RRT*,30,258.218120234651
3d,狭窄,Informed-RRT*,30,258.218120234651
3d,狭窄,PRM*,30,295.508345477276
3d,狭窄,FMT*,30,362.459049116755
3d,狭窄,RRT#,30,257.596429694458
3d,狭窄,AB-IRRT*,30,248.081522405792
3d,狭窄,RRT*,31,264.35253924717
3d,狭窄,Informed-RRT*,31,264.35253924717
3d,狭窄,PRM*,31,413.875239100392
3d,狭窄,FMT*,31,272.777556261296
3d,狭窄,RRT#,31,264.35253924717
3d,狭窄,AB-IRRT*,31,248.081522405792
3d,狭窄,RRT*,32,261.106535328128
3d,狭窄,Informed-RRT*,32,261.106535328128
3d,狭窄,PRM*,32,286.959072662872
3d,狭窄,FMT*,32,268.294487905022
3d,狭窄,BIT*,32,268.294487905022
3d,狭窄,RRT#,32,261.106535328128
3d,狭窄,AB-IRRT*,32,248.081522405792
3d,狭窄,RRT*,33,280.072682361153
3d,狭窄,Informed-RRT*,33,280.072682361153
3d,狭窄,PRM*,33,338.818333902016
3d,狭窄,FMT*,33,283.043883322658
3d,狭窄,BIT*,33,268.402209195979
3d,狭窄,RRT#,33,280.072682361153
3d,狭窄,AB-IRRT*,33,248.081522405792
3d,狭窄,RRT*,34,322.28683772891
3d,狭窄,Informed-RRT*,34,322.28683772891
3d,狭窄,PRM*,34,333.472228943193
3d,狭窄,FMT*,34,287.832271952222
3d,狭窄,BIT*,34,284.890776901601
3d,狭窄,RRT#,34,322.28683772891
3d,狭窄,AB-IRRT*,34,248.081522405792
3d,狭窄,RRT*,35,263.355437866177
3d,狭窄,Informed-RRT*,35,263.355437866177
3d,狭窄,PRM*,35,286.676005742296
3d,狭窄,FMT*,35,329.926598150367
3d,狭窄,BIT*,35,285.120798355567
3d,狭窄,RRT#,35,263.355437866177
3d,狭窄,AB-IRRT*,35,248.081522405792
3d,狭窄,RRT*,36,267.527062990546
3d,狭窄,Informed-RRT*,36,267.527062990546
3d,狭窄,PRM*,36,272.240188351944
3d,狭窄,FMT*,36,329.641022773265
3d,狭窄,BIT*,36,293.809869218696
3d,狭窄,RRT#,36,266.591055085279
3d,狭窄,AB-IRRT*,36,248.081522405792
3d,狭窄,RRT*,37,270.514188780129
3d,狭窄,Informed-RRT*,37,270.514188780129
3d,狭窄,PRM*,37,367.544258968604
3d,狭窄,FMT*,37,291.35035911705
3d,狭窄,RRT#,37,270.046070727999
3d,狭窄,AB-IRRT*,37,248.081522405792
3d,狭窄,RRT*,38,269.281463827407
3d,狭窄,Informed-RRT*,38,269.281463827407
3d,狭窄,PRM*,38,348.864151289122
3d,狭窄,FMT*,38,302.231350426124
3d,狭窄,BIT*,38,277.362645656752
3d,狭窄,RRT#,38,269.281463827407
3d,狭窄,AB-IRRT*,38,248.081522405792
3d,狭窄,RRT*,39,273.383392894298
3d,狭窄,Informed-RRT*,39,273.383392894298
3d,狭窄,PRM*,39,291.743360935495
3d,狭窄,FMT*,39,453.156254269394
3d,狭窄,BIT*,39,445.256891395928
3d,狭窄,RRT#,39,273.383392894298
3d,狭窄,AB-IRRT*,39,248.081522405792
3d,狭窄,RRT*,40,269.601436092709
3d,狭窄,Informed-RRT*,40,269.601436092709
3d,狭窄,PRM*,40,451.838993200045
3d,狭窄,FMT*,40,317.277614833636
3d,狭窄,RRT#,40,269.601436092709
3d,狭窄,AB-IRRT*,40,248.081522405792
3d,狭窄,RRT*,41,281.471667544248
3d,狭窄,Informed-RRT*,41,281.471667544248
3d,狭窄,PRM*,41,345.061721696521
3d,狭窄,FMT*,41,311.555998151769
3d,狭窄,RRT#,41,281.471667544248
3d,狭窄,AB-IRRT*,41,248.081522405792
3d,狭窄,RRT*,42,271.513384775842
3d,狭窄,Informed-RRT*,42,271.513384775842
3d,狭窄,PRM*,42,272.106899608591
3d,狭窄,FMT*,42,271.521949185757
3d,狭窄,BIT*,42,282.316382641748
3d,狭窄,RRT#,42,268.768059079407
3d,狭窄,AB-IRRT*,42,248.081522405792
3d,狭窄,RRT*,43,278.374706457583
3d,狭窄,Informed-RRT*,43,278.374706457583
3d,狭窄,PRM*,43,269.580528479979
3d,狭窄,FMT*,43,311.537231776686
3d,狭窄,BIT*,43,305.866722099488
3d,狭窄,RRT#,43,277.894033148588
3d,狭窄,AB-IRRT*,43,248.081522405792
3d,狭窄,RRT*,44,284.30388299648
3d,狭窄,Informed-RRT*,44,284.30388299648
3d,狭窄,PRM*,44,322.127364427711
3d,狭窄,FMT*,44,313.867586132738
3d,狭窄,RRT#,44,283.41089007996
3d,狭窄,AB-IRRT*,44,248.081522405792
3d,狭窄,RRT*,45,286.959661980772
3d,狭窄,Informed-RRT*,45,286.959661980772
3d,狭窄,PRM*,45,289.050450306587
3d,狭窄,FMT*,45,356.610235908219
3d,狭窄,BIT*,45,307.430503402351
3d,狭窄,RRT#,45,285.08296782677
3d,狭窄,AB-IRRT*,45,248.081522405792
3d,狭窄,RRT*,46,312.13006817807
3d,狭窄,Informed-RRT*,46,312.13006817807
3d,狭窄,PRM*,46,288.253609476989
3d,狭窄,FMT*,46,358.957264784212
3d,狭窄,BIT*,46,291.017114744209
3d,狭窄,RRT#,46,310.824380417802
3d,狭窄,AB-IRRT*,46,248.081522405792
3d,狭窄,RRT*,47,301.957524990647
3d,狭窄,Informed-RRT*,47,301.957524990647
3d,狭窄,PRM*,47,328.042088498913
3d,狭窄,FMT*,47,319.787903367749
3d,狭窄,BIT*,47,279.779359622497
3d,狭窄,RRT#,47,300.000885171427
3d,狭窄,AB-IRRT*,47,248.081522405792
3d,狭窄,RRT*,48,268.351864710126
3d,狭窄,Informed-RRT*,48,268.351864710126
3d,狭窄,PRM*,48,343.176731228996
3d,狭窄,FMT*,48,308.812813874267
3d,狭窄,BIT*,48,266.457448899152
3d,狭窄,RRT#,48,268.351864710126
3d,狭窄,AB-IRRT*,48,248.081522405792
3d,狭窄,RRT*,49,285.053633349209
3d,狭窄,Informed-RRT*,49,285.053633349209
3d,狭窄,PRM*,49,410.318409001904
3d,狭窄,FMT*,49,309.694353465278
3d,狭窄,BIT*,49,298.469398004919
3d,狭窄,RRT#,49,285.053633349209
3d,狭窄,AB-IRRT*,49,248.081522405792
3d,狭窄,RRT*,50,271.406096832866
3d,狭窄,Informed-RRT*,50,271.406096832866
3d,狭窄,PRM*,50,290.87601056232
3d,狭窄,FMT*,50,392.501607377173
3d,狭窄,BIT*,50,278.705037822022
3d,狭窄,RRT#,50,271.406096832866
3d,狭窄,AB-IRRT*,50,248.081522405792
3d,悬空,RRT*,1,306.789336624124
3d,悬空,Informed-RRT*,1,306.789336624124
3d,悬空,PRM*,1,340.285652275556
3d,悬空,FMT*,1,391.817234599778
3d,悬空,BIT*,1,299.901644166072
3d,悬空,RRT#,1,305.684092086761
3d,悬空,AB-IRRT*,1,265.958950138078
3d,悬空,RRT*,2,286.209342118212
3d,悬空,Informed-RRT*,2,286.209342118212
3d,悬空,PRM*,2,375.811962602462
3d,悬空,FMT*,2,331.798059427738
3d,悬空,BIT*,2,297.179561410833
3d,悬空,RRT#,2,286.209342118212
3d,悬空,AB-IRRT*,2,265.958950138078
3d,悬空,RRT*,3,316.393426423823
3d,悬空,Informed-RRT*,3,316.393426423823
3d,悬空,PRM*,3,330.495692845368
3d,悬空,FMT*,3,307.099646842867
3d,悬空,BIT*,3,292.533813256055
3d,悬空,RRT#,3,316.393426423823
3d,悬空,AB-IRRT*,3,265.958950138078
3d,悬空,RRT*,4,314.122256225709
3d,悬空,Informed-RRT*,4,314.122256225709
3d,悬空,PRM*,4,348.229544572182
3d,悬空,FMT*,4,309.389884058347
3d,悬空,BIT*,4,309.389884058347
3d,悬空,RRT#,4,314.122256225709
3d,悬空,AB-IRRT*,4,265.958950138078
3d,悬空,RRT*,5,278.124654420763
3d,悬空,Informed-RRT*,5,278.124654420763
3d,悬空,PRM*,5,473.594851220479
3d,悬空,FMT*,5,432.635283447123
3d,悬空,BIT*,5,337.342512368316
3d,悬空,RRT#,5,278.124654420763
3d,悬空,AB-IRRT*,5,265.958950138078
3d,悬空,RRT*,6,308.032220458749
3d,悬空,Informed-RRT*,6,308.032220458749
3d,悬空,PRM*,6,388.704598771755
3d,悬空,FMT*,6,326.371667165672
3d,悬空,BIT*,6,297.107184201993
3d,悬空,RRT#,6,308.032220458749
3d,悬空,AB-IRRT*,6,265.958950138078
3d,悬空,RRT*,7,301.566408307019
3d,悬空,Informed-RRT*,7,301.566408307019
3d,悬空,PRM*,7,299.642324911326
3d,悬空,FMT*,7,408.724022844393
3d,悬空,BIT*,7,279.467957607916
3d,悬空,RRT#,7,301.566408307019
3d,悬空,AB-IRRT*,7,265.958950138078
3d,悬空,RRT*,8,307.157133533448
3d,悬空,Informed-RRT*,8,307.157133533448
3d,悬空,PRM*,8,339.880228590503
3d,悬空,FMT*,8,290.424684533477
3d,悬空,BIT*,8,305.389567010195
3d,悬空,RRT#,8,307.157133533448
3d,悬空,AB-IRRT*,8,265.958950138078
3d,悬空,RRT*,9,278.620312944387
3d,悬空,Informed-RRT*,9,278.620312944387
3d,悬空,PRM*,9,332.200245240385
3d,悬空,FMT*,9,369.708734764806
3d,悬空,BIT*,9,279.623904763684
3d,悬空,RRT#,9,278.620312944387
3d,悬空,AB-IRRT*,9,265.958950138078
3d,悬空,RRT*,10,289.065119256494
3d,悬空,Informed-RRT*,10,289.065119256494
3d,悬空,PRM*,10,431.252729115462
3d,悬空,FMT*,10,298.769500911166
3d,悬空,BIT*,10,298.769500911166
3d,悬空,RRT#,10,287.542052923546
3d,悬空,AB-IRRT*,10,265.958950138078
3d,悬空,RRT*,11,300.551137612681
3d,悬空,Informed-RRT*,11,300.551137612681
3d,悬空,PRM*,11,331.45076051091
3d,悬空,FMT*,11,375.618554092063
3d,悬空,BIT*,11,274.035416737638
3d,悬空,RRT#,11,300.551137612681
3d,悬空,AB-IRRT*,11,265.958950138078
3d,悬空,RRT*,12,308.377026684413
3d,悬空,Informed-RRT*,12,308.377026684413
3d,悬空,PRM*,12,337.43755559718
3d,悬空,FMT*,12,399.510202033176
3d,悬空,BIT*,12,275.781285381402
3d,悬空,RRT#,12,308.377026684413
3d,悬空,AB-IRRT*,12,265.958950138078
3d,悬空,RRT*,13,283.727898629538
3d,悬空,Informed-RRT*,13,283.727898629538
3d,悬空,PRM*,13,421.594669680428
3d,悬空,FMT*,13,382.641180697806
3d,悬空,BIT*,13,311.260630458941
3d,悬空,RRT#,13,283.486260968241
3d,悬空,AB-IRRT*,13,265.958950138078
3d,悬空,RRT*,14,276.448826399162
3d,悬空,Informed-RRT*,14,276.448826399162
3d,悬空,PRM*,14,363.774031467899
3d,悬空,FMT*,14,384.859609961043
3d,悬空,BIT*,14,291.450989217579
3d,悬空,RRT#,14,276.177153948416
3d,悬空,AB-IRRT*,14,265.958950138078
3d,悬空,RRT*,15,357.699511198032
3d,悬空,Informed-RRT*,15,357.699511198032
3d,悬空,PRM*,15,408.2109024691
3d,悬空,FMT*,15,368.552752396812
3d,悬空,BIT*,15,283.353735661213
3d,悬空,RRT#,15,357.699511198032
3d,悬空,AB-IRRT*,15,265.958950138078
3d,悬空,RRT*,16,290.362760237376
3d,悬空,Informed-RRT*,16,290.362760237376
3d,悬空,PRM*,16,386.362954552116
3d,悬空,FMT*,16,375.903265615008
3d,悬空,BIT*,16,279.54230894369
3d,悬空,RRT#,16,290.362760237376
3d,悬空,AB-IRRT*,16,265.958950138078
3d,悬空,RRT*,17,307.244788357354
3d,悬空,Informed-RRT*,17,307.244788357354
3d,悬空,PRM*,17,371.550443416174
3d,悬空,FMT*,17,422.909815082415
3d,悬空,BIT*,17,302.186922702195
3d,悬空,RRT#,17,307.244788357354
3d,悬空,AB-IRRT*,17,265.958950138078
3d,悬空,RRT*,18,301.431554077291
3d,悬空,Informed-RRT*,18,301.431554077291
3d,悬空,PRM*,18,350.95032616723
3d,悬空,FMT*,18,284.283134173141
3d,悬空,BIT*,18,284.283134173141
3d,悬空,RRT#,18,301.431554077291
3d,悬空,AB-IRRT*,18,265.958950138078
3d,悬空,RRT*,19,301.791206891305
3d,悬空,Informed-RRT*,19,301.791206891305
3d,悬空,PRM*,19,374.958366008594
3d,悬空,FMT*,19,289.278009244594
3d,悬空,BIT*,19,289.895810755825
3d,悬空,RRT#,19,301.791206891305
3d,悬空,AB-IRRT*,19,265.958950138078
3d,悬空,RRT*,20,279.685740357519
3d,悬空,Informed-RRT*,20,279.685740357519
3d,悬空,PRM*,20,377.186697527131
3d,悬空,FMT*,20,275.231971762336
3d,悬空,BIT*,20,291.210377146973
3d,悬空,RRT#,20,279.033428674582
3d,悬空,AB-IRRT*,20,265.958950138078
3d,悬空,RRT*,21,271.903531900478
3d,悬空,Informed-RRT*,21,271.903531900478
3d,悬空,PRM*,21,318.638307661738
3d,悬空,FMT*,21,312.115304986519
3d,悬空,BIT*,21,283.878989319099
3d,悬空,RRT#,21,271.903531900478
3d,悬空,AB-IRRT*,21,265.958950138078
3d,悬空,RRT*,22,287.987029372408
3d,悬空,Informed-RRT*,22,287.987029372408
3d,悬空,PRM*,22,280.188689060093
3d,悬空,FMT*,22,434.897326446845
3d,悬空,BIT*,22,272.425968228295
3d,悬空,RRT#,22,287.987029372408
3d,悬空,AB-IRRT*,22,265.958950138078
3d,悬空,RRT*,23,282.297206815797
3d,悬空,Informed-RRT*,23,282.297206815797
3d,悬空,PRM*,23,301.46665375415
3d,悬空,FMT*,23,378.581393527777
3d,悬空,BIT*,23,289.835727110555
3d,悬空,RRT#,23,282.297206815797
3d,悬空,AB-IRRT*,23,265.958950138078
3d,悬空,RRT*,24,284.063794263365
3d,悬空,Informed-RRT*,24,284.063794263365
3d,悬空,PRM*,24,355.325346667237
3d,悬空,FMT*,24,282.215006799521
3d,悬空,BIT*,24,293.065975869304
3d,悬空,RRT#,24,284.063794263365
3d,悬空,AB-IRRT*,24,265.958950138078
3d,悬空,RRT*,25,282.354059371765
3d,悬空,Informed-RRT*,25,282.354059371765
3d,悬空,PRM*,25,396.75190276263
3d,悬空,FMT*,25,294.133417076121
3d,悬空,BIT*,25,307.18698840346
3d,悬空,RRT#,25,282.354059371765
3d,悬空,AB-IRRT*,25,265.958950138078
3d,悬空,RRT*,26,296.978559902462
3d,悬空,Informed-RRT*,26,296.978559902462
3d,悬空,PRM*,26,404.52503453312
3d,悬空,FMT*,26,326.820806880092
3d,悬空,BIT*,26,289.257562084609
3d,悬空,RRT#,26,296.978559902462
3d,悬空,AB-IRRT*,26,265.958950138078
3d,悬空,RRT*,27,292.048605299992
3d,悬空,Informed-RRT*,27,292.048605299992
3d,悬空,PRM*,27,356.253966966143
3d,悬空,FMT*,27,273.395269434017
3d,悬空,BIT*,27,283.02948274802
3d,悬空,RRT#,27,292.048605299992
3d,悬空,AB-IRRT*,27,265.958950138078
3d,悬空,RRT*,28,292.178245918685
3d,悬空,Informed-RRT*,28,292.178245918685
3d,悬空,PRM*,28,311.266367899822
3d,悬空,FMT*,28,382.872713282378
3d,悬空,BIT*,28,293.830320415856
3d,悬空,RRT#,28,292.178245918685
3d,悬空,AB-IRRT*,28,265.958950138078
3d,悬空,RRT*,29,278.385913470227
3d,悬空,Informed-RRT*,29,278.385913470227
3d,悬空,PRM*,29,341.661328126345
3d,悬空,FMT*,29,292.107851249644
3d,悬空,BIT*,29,292.6864316834
3d,悬空,RRT#,29,278.385913470227
3d,悬空,AB-IRRT*,29,265.958950138078
3d,悬空,RRT*,30,288.747499100765
3d,悬空,Informed-RRT*,30,288.747499100765
3d,悬空,PRM*,30,336.878288377038
3d,悬空,FMT*,30,313.826695586497
3d,悬空,BIT*,30,306.491569886092
3d,悬空,RRT#,30,288.747499100765
3d,悬空,AB-IRRT*,30,265.958950138078
3d,悬空,RRT*,31,293.526300288204
3d,悬空,Informed-RRT*,31,293.526300288204
3d,悬空,PRM*,31,345.296926706344
3d,悬空,FMT*,31,340.81104120708
3d,悬空,BIT*,31,306.962208328126
3d,悬空,RRT#,31,292.987442794401
3d,悬空,AB-IRRT*,31,265.958950138078
3d,悬空,RRT*,32,300.063515227707
3d,悬空,Informed-RRT*,32,300.063515227707
3d,悬空,PRM*,32,471.711198992158
3d,悬空,FMT*,32,279.167116321644
3d,悬空,BIT*,32,279.167116321644
3d,悬空,RRT#,32,300.063515227707
3d,悬空,AB-IRRT*,32,265.958950138078
3d,悬空,RRT*,33,285.020779516323
3d,悬空,Informed-RRT*,33,285.020779516323
3d,悬空,PRM*,33,379.730804792397
3d,悬空,FMT*,33,300.227556971779
3d,悬空,BIT*,33,285.913308011885
3d,悬空,RRT#,33,284.921158641716
3d,悬空,AB-IRRT*,33,265.958950138078
3d,悬空,RRT*,34,305.668974026615
3d,悬空,Informed-RRT*,34,305.668974026615
3d,悬空,PRM*,34,386.371860189569
3d,悬空,FMT*,34,347.928067269814
3d,悬空,BIT*,34,307.040412537211
3d,悬空,RRT#,34,305.668974026615
3d,悬空,AB-IRRT*,34,265.958950138078
3d,悬空,RRT*,35,288.128815474111
3d,悬空,Informed-RRT*,35,288.128815474111
3d,悬空,PRM*,35,317.794267385476
3d,悬空,FMT*,35,301.78228974396
3d,悬空,BIT*,35,301.78228974396
3d,悬空,RRT#,35,288.128815474111
3d,悬空,AB-IRRT*,35,265.958950138078
3d,悬空,RRT*,36,294.997544008658
3d,悬空,Informed-RRT*,36,294.997544008658
3d,悬空,PRM*,36,297.878178697415
3d,悬空,FMT*,36,331.143285838898
3d,悬空,BIT*,36,277.16890664663
3d,悬空,RRT#,36,294.997544008658
3d,悬空,AB-IRRT*,36,265.958950138078
3d,悬空,RRT*,37,275.816351152219
3d,悬空,Informed-RRT*,37,275.816351152219
3d,悬空,PRM*,37,285.81917515856
3d,悬空,FMT*,37,334.552022563636
3d,悬空,BIT*,37,290.505162719684
3d,悬空,RRT#,37,275.816351152219
3d,悬空,AB-IRRT*,37,265.958950138078
3d,悬空,RRT*,38,282.855974361162
3d,悬空,Informed-RRT*,38,282.855974361162
3d,悬空,PRM*,38,293.962482960239
3d,悬空,FMT*,38,335.823106990061
3d,悬空,BIT*,38,294.675849248209
3d,悬空,RRT#,38,282.855974361162
3d,悬空,AB-IRRT*,38,265.958950138078
3d,悬空,RRT*,39,308.677983949586
3d,悬空,Informed-RRT*,39,308.677983949586
3d,悬空,PRM*,39,337.565319728747
3d,悬空,FMT*,39,352.193962314657
3d,悬空,BIT*,39,300.382632757207
3d,悬空,RRT#,39,308.677983949586
3d,悬空,AB-IRRT*,39,265.958950138078
3d,悬空,RRT*,40,286.390587284676
3d,悬空,Informed-RRT*,40,286.390587284676
3d,悬空,PRM*,40,424.92606488916
3d,悬空,FMT*,40,366.843884377046
3d,悬空,BIT*,40,339.212572469958
3d,悬空,RRT#,40,285.299179539766
3d,悬空,AB-IRRT*,40,265.958950138078
3d,悬空,RRT*,41,291.367857625737
3d,悬空,Informed-RRT*,41,291.367857625737
3d,悬空,PRM*,41,468.308849986602
3d,悬空,FMT*,41,328.058680016137
3d,悬空,BIT*,41,278.55973832623
3d,悬空,RRT#,41,291.367857625737
3d,悬空,AB-IRRT*,41,265.958950138078
3d,悬空,RRT*,42,293.068952437902
3d,悬空,Informed-RRT*,42,293.068952437902
3d,悬空,PRM*,42,405.910224432512
3d,悬空,FMT*,42,367.282543371983
3d,悬空,BIT*,42,281.930398168116
3d,悬空,RRT#,42,293.068952437902
3d,悬空,AB-IRRT*,42,265.958950138078
3d,悬空,RRT*,43,297.789592143731
3d,悬空,Informed-RRT*,43,297.789592143731
3d,悬空,PRM*,43,471.699413558894
3d,悬空,FMT*,43,362.294878359549
3d,悬空,BIT*,43,282.456183111426
3d,悬空,RRT#,43,297.789592143731
3d,悬空,AB-IRRT*,43,265.958950138078
3d,悬空,RRT*,44,291.446106361792
3d,悬空,Informed-RRT*,44,291.446106361792
3d,悬空,PRM*,44,380.910257937812
3d,悬空,FMT*,44,292.289269554713
3d,悬空,BIT*,44,292.289269554713
3d,悬空,RRT#,44,291.446106361792
3d,悬空,AB-IRRT*,44,265.958950138078
3d,悬空,RRT*,45,280.949158238171
3d,悬空,Informed-RRT*,45,280.949158238171
3d,悬空,PRM*,45,343.374031479341
3d,悬空,FMT*,45,348.755270752426
3d,悬空,BIT*,45,335.657745051595
3d,悬空,RRT#,45,279.836960429809
3d,悬空,AB-IRRT*,45,265.958950138078
3d,悬空,RRT*,46,291.668148964199
3d,悬空,Informed-RRT*,46,291.668148964199
3d,悬空,PRM*,46,333.435057300703
3d,悬空,FMT*,46,422.874926104131
3d,悬空,BIT*,46,326.400264233202
3d,悬空,RRT#,46,291.668148964199
3d,悬空,AB-IRRT*,46,265.958950138078
3d,悬空,RRT*,47,336.889931846613
3d,悬空,Informed-RRT*,47,336.889931846613
3d,悬空,PRM*,47,351.498066465425
3d,悬空,FMT*,47,373.352342650078
3d,悬空,BIT*,47,271.452483544005
3d,悬空,RRT#,47,336.889931846613
3d,悬空,AB-IRRT*,47,265.958950138078
3d,悬空,RRT*,48,290.711555368224
3d,悬空,Informed-RRT*,48,290.711555368224
3d,悬空,PRM*,48,388.204120295863
3d,悬空,FMT*,48,374.830785470612
3d,悬空,BIT*,48,286.854205166052
3d,悬空,RRT#,48,290.711555368224
3d,悬空,AB-IRRT*,48,265.958950138078
3d,悬空,RRT*,49,320.140800472708
3d,悬空,Informed-RRT*,49,320.140800472708
3d,悬空,PRM*,49,503.503123844607
3d,悬空,FMT*,49,352.680935794578
3d,悬空,BIT*,49,320.331062140662
3d,悬空,RRT#,49,317.196610712162
3d,悬空,AB-IRRT*,49,265.958950138078
3d,悬空,RRT*,50,292.38785149094
3d,悬空,Informed-RRT*,50,292.38785149094
3d,悬空,PRM*,50,294.104474480485
3d,悬空,FMT*,50,340.537251532065
3d,悬空,BIT*,50,275.1246940741
3d,悬空,RRT#,50,291.88608692751
3d,悬空,AB-IRRT*,50,265.958950138078
3d,环廊,RRT*,1,198.181038326474
3d,环廊,Informed-RRT*,1,198.181038326474
3d,环廊,PRM*,1,249.279761458786
3d,环廊,FMT*,1,277.513533130982
3d,环廊,BIT*,1,224.287787139742
3d,环廊,RRT#,1,198.181038326474
3d,环廊,AB-IRRT*,1,178.149897243594
3d,环廊,RRT*,2,191.859574616485
3d,环廊,Informed-RRT*,2,191.859574616485
3d,环廊,PRM*,2,286.84687458796
3d,环廊,FMT*,2,285.027353421439
3d,环廊,BIT*,2,220.086876711823
3d,环廊,RRT#,2,191.859574616485
3d,环廊,AB-IRRT*,2,178.149897243594
3d,环廊,RRT*,3,187.327220865968
3d,环廊,Informed-RRT*,3,187.327220865968
3d,环廊,PRM*,3,266.228609171916
3d,环廊,FMT*,3,237.264777437375
3d,环廊,BIT*,3,226.010024160399
3d,环廊,RRT#,3,187.327220865968
3d,环廊,AB-IRRT*,3,178.149897243594
3d,环廊,RRT*,4,199.113442847546
3d,环廊,Informed-RRT*,4,199.113442847546
3d,环廊,PRM*,4,284.005856629298
3d,环廊,FMT*,4,255.437427606498
3d,环廊,BIT*,4,269.390985676611
3d,环廊,RRT#,4,199.09704607312
3d,环廊,AB-IRRT*,4,178.149897243594
3d,环廊,RRT*,5,201.776026456818
3d,环廊,Informed-RRT*,5,201.776026456818
3d,环廊,PRM*,5,252.859091772584
3d,环廊,FMT*,5,294.628312991517
3d,环廊,BIT*,5,276.120685428914
3d,环廊,RRT#,5,201.776026456818
3d,环廊,AB-IRRT*,5,178.149897243594
3d,环廊,RRT*,6,203.294389350211
3d,环廊,Informed-RRT*,6,203.294389350211
3d,环廊,PRM*,6,213.058994872952
3d,环廊,FMT*,6,285.266917676134
3d,环廊,BIT*,6,228.089990234165
3d,环廊,RRT#,6,203.294389350211
3d,环廊,AB-IRRT*,6,178.149897243594
3d,环廊,RRT*,7,193.962351944417
3d,环廊,Informed-RRT*,7,193.962351944417
3d,环廊,PRM*,7,226.912374053438
3d,环廊,FMT*,7,221.214688132511
3d,环廊,BIT*,7,230.984090836222
3d,环廊,RRT#,7,193.962351944417
3d,环廊,AB-IRRT*,7,178.149897243594
3d,环廊,RRT*,8,204.299400477913
3d,环廊,Informed-RRT*,8,204.299400477913
3d,环廊,PRM*,8,281.33556111609
3d,环廊,FMT*,8,221.515993771557
3d,环廊,BIT*,8,226.059483315673
3d,环廊,RRT#,8,204.299400477913
3d,环廊,AB-IRRT*,8,178.149897243594
3d,环廊,RRT*,9,186.079914159512
3d,环廊,Informed-RRT*,9,186.079914159512
3d,环廊,PRM*,9,349.686856048418
3d,环廊,FMT*,9,286.616860683522
3d,环廊,BIT*,9,251.226934744281
3d,环廊,RRT#,9,185.548229025455
3d,环廊,AB-IRRT*,9,178.149897243594
3d,环廊,RRT*,10,188.274368778467
3d,环廊,Informed-RRT*,10,188.274368778467
3d,环廊,PRM*,10,304.759126716619
3d,环廊,FMT*,10,234.510073154431
3d,环廊,BIT*,10,240.698836664419
3d,环廊,RRT#,10,188.274368778467
3d,环廊,AB-IRRT*,10,178.149897243594
3d,环廊,RRT*,11,219.972625945652
3d,环廊,Informed-RRT*,11,219.972625945652
3d,环廊,PRM*,11,242.801386292634
3d,环廊,FMT*,11,239.101086249927
3d,环廊,BIT*,11,239.101086249927
3d,环廊,RRT#,11,219.972625945652
3d,环廊,AB-IRRT*,11,178.149897243594
3d,环廊,RRT*,12,182.504368669356
3d,环廊,Informed-RRT*,12,182.504368669356
3d,环廊,PRM*,12,369.560622132463
3d,环廊,FMT*,12,238.347876178475
3d,环廊,BIT*,12,226.848766316096
3d,环廊,RRT#,12,182.504368669356
3d,环廊,AB-IRRT*,12,178.149897243594
3d,环廊,RRT*,13,199.662952367308
3d,环廊,Informed-RRT*,13,199.662952367308
3d,环廊,PRM*,13,257.324648943624
3d,环廊,FMT*,13,245.159541510787
3d,环廊,BIT*,13,228.966863634704
3d,环廊,RRT#,13,199.662952367308
3d,环廊,AB-IRRT*,13,178.149897243594
3d,环廊,RRT*,14,203.342588661963
3d,环廊,Informed-RRT*,14,203.342588661963
3d,环廊,PRM*,14,280.195293376366
3d,环廊,FMT*,14,273.997121246912
3d,环廊,BIT*,14,207.184100591822
3d,环廊,RRT#,14,202.690058414429
3d,环廊,AB-IRRT*,14,178.149897243594
3d,环廊,RRT*,15,197.590600905606
3d,环廊,Informed-RRT*,15,197.590600905606
3d,环廊,PRM*,15,437.777120153217
3d,环廊,FMT*,15,293.482475391007
3d,环廊,BIT*,15,286.841105522204
3d,环廊,RRT#,15,197.008506367648
3d,环廊,AB-IRRT*,15,178.149897243594
3d,环廊,RRT*,16,202.973758113571
3d,环廊,Informed-RRT*,16,202.973758113571
3d,环廊,PRM*,16,295.850399555684
3d,环廊,FMT*,16,308.454585417365
3d,环廊,BIT*,16,229.445390772512
3d,环廊,RRT#,16,201.84109830351
3d,环廊,AB-IRRT*,16,178.149897243594
3d,环廊,RRT*,17,188.139249610101
3d,环廊,Informed-RRT*,17,188.139249610101
3d,环廊,PRM*,17,240.501599884914
3d,环廊,FMT*,17,263.092667051119
3d,环廊,BIT*,17,218.363601798243
3d,环廊,RRT#,17,188.139249610101
3d,环廊,AB-IRRT*,17,178.149897243594
3d,环廊,RRT*,18,200.456973087204
3d,环廊,Informed-RRT*,18,200.456973087204
3d,环廊,PRM*,18,344.677027594166
3d,环廊,FMT*,18,224.39831897085
3d,环廊,BIT*,18,205.940791758168
3d,环廊,RRT#,18,200.456973087204
3d,环廊,AB-IRRT*,18,178.149897243594
3d,环廊,RRT*,19,212.138091076338
3d,环廊,Informed-RRT*,19,212.138091076338
3d,环廊,PRM*,19,236.937905708183
3d,环廊,FMT*,19,271.650798928937
3d,环廊,BIT*,19,240.798190512353
3d,环廊,RRT#,19,212.138091076338
3d,环廊,AB-IRRT*,19,178.149897243594
3d,环廊,RRT*,20,232.246920683645
3d,环廊,Informed-RRT*,20,232.246920683645
3d,环廊,PRM*,20,261.80362301888
3d,环廊,FMT*,20,294.176930544549
3d,环廊,BIT*,20,265.549035525781
3d,环廊,RRT#,20,232.246920683645
3d,环廊,AB-IRRT*,20,178.149897243594
3d,环廊,RRT*,21,200.299402868431
3d,环廊,Informed-RRT*,21,200.299402868431
3d,环廊,PRM*,21,230.603787770345
3d,环廊,FMT*,21,228.485176481947
3d,环廊,BIT*,21,222.713957857959
3d,环廊,RRT#,21,199.693872170601
3d,环廊,AB-IRRT*,21,178.149897243594
3d,环廊,RRT*,22,195.848446581858
3d,环廊,Informed-RRT*,22,195.848446581858
3d,环廊,PRM*,22,316.009698674053
3d,环廊,FMT*,22,282.28450278707
3d,环廊,BIT*,22,218.745397508717
3d,环廊,RRT#,22,195.848446581858
3d,环廊,AB-IRRT*,22,178.149897243594
3d,环廊,RRT*,23,222.999346464122
3d,环廊,Informed-RRT*,23,222.999346464122
3d,环廊,PRM*,23,288.123633338022
3d,环廊,FMT*,23,261.358723571528
3d,环廊,BIT*,23,229.120066721335
3d,环廊,RRT#,23,222.999346464122
3d,环廊,AB-IRRT*,23,178.149897243594
3d,环廊,RRT*,24,192.972387660494
3d,环廊,Informed-RRT*,24,192.972387660494
3d,环廊,PRM*,24,235.875829148893
3d,环廊,FMT*,24,213.811222674416
3d,环廊,BIT*,24,189.333665759861
3d,环廊,RRT#,24,192.653094164747
3d,环廊,AB-IRRT*,24,178.149897243594
3d,环廊,RRT*,25,188.978081495378
3d,环廊,Informed-RRT*,25,188.978081495378
3d,环廊,PRM*,25,212.769339402133
3d,环廊,FMT*,25,303.988287410942
3d,环廊,BIT*,25,265.495589726633
3d,环廊,RRT#,25,188.978081495378
3d,环廊,AB-IRRT*,25,178.149897243594
3d,环廊,RRT*,26,199.408401811325
3d,环廊,Informed-RRT*,26,199.408401811325
3d,环廊,PRM*,26,277.575867925987
3d,环廊,FMT*,26,256.265099076168
3d,环廊,BIT*,26,258.269836781434
3d,环廊,RRT#,26,199.408401811325
3d,环廊,AB-IRRT*,26,178.149897243594
3d,环廊,RRT*,27,218.746643592165
3d,环廊,Informed-RRT*,27,218.746643592165
3d,环廊,PRM*,27,252.972354614683
3d,环廊,FMT*,27,236.443902526695
3d,环廊,BIT*,27,210.277981207324
3d,环廊,RRT#,27,218.746643592165
3d,环廊,AB-IRRT*,27,178.149897243594
3d,环廊,RRT*,28,212.074294075435
3d,环廊,Informed-RRT*,28,212.074294075435
3d,环廊,PRM*,28,255.126588176963
3d,环廊,FMT*,28,232.628915283304
3d,环廊,BIT*,28,227.395062811682
3d,环廊,RRT#,28,210.431904487143
3d,环廊,AB-IRRT*,28,178.149897243594
3d,环廊,RRT*,29,209.727833765718
3d,环廊,Informed-RRT*,29,209.727833765718
3d,环廊,PRM*,29,366.829668077965
3d,环廊,FMT*,29,231.876693104121
3d,环廊,BIT*,29,232.238344898585
3d,环廊,RRT#,29,208.376975448111
3d,环廊,AB-IRRT*,29,178.149897243594
3d,环廊,RRT*,30,186.201893316026
3d,环廊,Informed-RRT*,30,186.201893316026
3d,环廊,PRM*,30,310.487718124593
3d,环廊,FMT*,30,255.598799463181
3d,环廊,BIT*,30,211.774078234896
3d,环廊,RRT#,30,186.201893316026
3d,环廊,AB-IRRT*,30,178.149897243594
3d,环廊,RRT*,31,195.69206989556
3d,环廊,Informed-RRT*,31,195.69206989556
3d,环廊,PRM*,31,230.664635567523
3d,环廊,FMT*,31,274.834131700255
3d,环廊,BIT*,31,250.384241285483
3d,环廊,RRT#,31,195.69206989556
3d,环廊,AB-IRRT*,31,178.149897243594
3d,环廊,RRT*,32,237.830555597179
3d,环廊,Informed-RRT*,32,237.830555597179
3d,环廊,PRM*,32,315.20981346469
3d,环廊,FMT*,32,238.257291641323
3d,环廊,BIT*,32,249.07564445331
3d,环廊,RRT#,32,237.830555597179
3d,环廊,AB-IRRT*,32,178.149897243594
3d,环廊,RRT*,33,190.817773669196
3d,环廊,Informed-RRT*,33,190.817773669196
3d,环廊,PRM*,33,266.311371490714
3d,环廊,FMT*,33,288.456119190507
3d,环廊,BIT*,33,226.173184800667
3d,环廊,RRT#,33,190.817773669196
3d,环廊,AB-IRRT*,33,178.149897243594
3d,环廊,RRT*,34,213.068729339792
3d,环廊,Informed-RRT*,34,213.068729339792
3d,环廊,PRM*,34,281.413718887597
3d,环廊,FMT*,34,299.205400696441
3d,环廊,BIT*,34,261.864338081278
3d,环廊,RRT#,34,213.068729339792
3d,环廊,AB-IRRT*,34,178.149897243594
3d,环廊,RRT*,35,194.572077138806
3d,环廊,Informed-RRT*,35,194.572077138806
3d,环廊,PRM*,35,286.929077868363
3d,环廊,FMT*,35,258.258353626188
3d,环廊,BIT*,35,232.922755200193
3d,环廊,RRT#,35,194.572077138806
3d,环廊,AB-IRRT*,35,178.149897243594
3d,环廊,RRT*,36,201.461238540788
3d,环廊,Informed-RRT*,36,201.461238540788
3d,环廊,PRM*,36,231.761084655313
3d,环廊,FMT*,36,267.4964165239
3d,环廊,BIT*,36,252.096325626486
3d,环廊,RRT#,36,201.461238540788
3d,环廊,AB-IRRT*,36,178.149897243594
3d,环廊,RRT*,37,185.478750238509
3d,环廊,Informed-RRT*,37,185.478750238509
3d,环廊,PRM*,37,231.156091222671
3d,环廊,FMT*,37,282.098677809707
3d,环廊,BIT*,37,222.513029400498
3d,环廊,RRT#,37,185.478750238509
3d,环廊,AB-IRRT*,37,178.149897243594
3d,环廊,RRT*,38,186.409002901986
3d,环廊,Informed-RRT*,38,186.409002901986
3d,环廊,PRM*,38,230.115819633396
3d,环廊,FMT*,38,274.901983524567
3d,环廊,BIT*,38,230.69300170229
3d,环廊,RRT#,38,186.409002901986
3d,环廊,AB-IRRT*,38,178.149897243594
3d,环廊,RRT*,39,201.68603219673
3d,环廊,Informed-RRT*,39,201.68603219673
3d,环廊,PRM*,39,193.357160992093
3d,环廊,FMT*,39,274.501285529376
3d,环廊,BIT*,39,228.768851480997
3d,环廊,RRT#,39,201.68603219673
3d,环廊,AB-IRRT*,39,178.149897243594
3d,环廊,RRT*,40,200.465302077243
3d,环廊,Informed-RRT*,40,200.465302077243
3d,环廊,PRM*,40,242.687705251249
3d,环廊,FMT*,40,231.857897949659
3d,环廊,BIT*,40,212.723128362914
3d,环廊,RRT#,40,200.465302077243
3d,环廊,AB-IRRT*,40,178.149897243594
3d,环廊,RRT*,41,208.912250632354
3d,环廊,Informed-RRT*,41,208.912250632354
3d,环廊,PRM*,41,188.728758089039
3d,环廊,FMT*,41,254.76345123181
3d,环廊,BIT*,41,228.857744451727
3d,环廊,RRT#,41,208.912250632354
3d,环廊,AB-IRRT*,41,178.149897243594
3d,环廊,RRT*,42,208.580656637849
3d,环廊,Informed-RRT*,42,208.580656637849
3d,环廊,PRM*,42,279.781278383569
3d,环廊,FMT*,42,373.826837033145
3d,环廊,BIT*,42,201.882803013112
3d,环廊,RRT#,42,208.580656637849
3d,环廊,AB-IRRT*,42,178.149897243594
3d,环廊,RRT*,43,193.068435769506
3d,环廊,Informed-RRT*,43,193.068435769506
3d,环廊,PRM*,43,245.053334655347
3d,环廊,FMT*,43,287.758064137658
3d,环廊,BIT*,43,208.736642095005
3d,环廊,RRT#,43,193.068435769506
3d,环廊,AB-IRRT*,43,178.149897243594
3d,环廊,RRT*,44,200.354386403155
3d,环廊,Informed-RRT*,44,200.354386403155
3d,环廊,PRM*,44,291.332062805862
3d,环廊,FMT*,44,257.171466399638
3d,环廊,BIT*,44,238.034560912396
3d,环廊,RRT#,44,200.354386403155
3d,环廊,AB-IRRT*,44,178.149897243594
3d,环廊,RRT*,45,200.848146514704
3d,环廊,Informed-RRT*,45,200.848146514704
3d,环廊,PRM*,45,298.897793455034
3d,环廊,FMT*,45,303.253262799516
3d,环廊,BIT*,45,255.662201026295
3d,环廊,RRT#,45,199.76906516421
3d,环廊,AB-IRRT*,45,178.149897243594
3d,环廊,RRT*,46,198.875156809737
3d,环廊,Informed-RRT*,46,198.875156809737
3d,环廊,PRM*,46,295.387741439421
3d,环廊,FMT*,46,227.562481372145
3d,环廊,BIT*,46,224.194332221823
3d,环廊,RRT#,46,198.875156809737
3d,环廊,AB-IRRT*,46,178.149897243594
3d,环廊,RRT*,47,193.772047828735
3d,环廊,Informed-RRT*,47,193.772047828735
3d,环廊,PRM*,47,326.246620652051
3d,环廊,FMT*,47,307.402892221282
3d,环廊,BIT*,47,218.604886701574
3d,环廊,RRT#,47,193.772047828735
3d,环廊,AB-IRRT*,47,178.149897243594
3d,环廊,RRT*,48,180.127218762079
3d,环廊,Informed-RRT*,48,180.127218762079
3d,环廊,PRM*,48,251.53450604733
3d,环廊,FMT*,48,216.36966847572
3d,环廊,BIT*,48,220.332105949071
3d,环廊,RRT#,48,180.127218762079
3d,环廊,AB-IRRT*,48,178.149897243594
3d,环廊,RRT*,49,216.508946958062
3d,环廊,Informed-RRT*,49,216.508946958062
3d,环廊,PRM*,49,421.510031721894
3d,环廊,FMT*,49,350.489971191517
3d,环廊,BIT*,49,209.667383541421
3d,环廊,RRT#,49,209.037194784372
3d,环廊,AB-IRRT*,49,178.149897243594
3d,环廊,RRT*,50,192.380543030819
3d,环廊,Informed-RRT*,50,192.380543030819
3d,环廊,PRM*,50,301.303074356475
3d,环廊,FMT*,50,230.253395626939
3d,环廊,BIT*,50,247.628563400022
3d,环廊,RRT#,50,192.007030631495
3d,环廊,AB-IRRT*,50,178.149897243594
3d,悬挑,RRT*,1,273.336828489754
3d,悬挑,Informed-RRT*,1,273.336828489754
3d,悬挑,PRM*,1,353.988993279927
3d,悬挑,FMT*,1,266.398370588703
3d,悬挑,BIT*,1,275.498698767942
3d,悬挑,RRT#,1,273.336828489754
3d,悬挑,AB-IRRT*,1,255.732852443965
3d,悬挑,RRT*,2,284.395139469525
3d,悬挑,Informed-RRT*,2,284.395139469525
3d,悬挑,PRM*,2,368.023084253497
3d,悬挑,FMT*,2,360.449523617089
3d,悬挑,BIT*,2,294.852479481881
3d,悬挑,RRT#,2,284.395139469525
3d,悬挑,AB-IRRT*,2,255.732852443965
3d,悬挑,RRT*,3,285.475733978232
3d,悬挑,Informed-RRT*,3,285.475733978232
3d,悬挑,PRM*,3,274.727122381667
3d,悬挑,FMT*,3,327.168178013951
3d,悬挑,BIT*,3,266.862119987057
3d,悬挑,RRT#,3,285.475733978232
3d,悬挑,AB-IRRT*,3,255.732852443965
3d,悬挑,RRT*,4,276.898101066949
3d,悬挑,Informed-RRT*,4,276.898101066949
3d,悬挑,PRM*,4,400.503697158273
3d,悬挑,FMT*,4,343.53536210735
3d,悬挑,BIT*,4,282.435240122397
3d,悬挑,RRT#,4,276.898101066949
3d,悬挑,AB-IRRT*,4,255.732852443965
3d,悬挑,RRT*,5,259.309142323949
3d,悬挑,Informed-RRT*,5,259.309142323949
3d,悬挑,PRM*,5,311.783562663113
3d,悬挑,FMT*,5,360.193363312179
3d,悬挑,BIT*,5,285.091411687576
3d,悬挑,RRT#,5,259.309142323949
3d,悬挑,AB-IRRT*,5,255.732852443965
3d,悬挑,RRT*,6,268.039345805188
3d,悬挑,Informed-RRT*,6,268.039345805188
3d,悬挑,PRM*,6,292.590228026013
3d,悬挑,FMT*,6,302.220847483391
3d,悬挑,BIT*,6,267.575080687869
3d,悬挑,RRT#,6,268.039345805188
3d,悬挑,AB-IRRT*,6,255.732852443965
3d,悬挑,RRT*,7,271.063565304402
3d,悬挑,Informed-RRT*,7,271.063565304402
3d,悬挑,PRM*,7,320.469348259606
3d,悬挑,FMT*,7,377.029917162796
3d,悬挑,BIT*,7,262.762774807308
3d,悬挑,RRT#,7,271.063565304402
3d,悬挑,AB-IRRT*,7,255.732852443965
3d,悬挑,RRT*,8,282.396583549233
3d,悬挑,Informed-RRT*,8,282.396583549233
3d,悬挑,PRM*,8,472.111607172199
3d,悬挑,FMT*,8,417.204350189166
3d,悬挑,BIT*,8,276.199442620932
3d,悬挑,RRT#,8,282.396583549233
3d,悬挑,AB-IRRT*,8,255.732852443965
3d,悬挑,RRT*,9,267.790584969669
3d,悬挑,Informed-RRT*,9,267.790584969669
3d,悬挑,PRM*,9,324.807206549268
3d,悬挑,FMT*,9,267.50539831288
3d,悬挑,BIT*,9,284.336249895472
3d,悬挑,RRT#,9,267.790584969669
3d,悬挑,AB-IRRT*,9,255.732852443965
3d,悬挑,RRT*,10,274.154352476832
3d,悬挑,Informed-RRT*,10,274.154352476832
3d,悬挑,PRM*,10,328.963048844695
3d,悬挑,FMT*,10,265.769264829102
3d,悬挑,BIT*,10,269.566250373175
3d,悬挑,RRT#,10,274.154352476832
3d,悬挑,AB-IRRT*,10,255.732852443965
3d,悬挑,RRT*,11,304.484651421688
3d,悬挑,Informed-RRT*,11,304.484651421688
3d,悬挑,PRM*,11,310.174960132065
3d,悬挑,FMT*,11,352.717760684596
3d,悬挑,BIT*,11,300.004516354036
3d,悬挑,RRT#,11,304.484651421688
3d,悬挑,AB-IRRT*,11,255.732852443965
3d,悬挑,RRT*,12,274.310008223733
3d,悬挑,Informed-RRT*,12,274.310008223733
3d,悬挑,PRM*,12,314.84570532382
3d,悬挑,FMT*,12,349.446378935775
3d,悬挑,BIT*,12,288.737921933109
3d,悬挑,RRT#,12,274.310008223733
3d,悬挑,AB-IRRT*,12,255.732852443965
3d,悬挑,RRT*,13,268.319896369151
3d,悬挑,Informed-RRT*,13,268.319896369151
3d,悬挑,PRM*,13,482.137604995764
3d,悬挑,FMT*,13,355.851350511744
3d,悬挑,BIT*,13,300.149228626304
3d,悬挑,RRT#,13,267.409485583763
3d,悬挑,AB-IRRT*,13,255.732852443965
3d,悬挑,RRT*,14,260.017122430933
3d,悬挑,Informed-RRT*,14,260.017122430933
3d,悬挑,PRM*,14,342.749679146204
3d,悬挑,FMT*,14,308.619275780883
3d,悬挑,BIT*,14,276.428980281329
3d,悬挑,RRT#,14,260.017122430933
3d,悬挑,AB-IRRT*,14,255.732852443965
3d,悬挑,RRT*,15,268.61616221758
3d,悬挑,Informed-RRT*,15,268.61616221758
3d,悬挑,PRM*,15,342.246707306973
3d,悬挑,FMT*,15,377.219438559523
3d,悬挑,BIT*,15,280.761137041915
3d,悬挑,RRT#,15,267.084964815392
3d,悬挑,AB-IRRT*,15,255.732852443965
3d,悬挑,RRT*,16,280.790911527919
3d,悬挑,Informed-RRT*,16,280.790911527919
3d,悬挑,PRM*,16,399.508547575943
3d,悬挑,FMT*,16,309.217407329981
3d,悬挑,BIT*,16,260.556974081523
3d,悬挑,RRT#,16,280.790911527919
3d,悬挑,AB-IRRT*,16,255.732852443965
3d,悬挑,RRT*,17,267.971812358507
3d,悬挑,Informed-RRT*,17,267.971812358507
3d,悬挑,PRM*,17,296.827538922069
3d,悬挑,FMT*,17,329.609440722511
3d,悬挑,BIT*,17,280.288982949649
3d,悬挑,RRT#,17,267.971812358507
3d,悬挑,AB-IRRT*,17,255.732852443965
3d,悬挑,RRT*,18,267.374430424231
3d,悬挑,Informed-RRT*,18,267.374430424231
3d,悬挑,PRM*,18,400.921545035257
3d,悬挑,FMT*,18,334.652750311985
3d,悬挑,BIT*,18,278.928861855076
3d,悬挑,RRT#,18,267.374430424231
3d,悬挑,AB-IRRT*,18,255.732852443965
3d,悬挑,RRT*,19,298.423026301459
3d,悬挑,Informed-RRT*,19,298.423026301459
3d,悬挑,PRM*,19,350.477398608671
3d,悬挑,FMT*,19,257.826017612975
3d,悬挑,BIT*,19,266.496702219716
3d,悬挑,RRT#,19,298.423026301459
3d,悬挑,AB-IRRT*,19,255.732852443965
3d,悬挑,RRT*,20,264.159685417417
3d,悬挑,Informed-RRT*,20,264.159685417417
3d,悬挑,PRM*,20,357.030945739877
3d,悬挑,FMT*,20,352.531224648143
3d,悬挑,BIT*,20,267.536312188639
3d,悬挑,RRT#,20,264.159685417417
3d,悬挑,AB-IRRT*,20,255.732852443965
3d,悬挑,RRT*,21,270.961244583767
3d,悬挑,Informed-RRT*,21,270.961244583767
3d,悬挑,PRM*,21,354.023266325719
3d,悬挑,FMT*,21,268.455098744721
3d,悬挑,BIT*,21,269.883995991398
3d,悬挑,RRT#,21,270.961244583767
3d,悬挑,AB-IRRT*,21,255.732852443965
3d,悬挑,RRT*,22,270.388095281769
3d,悬挑,Informed-RRT*,22,270.388095281769
3d,悬挑,PRM*,22,282.60031682684
3d,悬挑,FMT*,22,391.839643303353
3d,悬挑,BIT*,22,274.468504823234
3d,悬挑,RRT#,22,267.258804534803
3d,悬挑,AB-IRRT*,22,255.732852443965
3d,悬挑,RRT*,23,266.620851566286
3d,悬挑,Informed-RRT*,23,266.620851566286
3d,悬挑,PRM*,23,276.886907783615
3d,悬挑,FMT*,23,311.321054927944
3d,悬挑,BIT*,23,292.469941117943
3d,悬挑,RRT#,23,266.620851566286
3d,悬挑,AB-IRRT*,23,255.732852443965
3d,悬挑,RRT*,24,273.087779011609
3d,悬挑,Informed-RRT*,24,273.087779011609
3d,悬挑,PRM*,24,351.474908186706
3d,悬挑,FMT*,24,320.0978038328
3d,悬挑,BIT*,24,288.558405164738
3d,悬挑,RRT#,24,273.087779011609
3d,悬挑,AB-IRRT*,24,255.732852443965
3d,悬挑,RRT*,25,263.532341699577
3d,悬挑,Informed-RRT*,25,263.532341699577
3d,悬挑,PRM*,25,332.397056120823
3d,悬挑,FMT*,25,298.149130918827
3d,悬挑,BIT*,25,266.309668779086
3d,悬挑,RRT#,25,263.532341699577
3d,悬挑,AB-IRRT*,25,255.732852443965
3d,悬挑,RRT*,26,269.524091634578
3d,悬挑,Informed-RRT*,26,269.524091634578
3d,悬挑,PRM*,26,340.113336460202
3d,悬挑,FMT*,26,353.952720976627
3d,悬挑,BIT*,26,281.91715817419
3d,悬挑,RRT#,26,269.524091634578
3d,悬挑,AB-IRRT*,26,255.732852443965
3d,悬挑,RRT*,27,269.066645902764
3d,悬挑,Informed-RRT*,27,269.066645902764
3d,悬挑,PRM*,27,290.441534760213
3d,悬挑,FMT*,27,282.795492216707
3d,悬挑,BIT*,27,269.861248497321
3d,悬挑,RRT#,27,269.066645902764
3d,悬挑,AB-IRRT*,27,255.732852443965
3d,悬挑,RRT*,28,272.821953780109
3d,悬挑,Informed-RRT*,28,272.821953780109
3d,悬挑,PRM*,28,313.790811232577
3d,悬挑,FMT*,28,311.097714051926
3d,悬挑,BIT*,28,267.155138980636
3d,悬挑,RRT#,28,272.821953780109
3d,悬挑,AB-IRRT*,28,255.732852443965
3d,悬挑,RRT*,29,293.331115539229
3d,悬挑,Informed-RRT*,29,293.331115539229
3d,悬挑,PRM*,29,350.892756351916
3d,悬挑,FMT*,29,319.976278788118
3d,悬挑,BIT*,29,268.717346736377
3d,悬挑,RRT#,29,290.629382532526
3d,悬挑,AB-IRRT*,29,255.732852443965
3d,悬挑,RRT*,30,267.987379825567
3d,悬挑,Informed-RRT*,30,267.987379825567
3d,悬挑,PRM*,30,397.084812100633
3d,悬挑,FMT*,30,307.258961099135
3d,悬挑,BIT*,30,281.532262933024
3d,悬挑,RRT#,30,267.987379825567
3d,悬挑,AB-IRRT*,30,255.732852443965
3d,悬挑,RRT*,31,272.940753790892
3d,悬挑,Informed-RRT*,31,272.940753790892
3d,悬挑,PRM*,31,321.338300658027
3d,悬挑,FMT*,31,327.723539788642
3d,悬挑,BIT*,31,265.617184818147
3d,悬挑,RRT#,31,272.940753790892
3d,悬挑,AB-IRRT*,31,255.732852443965
3d,悬挑,RRT*,32,266.011917000596
3d,悬挑,Informed-RRT*,32,266.011917000596
3d,悬挑,PRM*,32,329.117855568779
3d,悬挑,FMT*,32,318.033817813463
3d,悬挑,BIT*,32,292.565733964383
3d,悬挑,RRT#,32,266.011917000596
3d,悬挑,AB-IRRT*,32,255.732852443965
3d,悬挑,RRT*,33,267.235095935077
3d,悬挑,Informed-RRT*,33,267.235095935077
3d,悬挑,PRM*,33,324.947940968399
3d,悬挑,FMT*,33,338.336132792263
3d,悬挑,BIT*,33,260.528790675843
3d,悬挑,RRT#,33,267.235095935077
3d,悬挑,AB-IRRT*,33,255.732852443965
3d,悬挑,RRT*,34,274.64572158322
3d,悬挑,Informed-RRT*,34,274.64572158322
3d,悬挑,PRM*,34,460.293370388108
3d,悬挑,FMT*,34,315.967440447695
3d,悬挑,BIT*,34,276.695243608796
3d,悬挑,RRT#,34,274.64572158322
3d,悬挑,AB-IRRT*,34,255.732852443965
3d,悬挑,RRT*,35,277.445872317018
3d,悬挑,Informed-RRT*,35,277.445872317018
3d,悬挑,PRM*,35,314.546117005084
3d,悬挑,FMT*,35,359.002373119341
3d,悬挑,BIT*,35,272.904288283316
3d,悬挑,RRT#,35,277.445872317018
3d,悬挑,AB-IRRT*,35,255.732852443965
3d,悬挑,RRT*,36,264.1364113635
3d,悬挑,Informed-RRT*,36,264.1364113635
3d,悬挑,PRM*,36,316.474317149982
3d,悬挑,FMT*,36,379.135209777088
3d,悬挑,BIT*,36,265.277451059046
3d,悬挑,RRT#,36,264.1364113635
3d,悬挑,AB-IRRT*,36,255.732852443965
3d,悬挑,RRT*,37,269.699206499843
3d,悬挑,Informed-RRT*,37,269.699206499843
3d,悬挑,PRM*,37,341.11216316005
3d,悬挑,FMT*,37,344.318005345399
3d,悬挑,BIT*,37,346.163689652891
3d,悬挑,RRT#,37,269.699206499843
3d,悬挑,AB-IRRT*,37,255.732852443965
3d,悬挑,RRT*,38,267.348723702808
3d,悬挑,Informed-RRT*,38,267.348723702808
3d,悬挑,PRM*,38,296.208830271734
3d,悬挑,FMT*,38,332.790758277259
3d,悬挑,BIT*,38,261.440320011195
3d,悬挑,RRT#,38,267.348723702808
3d,悬挑,AB-IRRT*,38,255.732852443965
3d,悬挑,RRT*,39,267.555207206285
3d,悬挑,Informed-RRT*,39,267.555207206285
3d,悬挑,PRM*,39,346.000748758207
3d,悬挑,FMT*,39,334.694320775377
3d,悬挑,BIT*,39,272.465214059581
3d,悬挑,RRT#,39,267.555207206285
3d,悬挑,AB-IRRT*,39,255.732852443965
3d,悬挑,RRT*,40,266.041073523937
3d,悬挑,Informed-RRT*,40,266.041073523937
3d,悬挑,PRM*,40,336.884959121062
3d,悬挑,FMT*,40,327.204555137742
3d,悬挑,BIT*,40,264.194393318818
3d,悬挑,RRT#,40,266.041073523937
3d,悬挑,AB-IRRT*,40,255.732852443965
3d,悬挑,RRT*,41,264.305972474514
3d,悬挑,Informed-RRT*,41,264.305972474514
3d,悬挑,PRM*,41,285.386933825381
3d,悬挑,FMT*,41,354.72867505637
3d,悬挑,BIT*,41,282.052347891268
3d,悬挑,RRT#,41,264.305972474514
3d,悬挑,AB-IRRT*,41,255.732852443965
3d,悬挑,RRT*,42,279.570420407611
3d,悬挑,Informed-RRT*,42,279.570420407611
3d,悬挑,PRM*,42,265.790666485718
3d,悬挑,FMT*,42,417.325447726973
3d,悬挑,BIT*,42,288.993373322054
3d,悬挑,RRT#,42,279.570420407611
3d,悬挑,AB-IRRT*,42,255.732852443965
3d,悬挑,RRT*,43,270.995678993503
3d,悬挑,Informed-RRT*,43,270.995678993503
3d,悬挑,PRM*,43,284.201617333406
3d,悬挑,FMT*,43,304.884973519153
3d,悬挑,BIT*,43,271.76011990546
3d,悬挑,RRT#,43,270.912876088402
3d,悬挑,AB-IRRT*,43,255.732852443965
3d,悬挑,RRT*,44,267.165748535652
3d,悬挑,Informed-RRT*,44,267.165748535652
3d,悬挑,PRM*,44,423.760831442313
3d,悬挑,FMT*,44,325.554900363702
3d,悬挑,BIT*,44,268.796319481671
3d,悬挑,RRT#,44,267.165748535652
3d,悬挑,AB-IRRT*,44,255.732852443965
3d,悬挑,RRT*,45,287.262390280005
3d,悬挑,Informed-RRT*,45,287.262390280005
3d,悬挑,PRM*,45,279.628262197359
3d,悬挑,FMT*,45,262.026483961955
3d,悬挑,BIT*,45,262.026483961955
3d,悬挑,RRT#,45,287.038974694075
3d,悬挑,AB-IRRT*,45,255.732852443965
3d,悬挑,RRT*,46,271.299466788133
3d,悬挑,Informed-RRT*,46,271.299466788133
3d,悬挑,PRM*,46,285.391226055474
3d,悬挑,FMT*,46,317.423832041942
3d,悬挑,BIT*,46,269.533853309841
3d,悬挑,RRT#,46,271.299466788133
3d,悬挑,AB-IRRT*,46,255.732852443965
3d,悬挑,RRT*,47,275.533079910107
3d,悬挑,Informed-RRT*,47,275.533079910107
3d,悬挑,PRM*,47,329.321578233469
3d,悬挑,FMT*,47,343.765788875169
3d,悬挑,BIT*,47,271.16822712387
3d,悬挑,RRT#,47,275.533079910107
3d,悬挑,AB-IRRT*,47,255.732852443965
3d,悬挑,RRT*,48,280.444412281993
3d,悬挑,Informed-RRT*,48,280.444412281993
3d,悬挑,PRM*,48,384.35907725154
3d,悬挑,FMT*,48,272.837596464667
3d,悬挑,BIT*,48,272.837596464667
3d,悬挑,RRT#,48,280.444412281993
3d,悬挑,AB-IRRT*,48,255.732852443965
3d,悬挑,RRT*,49,264.445268710461
3d,悬挑,Informed-RRT*,49,264.445268710461
3d,悬挑,PRM*,49,386.128678031693
3d,悬挑,FMT*,49,285.320230026739
3d,悬挑,BIT*,49,285.320230026739
3d,悬挑,RRT#,49,264.183041112931
3d,悬挑,AB-IRRT*,49,255.732852443965
3d,悬挑,RRT*,50,291.228273613014
3d,悬挑,Informed-RRT*,50,291.228273613014
3d,悬挑,PRM*,50,354.776722235799
3d,悬挑,FMT*,50,261.628769361945
3d,悬挑,BIT*,50,278.524860321626
3d,悬挑,RRT#,50,291.228273613014
3d,悬挑,AB-IRRT*,50,255.732852443965
