scenario,algorithm,run,seed,success,length,time,firstSolutionTime,tPlanner,tShortcut,tPre,tOpt,nodes,iterations,turnSum,minClear,straightness,escapes,sideFlips,fallback
一般,RRT*,1,20261904,1,283.309389501471,0.7713128,0.0644844,0.7575218,0,NaN,NaN,5120,6000,10.0321009560865,0.335354499103232,0.910931934807698,NaN,NaN,0
一般,Informed-RRT*,1,20261904,1,273.0293882442,0.6854652,0.0261217,0.6770187,0,NaN,NaN,4322,6000,6.19921484167367,2.75673659142194,0.945230006144752,NaN,NaN,0
一般,PRM*,1,20261904,1,279.592795333645,2.0288931,0.014292,2.0235372,0,NaN,NaN,6002,6000,7.73962842243994,0.750312970107302,0.923040845955259,NaN,NaN,0
一般,FMT*,1,20261904,1,288.028319087958,0.5052315,0.0445177,0.4971037,0,NaN,NaN,6002,6000,2.08690956565631,0.129427569644699,0.896007625725688,NaN,NaN,0
一般,BIT*,1,20261904,1,271.611062261269,17.926495,0.0373064,17.9205118,0,NaN,NaN,3129,6000,1.64722125813673,0.073161156579804,0.950165903329495,NaN,NaN,0
一般,RRT#,1,20261904,1,282.255530755169,0.6381589,0.01657,0.6321504,0,NaN,NaN,5120,6000,7.13911703150656,0.33541089334952,0.914333085475018,NaN,NaN,0
一般,APF-only,1,20261904,1,442.385244950109,0.0416244,0.0346254,0.0416244,NaN,NaN,NaN,NaN,71,38.6413649792452,0.185991746715437,0.583372915967999,0,5,0
一般,AB-IRRT*,1,20261904,1,268.041617987905,0.4922212,0.0219719,0.4592071,0,0.0219719,0.4611898,4077,6000,4.40990331822228,0.0242632592796373,0.962819028869642,0,5,0
一般,RRT*,2,20261905,1,272.542564995123,0.5225503,0.015769,0.5213418,0,NaN,NaN,5065,6000,7.37428591377937,1.14844195781078,0.946918402754377,NaN,NaN,0
一般,Informed-RRT*,2,20261905,1,275.300862001119,0.5292992,0.0106963,0.5286313,0,NaN,NaN,4325,6000,7.15314807875458,0.403779334045353,0.93743102891815,NaN,NaN,0
一般,PRM*,2,20261905,1,270.485647375174,1.7145454,0.001982,1.713645,0,NaN,NaN,6002,6000,3.65005083734819,0.328256601562506,0.954119277056509,NaN,NaN,0
一般,FMT*,2,20261905,1,277.046942085574,0.2853924,0.0181539,0.2836674,0,NaN,NaN,6002,6000,3.01509205934358,0.990977127602811,0.93152289783458,NaN,NaN,0
一般,BIT*,2,20261905,1,270.448603228589,17.2890819,0.0387811,17.2875907,0,NaN,NaN,2874,6000,1.22455787909997,0.274679028200792,0.954249965601161,NaN,NaN,0
一般,RRT#,2,20261905,1,272.801308776885,0.5753963,0.0160567,0.5729053,0,NaN,NaN,5065,6000,6.23716458164125,0.702007476332334,0.946020279319238,NaN,NaN,0
一般,APF-only,2,20261905,1,442.385244950109,0.0071035,0.0066054,0.0071035,NaN,NaN,NaN,NaN,71,38.6413649792452,0.185991746715437,0.583372915967999,0,5,0
一般,AB-IRRT*,2,20261905,1,264.161804194859,0.5248802,0.0089841,0.5143774,0,0.0089841,0.51496,3977,6000,2.07892789379155,0.0638101278954792,0.976960204804604,0,5,0
一般,RRT*,3,20261906,1,291.926208776868,0.552389,0.021107,0.5514485,0,NaN,NaN,5139,6000,10.5687131893725,0.230174545886385,0.884043852756712,NaN,NaN,0
一般,Informed-RRT*,3,20261906,1,280.278594540704,0.5765007,0.0234715,0.5717837,0,NaN,NaN,4364,6000,8.57610055357652,0.553476520975993,0.920782305015744,NaN,NaN,0
一般,PRM*,3,20261906,1,274.749583643133,1.7560008,0.003738,1.7552542,0,NaN,NaN,6002,6000,5.83598829199764,1.78867747166914,0.93931196148043,NaN,NaN,0
一般,FMT*,3,20261906,1,295.012993426898,0.461525,0.0391889,0.459828,0,NaN,NaN,6002,6000,4.42729187316982,0.59713976394807,0.874793911040777,NaN,NaN,0
一般,BIT*,3,20261906,1,276.540629274589,6.2617286,0.0654699,6.2602138,0,NaN,NaN,3140,6000,2.95834387315085,0.502179316628469,0.933228404826939,NaN,NaN,0
一般,RRT#,3,20261906,1,283.867401699927,0.5949431,0.0274653,0.5939101,0,NaN,NaN,5139,6000,8.13228123215688,0.0961982682674414,0.909141270826762,NaN,NaN,0
一般,APF-only,3,20261906,1,442.385244950109,0.0096042,0.0072158,0.0096042,NaN,NaN,NaN,NaN,71,38.6413649792452,0.185991746715437,0.583372915967999,0,5,0
一般,AB-IRRT*,3,20261906,1,264.123311822841,0.4978323,0.0100859,0.4827833,0,0.0100859,0.4857946,3935,6000,2.27466583145309,0.0426432824711043,0.977102583435971,0,5,0
一般,RRT*,4,20261907,1,283.090777901089,0.5887911,0.0191201,0.5881866,0,NaN,NaN,5096,6000,8.83814268393632,0.0907275216462082,0.91163538509168,NaN,NaN,0
一般,Informed-RRT*,4,20261907,1,275.506529482188,0.531661,0.0127012,0.5301484,0,NaN,NaN,4381,6000,8.89217656255839,0.513997359717788,0.93673123033713,NaN,NaN,0
一般,PRM*,4,20261907,1,273.633089070445,1.8094248,0.002119,1.8088524,0,NaN,NaN,6002,6000,4.25600036449755,1.40596983631839,0.94314459996219,NaN,NaN,0
一般,FMT*,4,20261907,1,282.390783272564,0.2028627,0.0179365,0.2022273,0,NaN,NaN,6002,6000,4.19658447760987,0.368764458748332,0.913895160943222,NaN,NaN,0
一般,BIT*,4,20261907,1,272.359470547236,14.6590626,0.0216071,14.6583684,0,NaN,NaN,3226,6000,1.36206005886432,0.11707074750265,0.94755497141049,NaN,NaN,0
一般,RRT#,4,20261907,1,283.133465021268,0.545264,0.0171854,0.5443774,0,NaN,NaN,5096,6000,9.54678022187811,0.0910687189515897,0.911497940762238,NaN,NaN,0
一般,APF-only,4,20261907,1,442.385244950109,0.0090605,0.0086232,0.0090605,NaN,NaN,NaN,NaN,71,38.6413649792452,0.185991746715437,0.583372915967999,0,5,0
一般,AB-IRRT*,4,20261907,1,266.094217904856,0.4809729,0.0048124,0.473389,0,0.0048124,0.4736713,4182,6000,3.1592349847384,0.303812850827955,0.969865382118299,0,5,0
一般,RRT*,5,20261908,1,281.556368407025,0.525582,0.0087414,0.5225534,0,NaN,NaN,5033,6000,8.06065414236846,0.126458989901096,0.916603562504691,NaN,NaN,0
一般,Informed-RRT*,5,20261908,1,277.526616350756,0.5666911,0.0082699,0.5663482,0,NaN,NaN,4272,6000,8.63715034272681,1.13000777871591,0.929912862849848,NaN,NaN,0
一般,PRM*,5,20261908,1,273.333613540705,1.9443827,0.0012381,1.9394907,0,NaN,NaN,6002,6000,5.09560191935025,0.544146161191487,0.944177947910273,NaN,NaN,0
一般,FMT*,5,20261908,1,273.77209584506,0.4643266,0.0104466,0.4595789,0,NaN,NaN,6002,6000,2.3180660110325,0.140461644106182,0.942665721760847,NaN,NaN,0
一般,BIT*,5,20261908,1,269.054796964645,15.2120233,0.0579577,15.2065803,0,NaN,NaN,2947,6000,3.79939122355613,0.274003874758899,0.959193343658075,NaN,NaN,0
一般,RRT#,5,20261908,1,279.175827814912,0.5410746,0.0126109,0.5371415,0,NaN,NaN,5033,6000,6.77685774544244,1.79786274252054,0.924419468360496,NaN,NaN,0
一般,APF-only,5,20261908,1,442.385244950109,0.0045186,0.0042323,0.0045186,NaN,NaN,NaN,NaN,71,38.6413649792452,0.185991746715437,0.583372915967999,0,5,0
一般,AB-IRRT*,5,20261908,1,265.62782815447,0.4558834,0.0063556,0.4450315,0,0.0063556,0.4455895,3954,6000,1.95547459402597,0.409345386516616,0.97156827325217,0,5,0
一般,RRT*,6,20261909,1,277.958753101591,0.4955245,0.0068266,0.4950087,0,NaN,NaN,5097,6000,8.11875167061221,1.69448383484989,0.928467146467012,NaN,NaN,0
一般,Informed-RRT*,6,20261909,1,271.902829563759,0.5160385,0.0085827,0.5158876,0,NaN,NaN,4368,6000,6.11710933715399,0.352803139664531,0.949146320918466,NaN,NaN,0
一般,PRM*,6,20261909,1,272.123147167551,1.7801169,0.001621,1.7794552,0,NaN,NaN,6002,6000,3.86068738661979,0.195126906768105,0.948377868674514,NaN,NaN,0
一般,FMT*,6,20261909,1,282.740970779134,0.3869716,0.0269301,0.3820302,0,NaN,NaN,6002,6000,2.13040525604512,0.315289750233308,0.912763260367248,NaN,NaN,0
一般,BIT*,6,20261909,1,270.797466595789,9.0167983,0.3253868,9.0115511,0,NaN,NaN,3056,6000,3.43231331648542,0.148132216362319,0.9530206230215,NaN,NaN,0
一般,RRT#,6,20261909,1,277.681019629267,0.5417531,0.0076236,0.5407,0,NaN,NaN,5097,6000,7.58250291727147,1.70177661759815,0.929395788996742,NaN,NaN,0
一般,APF-only,6,20261909,1,442.385244950109,0.0051952,0.005073,0.0051952,NaN,NaN,NaN,NaN,71,38.6413649792452,0.185991746715437,0.583372915967999,0,5,0
一般,AB-IRRT*,6,20261909,1,267.406985709766,0.4255705,0.0048509,0.4196816,0,0.0048509,0.4204369,4049,6000,4.38385700921013,0.365752133290325,0.965104070272377,0,5,0
一般,RRT*,7,20261910,1,291.448639057562,0.4946328,0.0100218,0.4938331,0,NaN,NaN,5108,6000,12.1288620100304,1.11935406726062,0.885492453017742,NaN,NaN,0
一般,Informed-RRT*,7,20261910,1,280.167353945417,0.4987228,0.0100682,0.4985642,0,NaN,NaN,4342,6000,9.16385402583405,0.0220344622053332,0.921147902114399,NaN,NaN,0
一般,PRM*,7,20261910,1,279.297887318189,1.7840448,0.0001751,1.7837168,0,NaN,NaN,6002,6000,7.32463068309594,0.230620182733105,0.924015476113328,NaN,NaN,0
一般,FMT*,7,20261910,1,275.648497454603,0.1744817,0.0074802,0.1736745,0,NaN,NaN,6002,6000,4.09862651079948,0.112805954824474,0.936248783181798,NaN,NaN,0
一般,BIT*,7,20261910,1,288.230194297624,7.3884736,0.0078469,7.3881703,0,NaN,NaN,3291,6000,5.41896739989747,0.66241162272812,0.895380065772277,NaN,NaN,0
一般,RRT#,7,20261910,1,286.687140386665,0.4965228,0.010998,0.4955902,0,NaN,NaN,5108,6000,9.81659581482535,1.08113112967696,0.900199325228496,NaN,NaN,0
一般,APF-only,7,20261910,1,442.385244950109,0.0052022,0.0050623,0.0052022,NaN,NaN,NaN,NaN,71,38.6413649792452,0.185991746715437,0.583372915967999,0,5,0
一般,AB-IRRT*,7,20261910,1,264.958994699282,0.4820376,0.0056289,0.4761489,0,0.0056289,0.476297,4003,6000,3.35954816093017,0.0732824746408749,0.974020793748363,0,5,0
一般,RRT*,8,20261911,1,288.277559364307,0.5201912,0.0121539,0.5200417,0,NaN,NaN,5128,6000,10.5328480882769,2.95927201595757,0.895232951523718,NaN,NaN,0
一般,Informed-RRT*,8,20261911,1,289.229173367236,0.4780319,0.0113668,0.4778747,0,NaN,NaN,4312,6000,10.1145079557413,1.04812255285369,0.892287480281538,NaN,NaN,0
一般,PRM*,8,20261911,1,274.02878084926,1.7154723,0.0011348,1.7152225,0,NaN,NaN,6002,6000,4.69152322953623,0.176774680076591,0.941782719055803,NaN,NaN,0
一般,FMT*,8,20261911,1,277.560950544856,0.3758159,0.0224072,0.3756469,0,NaN,NaN,6002,6000,2.91438070714887,0.422317725038324,0.929797832948607,NaN,NaN,0
一般,BIT*,8,20261911,1,269.194946128488,11.2906107,0.030966,11.2903929,0,NaN,NaN,2615,6000,2.30371504186188,0.101035192422504,0.958693965244735,NaN,NaN,0
一般,RRT#,8,20261911,1,281.104053075331,0.5210539,0.0172279,0.5207822,0,NaN,NaN,5128,6000,8.43876867275363,2.9578153421483,0.918078439298072,NaN,NaN,0
一般,APF-only,8,20261911,1,442.385244950109,0.0057218,0.0055761,0.0057218,NaN,NaN,NaN,NaN,71,38.6413649792452,0.185991746715437,0.583372915967999,0,5,0
一般,AB-IRRT*,8,20261911,1,264.798783903957,0.473787,0.0053239,0.4682099,0,0.0053239,0.4683557,3956,6000,2.59811219133898,0.212312562091527,0.974610104030414,0,5,0
一般,RRT*,9,20261912,1,272.120676832263,0.5327509,0.0086915,0.532618,0,NaN,NaN,5102,6000,5.99699664455686,0.569817365095668,0.948386478131693,NaN,NaN,0
一般,Informed-RRT*,9,20261912,1,269.057553315436,0.5011749,0.0081211,0.5010227,0,NaN,NaN,4201,6000,5.3755129127906,0.469720870822774,0.959183517235072,NaN,NaN,0
一般,PRM*,9,20261912,1,272.700337183108,1.9691861,0.0001401,1.9689697,0,NaN,NaN,6002,6000,3.38678541146528,0.111221892291031,0.946370558223678,NaN,NaN,0
一般,FMT*,9,20261912,1,281.231780876707,0.364285,0.0156303,0.3631854,0,NaN,NaN,6002,6000,2.25125086261455,0.541116081097461,0.917661473121005,NaN,NaN,0
一般,BIT*,9,20261912,1,271.535606414657,23.9172328,0.0151615,23.9169999,0,NaN,NaN,3587,6000,2.67282245005458,1.10459500276416,0.950429940792592,NaN,NaN,0
一般,RRT#,9,20261912,1,272.120676832263,0.5980444,0.0119933,0.5977384,0,NaN,NaN,5102,6000,5.99699664455686,0.569817365095668,0.948386478131693,NaN,NaN,0
一般,APF-only,9,20261912,1,442.385244950109,0.0061915,0.0060405,0.0061915,NaN,NaN,NaN,NaN,71,38.6413649792452,0.185991746715437,0.583372915967999,0,5,0
一般,AB-IRRT*,9,20261912,1,265.298851901815,0.4945393,0.0047825,0.4894897,0,0.0047825,0.4896464,3944,6000,1.90233356877921,0.360587914968333,0.972773038698541,0,5,0
一般,RRT*,10,20261913,1,281.904333186954,0.5696263,0.014544,0.5694935,0,NaN,NaN,5119,6000,8.34995809798347,1.10936332584176,0.915472165362606,NaN,NaN,0
一般,Informed-RRT*,10,20261913,1,280.844181350151,0.5681233,0.0107145,0.567959,0,NaN,NaN,4407,6000,9.06796960727372,2.28688470482815,0.91892795886698,NaN,NaN,0
一般,PRM*,10,20261913,1,274.027292548192,2.0047524,0.0020955,2.0044548,0,NaN,NaN,6002,6000,4.33712385365675,1.98453627465002,0.94178783407998,NaN,NaN,0
一般,FMT*,10,20261913,1,284.379250244805,0.5682884,0.0288328,0.5680779,0,NaN,NaN,6002,6000,2.35951796348281,0.340958008280738,0.907504925572456,NaN,NaN,0
一般,BIT*,10,20261913,1,281.307144503568,3.1497598,0.0336788,3.1495043,0,NaN,NaN,2577,6000,3.53770625811988,0.133532504688624,0.917415626905592,NaN,NaN,0
一般,RRT#,10,20261913,1,281.507558227248,0.5968768,0.0198968,0.596446,0,NaN,NaN,5119,6000,8.35053927166865,1.10966200705906,0.916762491042709,NaN,NaN,0
一般,APF-only,10,20261913,1,442.385244950109,0.0066004,0.006438,0.0066004,NaN,NaN,NaN,NaN,71,38.6413649792452,0.185991746715437,0.583372915967999,0,5,0
一般,AB-IRRT*,10,20261913,1,266.031044235061,0.5074741,0.0065784,0.5005618,0,0.0065784,0.5007403,4084,6000,3.10780686833878,0.191800064250636,0.970095693417384,0,5,0
一般,RRT*,11,20261914,1,282.538391102113,0.5106851,0.0193509,0.5105032,0,NaN,NaN,5092,6000,8.86141082107422,0.167562644334486,0.913417710496167,NaN,NaN,0
一般,Informed-RRT*,11,20261914,1,271.569648134979,0.6132908,0.0246738,0.6131194,0,NaN,NaN,4482,6000,5.9385206606963,0.394870685314189,0.950310802772371,NaN,NaN,0
一般,PRM*,11,20261914,1,279.459719894663,2.0301051,0.0010215,2.0298244,0,NaN,NaN,6002,6000,5.28483302913223,3.54320923083576,0.923480387173648,NaN,NaN,0
一般,FMT*,11,20261914,1,294.612763364474,0.6306134,0.0108352,0.6297116,0,NaN,NaN,6002,6000,3.54490214682582,0.693582241350851,0.875982314481366,NaN,NaN,0
一般,BIT*,11,20261914,1,279.616772770774,9.531177,0.0853222,9.5308869,0,NaN,NaN,3863,6000,1.69696356821669,0.464441854286791,0.922961694216138,NaN,NaN,0
一般,RRT#,11,20261914,1,280.772741943311,0.5614249,0.0278264,0.5611052,0,NaN,NaN,5092,6000,9.35134436487261,0.395860572812921,0.919161769556208,NaN,NaN,0
一般,APF-only,11,20261914,1,442.385244950109,0.0067075,0.0065571,0.0067075,NaN,NaN,NaN,NaN,71,38.6413649792452,0.185991746715437,0.583372915967999,0,5,0
一般,AB-IRRT*,11,20261914,1,264.643324279045,0.5152025,0.0063804,0.5085296,0,0.0063804,0.5086979,4080,6000,2.65580031933907,0.101683690747294,0.975182619969069,0,5,0
一般,RRT*,12,20261915,1,272.64276222072,0.5493187,0.0098728,0.5491835,0,NaN,NaN,5146,6000,4.77160852769947,0.0811499211599586,0.946570406731853,NaN,NaN,0
一般,Informed-RRT*,12,20261915,1,271.835213170203,0.5479665,0.0118067,0.5477809,0,NaN,NaN,4291,6000,7.18740181167712,1.41118235956608,0.949382411932686,NaN,NaN,0
一般,PRM*,12,20261915,1,276.904273037169,1.9591562,0.0004049,1.9589299,0,NaN,NaN,6002,6000,4.94453790167927,1.6178710840175,0.932002845232805,NaN,NaN,0
一般,FMT*,12,20261915,1,276.086642014728,0.2665926,0.0262585,0.2663744,0,NaN,NaN,6002,6000,2.60874607635281,0.432015547893394,0.934762973117677,NaN,NaN,0
一般,BIT*,12,20261915,1,269.846308078303,14.0830432,0.0385087,14.0828351,0,NaN,NaN,3163,6000,2.15614573958134,0.632977484322227,0.956379845126046,NaN,NaN,0
一般,RRT#,12,20261915,1,272.606673458243,0.5383811,0.0081259,0.5381032,0,NaN,NaN,5146,6000,4.71746072456595,0.0959384103557332,0.946695717510725,NaN,NaN,0
一般,APF-only,12,20261915,1,442.385244950109,0.0044724,0.0043664,0.0044724,NaN,NaN,NaN,NaN,71,38.6413649792452,0.185991746715437,0.583372915967999,0,5,0
一般,AB-IRRT*,12,20261915,1,266.706084801354,0.4881875,0.0047573,0.4831536,0,0.0047573,0.4832944,4045,6000,2.43785727977096,0.280192759995043,0.967640354062339,0,5,0
一般,RRT*,13,20261916,1,282.712233058,0.4899075,0.0108141,0.4897702,0,NaN,NaN,5081,6000,5.80922000217567,0.354459550132781,0.912856042825769,NaN,NaN,0
一般,Informed-RRT*,13,20261916,1,276.906734924488,0.5284084,0.0107372,0.5282404,0,NaN,NaN,4338,6000,6.76033563563093,0.370546605510151,0.931994559099979,NaN,NaN,0
一般,PRM*,13,20261916,1,273.070951749669,1.7251436,0.0006124,1.7248939,0,NaN,NaN,6002,6000,4.54860274791059,2.38076438280326,0.945086134845816,NaN,NaN,0
一般,FMT*,13,20261916,1,288.985718157451,0.5494939,0.0311812,0.549311,0,NaN,NaN,6002,6000,3.19856121015126,0.25907167961979,0.893039185373004,NaN,NaN,0
一般,BIT*,13,20261916,1,274.416760068868,6.9749854,0.0846608,6.9747612,0,NaN,NaN,3205,6000,2.79205161029658,0.157902399641145,0.940451196432011,NaN,NaN,0
一般,RRT#,13,20261916,1,280.351899944626,0.5209195,0.012349,0.5205717,0,NaN,NaN,5081,6000,5.7367071167346,0.344166769128964,0.920541542178727,NaN,NaN,0
一般,APF-only,13,20261916,1,442.385244950109,0.0038926,0.0037986,0.0038926,NaN,NaN,NaN,NaN,71,38.6413649792452,0.185991746715437,0.583372915967999,0,5,0
一般,AB-IRRT*,13,20261916,1,265.158427930135,0.4638855,0.0047862,0.4588531,0,0.0047862,0.4589986,4052,6000,2.18803072997621,0.298983139717508,0.973288204875622,0,5,0
一般,RRT*,14,20261917,1,299.36374858725,0.5344394,0.0131194,0.5343131,0,NaN,NaN,5119,6000,10.5026154784291,0.12336535844431,0.862080233647749,NaN,NaN,0
一般,Informed-RRT*,14,20261917,1,294.744613875462,0.450824,0.0138346,0.4506402,0,NaN,NaN,4174,6000,12.6721559874165,0.183335289413625,0.875590454171307,NaN,NaN,0
一般,PRM*,14,20261917,1,273.450254815711,1.7596351,0.0028191,1.7593958,0,NaN,NaN,6002,6000,2.96210524471393,0.381464642523846,0.943775205116157,NaN,NaN,0
一般,FMT*,14,20261917,1,276.327465473412,0.2308633,0.0142209,0.2306734,0,NaN,NaN,6002,6000,1.60665701331138,0.774953801629804,0.933948313410036,NaN,NaN,0
一般,BIT*,14,20261917,1,273.870182953609,6.7195994,0.0741576,6.7193431,0,NaN,NaN,2945,6000,1.3595322362004,0.194385935570862,0.9423281043029,NaN,NaN,0
一般,RRT#,14,20261917,1,282.787892487146,0.5695999,0.017044,0.5691754,0,NaN,NaN,5119,6000,8.50288675040219,0.102821026355473,0.912611809713508,NaN,NaN,0
一般,APF-only,14,20261917,1,442.385244950109,0.0055663,0.0054111,0.0055663,NaN,NaN,NaN,NaN,71,38.6413649792452,0.185991746715437,0.583372915967999,0,5,0
一般,AB-IRRT*,14,20261917,1,265.545164500904,0.6367936,0.0074702,0.6289274,0,0.0074702,0.6291679,4029,6000,2.39356872176128,0.387950950565724,0.971870720420836,0,5,0
一般,RRT*,15,20261918,1,284.268591120929,0.6156882,0.0159776,0.6155061,0,NaN,NaN,5124,6000,9.08566779228889,0.54060061696552,0.907858196046627,NaN,NaN,0
一般,Informed-RRT*,15,20261918,1,279.648298308315,0.5743984,0.01566,0.5742196,0,NaN,NaN,4360,6000,10.5247761239384,0.696691666113789,0.922857646153928,NaN,NaN,0
一般,PRM*,15,20261918,1,284.851209451012,1.8808255,0.0064437,1.880534,0,NaN,NaN,6002,6000,4.23838263077694,1.70377870097103,0.906001314950169,NaN,NaN,0
一般,FMT*,15,20261918,1,281.305323017115,0.3405968,0.0111173,0.3404006,0,NaN,NaN,6002,6000,1.39182651170178,0.292668329035985,0.917421567284246,NaN,NaN,0
一般,BIT*,15,20261918,1,278.276482356774,2.8726552,0.0303625,2.872393,0,NaN,NaN,2262,6000,4.07764577559361,0.0534084656857559,0.927407045475325,NaN,NaN,0
一般,RRT#,15,20261918,1,288.082870105891,0.5827476,0.0129892,0.5823365,0,NaN,NaN,5124,6000,10.9309453477773,0.708715416821372,0.895837958823798,NaN,NaN,0
一般,APF-only,15,20261918,1,442.385244950109,0.0057111,0.0055801,0.0057111,NaN,NaN,NaN,NaN,71,38.6413649792452,0.185991746715437,0.583372915967999,0,5,0
一般,AB-IRRT*,15,20261918,1,264.740393502253,0.5121288,0.0064396,0.5053838,0,0.0064396,0.5055529,4050,6000,2.32985332483451,0.177756504873788,0.974825061312627,0,5,0
一般,RRT*,16,20261919,1,279.105501737226,0.5734171,0.0097764,0.5732937,0,NaN,NaN,5157,6000,8.21090103551833,0.273624852839561,0.924652393884866,NaN,NaN,0
一般,Informed-RRT*,16,20261919,1,273.406779157532,0.5757911,0.0108454,0.5756137,0,NaN,NaN,4293,6000,7.11190028547604,0.686922093696615,0.943925279113378,NaN,NaN,0
一般,PRM*,16,20261919,1,281.708453148283,2.0516848,0.0005466,2.0513839,0,NaN,NaN,6002,6000,6.28067902299017,4.8204735352928,0.91610871964825,NaN,NaN,0
一般,FMT*,16,20261919,1,287.9270173895,0.9447061,0.0094836,0.9444304,0,NaN,NaN,6002,6000,1.66440775634896,0.626688793676086,0.896322869134039,NaN,NaN,0
一般,BIT*,16,20261919,1,268.01053694632,4.1949003,0.0431165,4.1938965,0,NaN,NaN,2281,6000,2.67593611378718,0.30053657509443,0.962930686488095,NaN,NaN,0
一般,RRT#,16,20261919,1,277.68490469299,0.524239,0.0111539,0.5239499,0,NaN,NaN,5157,6000,7.77810519449781,0.273426241979056,0.929382785906539,NaN,NaN,0
一般,APF-only,16,20261919,1,442.385244950109,0.005223,0.0051079,0.005223,NaN,NaN,NaN,NaN,71,38.6413649792452,0.185991746715437,0.583372915967999,0,5,0
一般,AB-IRRT*,16,20261919,1,267.512439777211,0.4677236,0.005099,0.4623365,0,0.005099,0.4625023,4079,6000,3.22507422888536,0.0636797275261234,0.964723623853501,0,5,0
一般,RRT*,17,20261920,1,283.487526000072,0.4853485,0.0080973,0.4851979,0,NaN,NaN,5080,6000,8.56435618699348,0.543735193593367,0.910359527874597,NaN,NaN,0
一般,Informed-RRT*,17,20261920,1,281.398221485968,0.5864013,0.0107755,0.586211,0,NaN,NaN,4379,6000,9.07434861093436,0.639690757916643,0.917118697356911,NaN,NaN,0
一般,PRM*,17,20261920,1,271.665169110617,1.9922032,0.0001643,1.9919676,0,NaN,NaN,6002,6000,4.29929001288543,3.83445151085612,0.949976661243161,NaN,NaN,0
一般,FMT*,17,20261920,1,276.915442721351,0.2568341,0.0086853,0.2566297,0,NaN,NaN,6002,6000,2.78091584489242,0.497565047597998,0.931965251889018,NaN,NaN,0
一般,BIT*,17,20261920,1,323.1213317075,3.9916312,0.0260812,3.9913058,0,NaN,NaN,2470,6000,12.0725311377118,1.74454276101588,0.798695551803993,NaN,NaN,0
一般,RRT#,17,20261920,1,283.487526000072,0.5202333,0.0098434,0.5199595,0,NaN,NaN,5080,6000,8.56435618699348,0.543735193593367,0.910359527874597,NaN,NaN,0
一般,APF-only,17,20261920,1,442.385244950109,0.0048527,0.0047266,0.0048527,NaN,NaN,NaN,NaN,71,38.6413649792452,0.185991746715437,0.583372915967999,0,5,0
一般,AB-IRRT*,17,20261920,1,264.504477180278,0.4557116,0.0048674,0.4505954,0,0.0048674,0.4507424,4020,6000,2.40088417685622,0.169950997568472,0.975694525396885,0,5,0
一般,RRT*,18,20261921,1,278.551755902718,0.4946774,0.0115867,0.4945307,0,NaN,NaN,5129,6000,8.42808877263062,0.39050078170794,0.926490552864772,NaN,NaN,0
一般,Informed-RRT*,18,20261921,1,277.315894679036,0.5097417,0.0080109,0.5095778,0,NaN,NaN,4414,6000,9.72583167477302,0.124475211393614,0.930619467832734,NaN,NaN,0
一般,PRM*,18,20261921,1,276.920530999309,1.7641343,0.0005236,1.7638888,0,NaN,NaN,6002,6000,9.03300875811704,0.0581069459672818,0.931948127487908,NaN,NaN,0
一般,FMT*,18,20261921,1,298.508180450319,0.6311454,0.0194798,0.6309656,0,NaN,NaN,6002,6000,1.865299283193,0.369059494450354,0.86455108177752,NaN,NaN,0
一般,BIT*,18,20261921,1,278.382000822592,5.3219277,0.022866,5.3216664,0,NaN,NaN,2191,6000,3.41503008841266,0.445540426281546,0.927055519269111,NaN,NaN,0
一般,RRT#,18,20261921,1,274.719435695105,0.5272305,0.0105347,0.5268441,0,NaN,NaN,5129,6000,7.56159856037382,0.570672689598337,0.939415042385954,NaN,NaN,0
一般,APF-only,18,20261921,1,442.385244950109,0.0042252,0.004117,0.0042252,NaN,NaN,NaN,NaN,71,38.6413649792452,0.185991746715437,0.583372915967999,0,5,0
一般,AB-IRRT*,18,20261921,1,264.552243695928,0.4950776,0.0066849,0.4880708,0,0.0066849,0.4882625,3864,6000,2.4476661878445,0.451377232062891,0.975518357819676,0,5,0
一般,RRT*,19,20261922,1,287.290794126127,0.5280257,0.0099354,0.5278938,0,NaN,NaN,5126,6000,9.8997258323523,1.03680344250861,0.898307831661537,NaN,NaN,0
一般,Informed-RRT*,19,20261922,1,280.675662611981,0.5189882,0.0081212,0.5188151,0,NaN,NaN,4371,6000,7.15505804403869,1.78840440280023,0.919479686717754,NaN,NaN,0
一般,PRM*,19,20261922,1,275.789023353116,1.765756,0.0008876,1.7654423,0,NaN,NaN,6002,6000,3.7824964986223,3.20816849635523,0.9357717257562,NaN,NaN,0
一般,FMT*,19,20261922,1,283.108030967376,0.1756091,0.0096119,0.175439,0,NaN,NaN,6002,6000,3.58981579730351,0.302446216043014,0.911579828540796,NaN,NaN,0
一般,BIT*,19,20261922,1,266.36921948617,12.0596222,0.0767575,12.0592845,0,NaN,NaN,2679,6000,2.48250448255006,0.17576992450379,0.968864085818901,NaN,NaN,0
一般,RRT#,19,20261922,1,286.013808069252,0.5049729,0.0079651,0.5047068,0,NaN,NaN,5126,6000,10.3337424370656,1.03278941254176,0.9023185701065,NaN,NaN,0
一般,APF-only,19,20261922,1,442.385244950109,0.0044067,0.0042975,0.0044067,NaN,NaN,NaN,NaN,71,38.6413649792452,0.185991746715437,0.583372915967999,0,5,0
一般,AB-IRRT*,19,20261922,1,273.592266877595,0.4694373,0.0049122,0.4642519,0,0.0049122,0.4644141,4162,6000,4.60794181420048,1.23311117977534,0.943285324812289,0,5,0
一般,RRT*,20,20261923,1,279.077439102407,0.5250312,0.0103956,0.5248826,0,NaN,NaN,5043,6000,9.76528748010194,0.467231461500285,0.924745372316041,NaN,NaN,0
一般,Informed-RRT*,20,20261923,1,281.73643203827,0.5072778,0.0131173,0.5071036,0,NaN,NaN,4385,6000,9.13441154094186,0.667812550281106,0.916017742045894,NaN,NaN,0
一般,PRM*,20,20261923,1,277.653572590826,2.0221592,0.000848,2.0219209,0,NaN,NaN,6002,6000,5.31057573268799,0.0420452742798947,0.929487663060201,NaN,NaN,0
一般,FMT*,20,20261923,1,281.622158713735,0.4988152,0.0262913,0.4985399,0,NaN,NaN,6002,6000,3.0602115068898,0.673027005968827,0.916389432942644,NaN,NaN,0
一般,BIT*,20,20261923,1,276.069070806491,13.1466448,0.0501548,13.1463537,0,NaN,NaN,3224,6000,1.90830525553049,0.441364294160119,0.934822468789558,NaN,NaN,0
一般,RRT#,20,20261923,1,283.265024689235,0.5652697,0.0151882,0.5650088,0,NaN,NaN,5043,6000,9.68163407131559,0.467738826096826,0.911074604465879,NaN,NaN,0
一般,APF-only,20,20261923,1,442.385244950109,0.0073978,0.0072382,0.0073978,NaN,NaN,NaN,NaN,71,38.6413649792452,0.185991746715437,0.583372915967999,0,5,0
一般,AB-IRRT*,20,20261923,1,264.861727463711,0.5265521,0.0057632,0.5204871,0,0.0057632,0.5206651,4028,6000,2.72832342098609,0.318074112636894,0.974378490992519,0,5,0
一般,RRT*,21,20261924,1,287.212883736843,0.5635599,0.0111106,0.5634304,0,NaN,NaN,5057,6000,8.88209976646259,0.956887986806379,0.898551509841818,NaN,NaN,0
一般,Informed-RRT*,21,20261924,1,281.015564366526,0.5506703,0.0094903,0.5504886,0,NaN,NaN,4302,6000,10.2846240934754,0.561921618981586,0.918367532095686,NaN,NaN,0
一般,PRM*,21,20261924,1,278.187551945791,1.8863777,0.0014426,1.886141,0,NaN,NaN,6002,6000,8.43596460663352,0.225723435811813,0.927703517007306,NaN,NaN,0
一般,FMT*,21,20261924,1,288.971088572849,0.4841608,0.0129336,0.4838949,0,NaN,NaN,6002,6000,4.27823297537407,0.335430481801463,0.893084396789759,NaN,NaN,0
一般,BIT*,21,20261924,1,265.760154003906,29.2054811,0.023095,29.2052206,0,NaN,NaN,2513,6000,2.15848816466245,0.232049933149867,0.971084515265482,NaN,NaN,0
一般,RRT#,21,20261924,1,285.066422404121,0.5571234,0.0116392,0.5568315,0,NaN,NaN,5057,6000,7.71516444307361,0.275364244190344,0.905317322718228,NaN,NaN,0
一般,APF-only,21,20261924,1,442.385244950109,0.0062864,0.0061453,0.0062864,NaN,NaN,NaN,NaN,71,38.6413649792452,0.185991746715437,0.583372915967999,0,5,0
一般,AB-IRRT*,21,20261924,1,266.411992066073,0.4740316,0.0044807,0.4693185,0,0.0044807,0.4694512,3993,6000,3.01919995720544,0.35020104577027,0.968708534200505,0,5,0
一般,RRT*,22,20261925,1,292.822702196701,0.6149593,0.0146345,0.6148129,0,NaN,NaN,5111,6000,10.6672370849551,1.47356305047857,0.881337302032007,NaN,NaN,0
一般,Informed-RRT*,22,20261925,1,301.921026580779,0.4862428,0.0119707,0.4860103,0,NaN,NaN,4191,6000,11.1947458364393,0.164005696182006,0.854778394371663,NaN,NaN,0
一般,PRM*,22,20261925,1,283.676212081324,1.9598984,0.0007752,1.9596497,0,NaN,NaN,6002,6000,8.42788465656749,1.29310213369066,0.909754005929047,NaN,NaN,0
一般,FMT*,22,20261925,1,279.388781878211,0.4125686,0.0500382,0.4116471,0,NaN,NaN,6002,6000,2.1418069441634,0.466635025874092,0.923714862826027,NaN,NaN,0
一般,BIT*,22,20261925,1,269.210258370343,7.2866755,0.0506192,7.2864254,0,NaN,NaN,2636,6000,2.91083685987568,0.337942704795063,0.958639436290491,NaN,NaN,0
一般,RRT#,22,20261925,1,282.844961045642,0.6446723,0.014637,0.6443024,0,NaN,NaN,5111,6000,9.18179686791818,0.762383927200638,0.912427675478786,NaN,NaN,0
一般,APF-only,22,20261925,1,442.385244950109,0.0063382,0.0061791,0.0063382,NaN,NaN,NaN,NaN,71,38.6413649792452,0.185991746715437,0.583372915967999,0,5,0
一般,AB-IRRT*,22,20261925,1,266.715801290916,0.5082386,0.0064922,0.5013999,0,0.0064922,0.5015939,4111,6000,2.96795311470852,0.580014290665878,0.967605102804805,0,5,0
一般,RRT*,23,20261926,1,285.557292631991,0.5508856,0.0098817,0.5507306,0,NaN,NaN,5025,6000,8.72950134303672,0.248163752699347,0.90376109098483,NaN,NaN,0
一般,Informed-RRT*,23,20261926,1,277.688515808712,0.5432137,0.0113272,0.5430015,0,NaN,NaN,4302,6000,8.3084226037057,0.339568905391448,0.929370700031184,NaN,NaN,0
一般,PRM*,23,20261926,1,284.676143760015,1.9663472,0.0056475,1.9660926,0,NaN,NaN,6002,6000,1.73404961223481,4.39690258758973,0.906558473495843,NaN,NaN,0
一般,FMT*,23,20261926,1,280.291925601228,0.3458201,0.01104,0.3456215,0,NaN,NaN,6002,6000,1.19037065808289,0.248308890744438,0.920738511372345,NaN,NaN,0
一般,BIT*,23,20261926,1,275.923896844085,2.972235,0.0505799,2.9719825,0,NaN,NaN,2516,6000,4.56783325511407,0.011866715876069,0.935314314126231,NaN,NaN,0
一般,RRT#,23,20261926,1,282.85688015766,0.498922,0.0092456,0.4986365,0,NaN,NaN,5025,6000,7.53233838956062,0.247028459508282,0.912389227314942,NaN,NaN,0
一般,APF-only,23,20261926,1,442.385244950109,0.0047484,0.0046291,0.0047484,NaN,NaN,NaN,NaN,71,38.6413649792452,0.185991746715437,0.583372915967999,0,5,0
一般,AB-IRRT*,23,20261926,1,265.374026416852,0.4378139,0.005685,0.4318707,0,0.005685,0.4320159,3875,6000,2.46492961827099,0.142296151718858,0.97249747389511,0,5,0
一般,RRT*,24,20261927,1,314.75517475944,0.5023189,0.0127221,0.5021931,0,NaN,NaN,5081,6000,14.9714651390682,0.164910127983724,0.819924789242954,NaN,NaN,0
一般,Informed-RRT*,24,20261927,1,321.165479947981,0.3664224,0.0132592,0.3662535,0,NaN,NaN,3861,6000,11.7102094827277,1.85559164498051,0.803559493285401,NaN,NaN,0
一般,PRM*,24,20261927,1,281.331904531551,1.7541831,0.0002845,1.7539618,0,NaN,NaN,6002,6000,3.5252712857936,2.26361744051215,0.917334885133229,NaN,NaN,0
一般,FMT*,24,20261927,1,278.760337679215,0.184739,0.0192988,0.1844876,0,NaN,NaN,6002,6000,1.43930683949035,0.129003464584683,0.925797308456213,NaN,NaN,0
一般,BIT*,24,20261927,1,267.136188626805,18.4854937,0.035297,18.4852791,0,NaN,NaN,2818,6000,2.99626901820382,0.234546549422827,0.966082400345615,NaN,NaN,0
一般,RRT#,24,20261927,1,298.069486551399,0.5403335,0.0156312,0.5400562,0,NaN,NaN,5081,6000,11.1430047239965,0.159557421294416,0.865823514220268,NaN,NaN,0
一般,APF-only,24,20261927,1,442.385244950109,0.0047766,0.0046693,0.0047766,NaN,NaN,NaN,NaN,71,38.6413649792452,0.185991746715437,0.583372915967999,0,5,0
一般,AB-IRRT*,24,20261927,1,263.480520345184,0.4303872,0.0049364,0.4251835,0,0.0049364,0.425328,3885,6000,1.43687117460308,0.0151200551095307,0.979486339216501,0,5,0
一般,RRT*,25,20261928,1,288.791986018863,0.5018506,0.0120826,0.5017062,0,NaN,NaN,5080,6000,11.1555750963894,0.291024367188733,0.893638268448715,NaN,NaN,0
一般,Informed-RRT*,25,20261928,1,283.081763160408,0.4852824,0.0115651,0.4851161,0,NaN,NaN,4376,6000,9.68033697721694,1.40748053809418,0.911664416126745,NaN,NaN,0
一般,PRM*,25,20261928,1,276.792147955731,1.8082935,0.0005975,1.8080467,0,NaN,NaN,6002,6000,2.72203547699567,5.17400645468989,0.932380388077478,NaN,NaN,0
一般,FMT*,25,20261928,1,282.242771643943,0.3264853,0.0137673,0.3263038,0,NaN,NaN,6002,6000,2.19523091046857,0.640824383469214,0.914374418960609,NaN,NaN,0
一般,BIT*,25,20261928,1,277.058427720959,11.2017505,0.0160521,11.201522,0,NaN,NaN,3087,6000,1.65140779586662,0.316310869204973,0.931484280953494,NaN,NaN,0
一般,RRT#,25,20261928,1,279.16770847323,0.5330794,0.0123479,0.5327805,0,NaN,NaN,5080,6000,9.22981575945387,0.160542466045554,0.924446354269193,NaN,NaN,0
一般,APF-only,25,20261928,1,442.385244950109,0.0045136,0.0044038,0.0045136,NaN,NaN,NaN,NaN,71,38.6413649792452,0.185991746715437,0.583372915967999,0,5,0
一般,AB-IRRT*,25,20261928,1,265.50493702864,0.4701997,0.0052897,0.4646436,0,0.0052897,0.4648019,4095,6000,2.80702228669525,0.315716419293087,0.972017971552537,0,5,0
一般,RRT*,26,20261929,1,285.625165398402,0.524534,0.0106083,0.5244112,0,NaN,NaN,5115,6000,9.08328528495018,0.343038174805454,0.90354633131779,NaN,NaN,0
一般,Informed-RRT*,26,20261929,1,276.827262936715,0.4861288,0.0118696,0.4859656,0,NaN,NaN,4325,6000,6.67916302668272,1.10837444500858,0.932262117502352,NaN,NaN,0
一般,PRM*,26,20261929,1,280.710573762281,1.8679176,0.0006715,1.8676733,0,NaN,NaN,6002,6000,6.91236080326487,0.0978268353710874,0.919365333727375,NaN,NaN,0
一般,FMT*,26,20261929,1,282.256141025503,0.2334341,0.031061,0.23322,0,NaN,NaN,6002,6000,4.12630771358043,0.216244644460945,0.914331108581424,NaN,NaN,0
一般,BIT*,26,20261929,1,269.21433292111,22.4852927,0.0558567,22.4849895,0,NaN,NaN,3408,6000,2.49959911919429,0.720569500800721,0.958624927311685,NaN,NaN,0
一般,RRT#,26,20261929,1,285.625165398402,0.5604969,0.0148675,0.5601837,0,NaN,NaN,5115,6000,9.08328528495018,0.343038174805454,0.90354633131779,NaN,NaN,0
一般,APF-only,26,20261929,1,442.385244950109,0.0069465,0.0067857,0.0069465,NaN,NaN,NaN,NaN,71,38.6413649792452,0.185991746715437,0.583372915967999,0,5,0
一般,AB-IRRT*,26,20261929,1,264.634702082627,0.4922619,0.0061971,0.485791,0,0.0061971,0.4859506,4066,6000,2.53720349020685,0.273265933389404,0.975214392884813,0,5,0
一般,RRT*,27,20261930,1,278.951860983619,0.5780444,0.0118301,0.5778931,0,NaN,NaN,5099,6000,5.89668473660183,0.852934182356151,0.925161672762305,NaN,NaN,0
一般,Informed-RRT*,27,20261930,1,277.383726510315,0.5912912,0.0164527,0.5910481,0,NaN,NaN,4301,6000,6.88429347580103,0.546637802851137,0.930391892756426,NaN,NaN,0
一般,PRM*,27,20261930,1,267.586114317383,1.9322373,0.0025192,1.931968,0,NaN,NaN,6002,6000,1.46102598368236,0.769292786961074,0.964458006298711,NaN,NaN,0
一般,FMT*,27,20261930,1,280.563801918918,0.4109021,0.0182763,0.4106939,0,NaN,NaN,6002,6000,2.9999764681903,0.0648755476777758,0.919846282958292,NaN,NaN,0
一般,BIT*,27,20261930,1,274.46977791318,6.7113595,0.0545818,6.7103138,0,NaN,NaN,3000,6000,2.53484833248906,0.187095077921025,0.94026953455472,NaN,NaN,0
一般,RRT#,27,20261930,1,276.543448694394,0.5500253,0.0106487,0.5497386,0,NaN,NaN,5099,6000,7.42523372801959,0.939422065479452,0.933218890363083,NaN,NaN,0
一般,APF-only,27,20261930,1,442.385244950109,0.0048564,0.0047415,0.0048564,NaN,NaN,NaN,NaN,71,38.6413649792452,0.185991746715437,0.583372915967999,0,5,0
一般,AB-IRRT*,27,20261930,1,264.948613657337,0.4491663,0.005382,0.44353,0,0.005382,0.4436808,3949,6000,3.87548320995318,0.44625619200515,0.974058957189098,0,5,0
一般,RRT*,28,20261931,1,293.068489986995,0.5730368,0.0085494,0.5728747,0,NaN,NaN,5125,6000,10.6223908705554,0.44168592194103,0.880598150757234,NaN,NaN,0
一般,Informed-RRT*,28,20261931,1,289.247719861284,0.5450375,0.00699,0.5448852,0,NaN,NaN,4381,6000,9.6029446399577,2.0369410955726,0.892230267023469,NaN,NaN,0
一般,PRM*,28,20261931,1,279.193925595235,1.9785332,0.000523,1.978235,0,NaN,NaN,6002,6000,5.53902035208074,4.62640773097016,0.924359546066596,NaN,NaN,0
一般,FMT*,28,20261931,1,282.613600137815,0.265031,0.0117491,0.2647741,0,NaN,NaN,6002,6000,4.11195584307823,0.463854943818557,0.913174632083925,NaN,NaN,0
一般,BIT*,28,20261931,1,267.549560720405,6.5641949,0.024414,6.5639731,0,NaN,NaN,2357,6000,3.60858122410071,0.167789984010632,0.964589774069774,NaN,NaN,0
一般,RRT#,28,20261931,1,290.39385313046,0.5214845,0.0079334,0.5212092,0,NaN,NaN,5125,6000,9.1664914383945,0.440920176428632,0.888708791683073,NaN,NaN,0
一般,APF-only,28,20261931,1,442.385244950109,0.0041277,0.0040226,0.0041277,NaN,NaN,NaN,NaN,71,38.6413649792452,0.185991746715437,0.583372915967999,0,5,0
一般,AB-IRRT*,28,20261931,1,266.586132052072,0.4958845,0.0053417,0.4902671,0,0.0053417,0.4904359,4067,6000,3.58072247547321,0.0984799788438534,0.968075752257633,0,5,0
一般,RRT*,29,20261932,1,302.260801185217,0.5711067,0.0247609,0.5709714,0,NaN,NaN,5139,6000,11.4021627190863,0.271751613962369,0.853817528822142,NaN,NaN,0
一般,Informed-RRT*,29,20261932,1,288.187744619196,0.4229413,0.0176706,0.4227803,0,NaN,NaN,4196,6000,12.4159603404492,0.938643847904654,0.895511954086658,NaN,NaN,0
一般,PRM*,29,20261932,1,276.932203082073,1.9801733,0.0001677,1.9799655,0,NaN,NaN,6002,6000,3.67985389407361,0.32870349283258,0.931908847925778,NaN,NaN,0
一般,FMT*,29,20261932,1,274.910965038215,0.3346291,0.0249004,0.3343713,0,NaN,NaN,6002,6000,1.97495076158242,0.421028306334252,0.938760555774442,NaN,NaN,0
一般,BIT*,29,20261932,1,268.561960644074,31.3008008,0.0565742,31.3006216,0,NaN,NaN,3172,6000,1.21053027291586,0.361563962736538,0.960953553172002,NaN,NaN,0
一般,RRT#,29,20261932,1,300.455388027074,0.5394227,0.0229987,0.5391703,0,NaN,NaN,5139,6000,11.7725632208745,0.271890413693686,0.858948052229663,NaN,NaN,0
一般,APF-only,29,20261932,1,442.385244950109,0.0047835,0.0046628,0.0047835,NaN,NaN,NaN,NaN,71,38.6413649792452,0.185991746715437,0.583372915967999,0,5,0
一般,AB-IRRT*,29,20261932,1,267.008947757407,0.4261154,0.0052281,0.4205945,0,0.0052281,0.4207622,3980,6000,3.71817618319802,0.134880271294096,0.966542778791963,0,5,0
一般,RRT*,30,20261933,1,287.2498094231,0.5845594,0.0084269,0.584407,0,NaN,NaN,5121,6000,11.9655082510983,0.386149898068204,0.898436001910917,NaN,NaN,0
一般,Informed-RRT*,30,20261933,1,284.358996450975,0.5863535,0.0122136,0.586163,0,NaN,NaN,4304,6000,9.48445385976881,2.56437120130241,0.907569563645779,NaN,NaN,0
一般,PRM*,30,20261933,1,280.352873373633,1.9362952,0.0002489,1.936055,0,NaN,NaN,6002,6000,6.70465597511248,1.26445304723342,0.920538345914575,NaN,NaN,0
一般,FMT*,30,20261933,1,277.383792017303,0.2304688,0.0112309,0.23027,0,NaN,NaN,6002,6000,1.36175449360249,0.390582965624242,0.93039167303497,NaN,NaN,0
一般,BIT*,30,20261933,1,268.676301247564,6.7392569,0.0400735,6.739049,0,NaN,NaN,2578,6000,3.23980323477542,1.55707110094381,0.960544600061195,NaN,NaN,0
一般,RRT#,30,20261933,1,281.354110683372,0.5463146,0.0120176,0.5460378,0,NaN,NaN,5121,6000,8.74914230631975,0.58946564933381,0.91726248356895,NaN,NaN,0
一般,APF-only,30,20261933,1,442.385244950109,0.0048336,0.0046116,0.0048336,NaN,NaN,NaN,NaN,71,38.6413649792452,0.185991746715437,0.583372915967999,0,5,0
一般,AB-IRRT*,30,20261933,1,266.943038877806,0.4390513,0.0050252,0.433771,0,0.0050252,0.4339192,4080,6000,3.72371089002033,0.0960506211186427,0.966781420533306,0,5,0
一般,RRT*,31,20261934,1,280.362588952202,0.5200961,0.0115183,0.5199729,0,NaN,NaN,5066,6000,8.19395354647599,0.421296020978389,0.920506445928708,NaN,NaN,0
一般,Informed-RRT*,31,20261934,1,276.241609966663,0.5278547,0.0152141,0.5277032,0,NaN,NaN,4375,6000,7.67986399732432,0.730700558585813,0.934238583242065,NaN,NaN,0
一般,PRM*,31,20261934,1,279.071228971266,1.7869212,0.0021954,1.7864777,0,NaN,NaN,6002,6000,6.10766066712451,0.0943740463259441,0.924765950539227,NaN,NaN,0
一般,FMT*,31,20261934,1,299.712102129561,1.6659685,0.0073053,1.6657547,0,NaN,NaN,6002,6000,2.69762825233974,2.28564066120372,0.86107824306741,NaN,NaN,0
一般,BIT*,31,20261934,1,268.018795090048,26.3885502,0.062695,26.3883397,0,NaN,NaN,3289,6000,2.22058762003036,0.343811432832009,0.9629010168524,NaN,NaN,0
一般,RRT#,31,20261934,1,279.377093787405,0.589958,0.0161754,0.5895119,0,NaN,NaN,5066,6000,7.98280476240508,0.476832347847701,0.923753507594822,NaN,NaN,0
一般,APF-only,31,20261934,1,442.385244950109,0.0038538,0.0037593,0.0038538,NaN,NaN,NaN,NaN,71,38.6413649792452,0.185991746715437,0.583372915967999,0,5,0
一般,AB-IRRT*,31,20261934,1,265.266746605382,0.4485233,0.0048984,0.4433817,0,0.0048984,0.4435224,4079,6000,2.64263420938556,0.0992302257791664,0.972890773647112,0,5,0
一般,RRT*,32,20261935,1,308.56032083238,0.5608318,0.0131323,0.5606854,0,NaN,NaN,5062,6000,12.3723313448069,0.310065111297811,0.836386122595322,NaN,NaN,0
一般,Informed-RRT*,32,20261935,1,286.130563899648,0.44596,0.0167547,0.4457716,0,NaN,NaN,4134,6000,7.60269113702287,0.337224623255103,0.901950378213616,NaN,NaN,0
一般,PRM*,32,20261935,1,275.460433124866,1.7970384,0.0006258,1.7967566,0,NaN,NaN,6002,6000,5.02105631358643,0.227907204531352,0.936887985690407,NaN,NaN,0
一般,FMT*,32,20261935,1,294.587576975162,0.7314725,0.0257297,0.7312066,0,NaN,NaN,6002,6000,2.13148957686453,0.769328349689603,0.876057208446105,NaN,NaN,0
一般,BIT*,32,20261935,1,275.51216850941,12.4096566,0.0495972,12.4094413,0,NaN,NaN,3434,6000,3.43285759766502,0.495057334727838,0.936712057852169,NaN,NaN,0
一般,RRT#,32,20261935,1,307.973993393285,0.5573778,0.0146474,0.557086,0,NaN,NaN,5062,6000,10.8202835506791,0.297661887724756,0.837978452285086,NaN,NaN,0
一般,APF-only,32,20261935,1,442.385244950109,0.0045778,0.0044667,0.0045778,NaN,NaN,NaN,NaN,71,38.6413649792452,0.185991746715437,0.583372915967999,0,5,0
一般,AB-IRRT*,32,20261935,1,264.567135665384,0.4522331,0.005213,0.4467767,0,0.005213,0.446916,3972,6000,2.90994292113156,0.183155673605597,0.9754634477888,0,5,0
一般,RRT*,33,20261936,1,316.017568484326,0.5743315,0.0192557,0.5741872,0,NaN,NaN,5062,6000,15.1656952850423,0.931482470049817,0.816649439983788,NaN,NaN,0
一般,Informed-RRT*,33,20261936,1,313.592594978192,0.3109885,0.0244087,0.3107981,0,NaN,NaN,3402,6000,14.3259574826047,0.220487369988825,0.822964491064307,NaN,NaN,0
一般,PRM*,33,20261936,1,274.329236422515,1.8513412,0.0008664,1.8509683,0,NaN,NaN,6002,6000,6.53135879837072,0.377175299553071,0.940751243627133,NaN,NaN,0
一般,FMT*,33,20261936,1,268.87737700051,0.1413549,0.0045801,0.1410958,0,NaN,NaN,6002,6000,0.932587891236035,0.0630575390802619,0.959826271762807,NaN,NaN,0
一般,BIT*,33,20261936,1,270.659055458506,13.5796345,0.0298853,13.5793807,0,NaN,NaN,2998,6000,3.52466447272654,0.182427703544553,0.953507984022829,NaN,NaN,0
一般,RRT#,33,20261936,1,317.63463866284,0.6054455,0.0217767,0.6050906,0,NaN,NaN,5062,6000,17.2582803539626,0.922620963690051,0.81249189765384,NaN,NaN,0
一般,APF-only,33,20261936,1,442.385244950109,0.0070938,0.0069049,0.0070938,NaN,NaN,NaN,NaN,71,38.6413649792452,0.185991746715437,0.583372915967999,0,5,0
一般,AB-IRRT*,33,20261936,1,264.509302109916,0.4746538,0.0060347,0.4683127,0,0.0060347,0.4684788,3877,6000,2.22976293577466,0.293595785217087,0.975676727696026,0,5,0
一般,RRT*,34,20261937,1,286.979006011926,0.5820951,0.0128829,0.581952,0,NaN,NaN,5084,6000,12.5620925241067,0.194783814349172,0.899283797495061,NaN,NaN,0
一般,Informed-RRT*,34,20261937,1,280.323243388615,0.578521,0.0101029,0.5783685,0,NaN,NaN,4345,6000,7.75329668290653,0.142957677272671,0.920635646220708,NaN,NaN,0
一般,PRM*,34,20261937,1,284.366492158506,1.867569,0.0003186,1.8669761,0,NaN,NaN,6002,6000,5.04729199399534,2.22921372541735,0.907545640728695,NaN,NaN,0
一般,FMT*,34,20261937,1,271.019274352888,0.2595453,0.0375515,0.259375,0,NaN,NaN,6002,6000,2.31138128265095,0.106224585678905,0.952240651311496,NaN,NaN,0
一般,BIT*,34,20261937,1,266.664019053794,12.1127274,0.0861482,12.1125333,0,NaN,NaN,3183,6000,2.82497724221967,0.368840833834392,0.967792997508605,NaN,NaN,0
一般,RRT#,34,20261937,1,282.214996266272,0.5404611,0.0098353,0.5401273,0,NaN,NaN,5084,6000,7.83397080279509,1.57580151959685,0.914464410970799,NaN,NaN,0
一般,APF-only,34,20261937,1,442.385244950109,0.0058846,0.0057372,0.0058846,NaN,NaN,NaN,NaN,71,38.6413649792452,0.185991746715437,0.583372915967999,0,5,0
一般,AB-IRRT*,34,20261937,1,265.003518644648,0.4587314,0.0040346,0.4544474,0,0.0040346,0.4545975,4018,6000,2.01950565129995,1.02324646156414,0.973857145926521,0,5,0
一般,RRT*,35,20261938,1,290.706434613006,0.5362747,0.0190362,0.5361384,0,NaN,NaN,5165,6000,10.7372182645879,0.0682140671771965,0.887753209423512,NaN,NaN,0
一般,Informed-RRT*,35,20261938,1,284.598449610325,0.5083538,0.0139688,0.5081867,0,NaN,NaN,4346,6000,9.9858063586002,0.468012216945217,0.90680596005046,NaN,NaN,0
一般,PRM*,35,20261938,1,271.739515755318,1.753093,0.0007788,1.7528674,0,NaN,NaN,6002,6000,2.088882393609,0.210540518196142,0.949716752127216,NaN,NaN,0
一般,FMT*,35,20261938,1,286.885607785132,0.34923,0.0215885,0.3490413,0,NaN,NaN,6002,6000,3.43784037890494,0.221470249643385,0.899576567539257,NaN,NaN,0
一般,BIT*,35,20261938,1,271.301886875163,1.8334957,0.0217573,1.833234,0,NaN,NaN,1975,6000,4.21622251085156,0.415657874687142,0.951248711537761,NaN,NaN,0
一般,RRT#,35,20261938,1,281.545572504351,0.5797275,0.0168353,0.5792715,0,NaN,NaN,5165,6000,9.52153421220944,0.0492739826525224,0.916638709791021,NaN,NaN,0
一般,APF-only,35,20261938,1,442.385244950109,0.0070937,0.0069278,0.0070937,NaN,NaN,NaN,NaN,71,38.6413649792452,0.185991746715437,0.583372915967999,0,5,0
一般,AB-IRRT*,35,20261938,1,267.899589041952,0.5077419,0.0063654,0.5010749,0,0.0063654,0.5012438,4271,6000,3.13739895644352,0.398388717301146,0.963329474489597,0,5,0
一般,RRT*,36,20261939,1,273.127876502774,0.5461588,0.0154824,0.5460333,0,NaN,NaN,5058,6000,5.49487928408919,0.668538000875145,0.944889161927568,NaN,NaN,0
一般,Informed-RRT*,36,20261939,1,271.426158591315,0.5706012,0.0145263,0.5704209,0,NaN,NaN,4312,6000,6.23002636289217,1.33271183044967,0.950813184945619,NaN,NaN,0
一般,PRM*,36,20261939,1,277.601492330559,1.9545853,0.0005471,1.9543183,0,NaN,NaN,6002,6000,7.47554344684552,0.706046208818582,0.929662042379998,NaN,NaN,0
一般,FMT*,36,20261939,1,277.190096231799,0.1581725,0.006715,0.157994,0,NaN,NaN,6002,6000,1.16417310432277,0.115995988495586,0.931041815115747,NaN,NaN,0
一般,BIT*,36,20261939,1,280.370078249344,1.8327463,0.0386996,1.8324401,0,NaN,NaN,1583,6000,5.46993690253993,0.663176948371956,0.920481857191074,NaN,NaN,0
一般,RRT#,36,20261939,1,277.171237992089,0.4968091,0.0140741,0.4965435,0,NaN,NaN,5058,6000,7.64611574524089,0.059965529951301,0.931105161550453,NaN,NaN,0
一般,APF-only,36,20261939,1,442.385244950109,0.0048768,0.0047682,0.0048768,NaN,NaN,NaN,NaN,71,38.6413649792452,0.185991746715437,0.583372915967999,0,5,0
一般,AB-IRRT*,36,20261939,1,267.216755132238,0.4398055,0.0051789,0.434363,0,0.0051789,0.4345164,4116,6000,4.85039941806786,0.823575210970935,0.965791124138336,0,5,0
一般,RRT*,37,20261940,1,277.564720189708,0.5012458,0.0109472,0.5011302,0,NaN,NaN,5107,6000,7.20241254754462,0.00585233481893788,0.929785205235647,NaN,NaN,0
一般,Informed-RRT*,37,20261940,1,270.395196851996,0.5014926,0.0099695,0.5013368,0,NaN,NaN,4350,6000,6.28370270265878,0.256725380565343,0.954438441704359,NaN,NaN,0
一般,PRM*,37,20261940,1,273.945142509996,2.0748149,0.0008655,2.0745582,0,NaN,NaN,6002,6000,3.7231544354043,1.14654781001514,0.942070255245887,NaN,NaN,0
一般,FMT*,37,20261940,1,275.28193717413,0.1470746,0.0075176,0.146816,0,NaN,NaN,6002,6000,1.41543394068873,0.190769208940768,0.937495474556025,NaN,NaN,0
一般,BIT*,37,20261940,1,349.238428247048,3.0886619,0.0183117,3.0869953,0,NaN,NaN,1709,6000,10.5553967836396,2.08101634268897,0.738966704274601,NaN,NaN,0
一般,RRT#,37,20261940,1,276.945349586143,0.6067106,0.0149409,0.6064223,0,NaN,NaN,5107,6000,7.90763558301917,0.00576637507653643,0.931864610521251,NaN,NaN,0
一般,APF-only,37,20261940,1,442.385244950109,0.0069303,0.0067766,0.0069303,NaN,NaN,NaN,NaN,71,38.6413649792452,0.185991746715437,0.583372915967999,0,5,0
一般,AB-IRRT*,37,20261940,1,266.005827208628,0.4838345,0.0064657,0.4770403,0,0.0064657,0.4772333,4092,6000,3.48154486203188,0.153608835132993,0.970187657300282,0,5,0
一般,RRT*,38,20261941,1,292.908022157905,0.5721604,0.0113248,0.5720334,0,NaN,NaN,5011,6000,9.56710817171142,0.682509518876569,0.881080580949865,NaN,NaN,0
一般,Informed-RRT*,38,20261941,1,295.583009915095,0.5307749,0.011796,0.5305875,0,NaN,NaN,4193,6000,9.54840595343454,0.746150587805795,0.873106916401905,NaN,NaN,0
一般,PRM*,38,20261941,1,276.370208063229,1.8702098,0.0030453,1.8696272,0,NaN,NaN,6002,6000,1.84980940811749,0.404379218382404,0.933803871757116,NaN,NaN,0
一般,FMT*,38,20261941,1,280.892066558173,0.2046882,0.0034847,0.204522,0,NaN,NaN,6002,6000,3.64486633554959,0.25018674777553,0.918771304188169,NaN,NaN,0
一般,BIT*,38,20261941,1,278.854698992122,10.4288581,0.0116903,10.4286155,0,NaN,NaN,3057,6000,1.69843041532753,0.338236178852403,0.925484028996239,NaN,NaN,0
一般,RRT#,38,20261941,1,297.259564429401,0.5801321,0.0104953,0.5798142,0,NaN,NaN,5011,6000,10.2146692440339,0.682951315820997,0.868182562344618,NaN,NaN,0
一般,APF-only,38,20261941,1,442.385244950109,0.00658,0.0064225,0.00658,NaN,NaN,NaN,NaN,71,38.6413649792452,0.185991746715437,0.583372915967999,0,5,0
一般,AB-IRRT*,38,20261941,1,264.35709995323,0.4344623,0.0043619,0.4298723,0,0.0043619,0.4300061,3965,6000,3.68651050498299,0.0656202738588477,0.976238468243981,0,5,0
一般,RRT*,39,20261942,1,311.22590246344,0.5111905,0.0314088,0.5110723,0,NaN,NaN,5059,6000,14.9822110555715,0.401012361689936,0.829222658798713,NaN,NaN,0
一般,Informed-RRT*,39,20261942,1,372.049015615443,0.2107246,0.0341006,0.2105571,0,NaN,NaN,2840,6000,13.5043419838171,0.329298654932084,0.693660134810071,NaN,NaN,0
一般,PRM*,39,20261942,1,278.830974330003,1.7488717,0.0116553,1.7486088,0,NaN,NaN,6002,6000,6.43093719096222,1.45031591021741,0.925562774895748,NaN,NaN,0
一般,FMT*,39,20261942,1,281.998493795216,0.3236408,0.0079883,0.3234158,0,NaN,NaN,6002,6000,3.22148275056885,0.0907357108515257,0.915166484950002,NaN,NaN,0
一般,BIT*,39,20261942,1,267.852244496236,10.1530438,0.2701562,10.1528413,0,NaN,NaN,2939,6000,1.60830164218047,0.481705441426531,0.963499748949794,NaN,NaN,0
一般,RRT#,39,20261942,1,303.116665645873,0.5286244,0.0389765,0.5283582,0,NaN,NaN,5059,6000,11.2519867461281,0.35732483222089,0.851406734030483,NaN,NaN,0
一般,APF-only,39,20261942,1,442.385244950109,0.0049434,0.0048386,0.0049434,NaN,NaN,NaN,NaN,71,38.6413649792452,0.185991746715437,0.583372915967999,0,5,0
一般,AB-IRRT*,39,20261942,1,269.740211554898,0.4455671,0.0051712,0.4401577,0,0.0051712,0.4402952,4215,6000,3.85328855702335,0.791754113014201,0.95675601661356,0,5,0
一般,RRT*,40,20261943,1,278.355987424608,0.5172612,0.0128755,0.5171381,0,NaN,NaN,5097,6000,8.43225064426465,0.176447702527444,0.927142156040965,NaN,NaN,0
一般,Informed-RRT*,40,20261943,1,276.606528714682,0.5234498,0.0129696,0.5232919,0,NaN,NaN,4372,6000,6.81482998983521,0.0373490531082137,0.933006070127746,NaN,NaN,0
一般,PRM*,40,20261943,1,272.587985587454,1.776637,0.0001349,1.7763971,0,NaN,NaN,6002,6000,1.63396559490509,1.00828914906938,0.946760620324422,NaN,NaN,0
一般,FMT*,40,20261943,1,288.019594967487,0.23664,0.0136031,0.2364224,0,NaN,NaN,6002,6000,2.09131421019745,0.559472725694528,0.896034765818261,NaN,NaN,0
一般,BIT*,40,20261943,1,276.497561693658,3.2868751,0.023225,3.2866329,0,NaN,NaN,2260,6000,3.62313715334122,0.753851462645453,0.933373765565768,NaN,NaN,0
一般,RRT#,40,20261943,1,279.417488022203,0.5499697,0.0130163,0.5497131,0,NaN,NaN,5097,6000,8.51698663464752,0.185626030360617,0.923619964356905,NaN,NaN,0
一般,APF-only,40,20261943,1,442.385244950109,0.0044022,0.0042913,0.0044022,NaN,NaN,NaN,NaN,71,38.6413649792452,0.185991746715437,0.583372915967999,0,5,0
一般,AB-IRRT*,40,20261943,1,269.927005274413,0.494359,0.0049462,0.489152,0,0.0049462,0.4893063,4083,6000,4.66635390408764,0.340770878481129,0.95609392645022,0,5,0
一般,RRT*,41,20261944,1,289.574043559578,0.5614035,0.0150675,0.5612554,0,NaN,NaN,5075,6000,9.76516258639622,0.167302095916551,0.891224804389851,NaN,NaN,0
一般,Informed-RRT*,41,20261944,1,284.541219722484,0.5374424,0.0172106,0.5372359,0,NaN,NaN,4282,6000,9.04423407247473,0.081449363820397,0.906988346291151,NaN,NaN,0
一般,PRM*,41,20261944,1,275.391474961902,1.85712,0.0041076,1.8568334,0,NaN,NaN,6002,6000,4.37086425815668,3.38245201029732,0.937122582910255,NaN,NaN,0
一般,FMT*,41,20261944,1,272.241771596974,0.2275982,0.0110837,0.2274098,0,NaN,NaN,6002,6000,2.7044579626531,0.657760277521914,0.947964630166369,NaN,NaN,0
一般,BIT*,41,20261944,1,273.238167858852,8.617745,0.0511311,8.6175502,0,NaN,NaN,2993,6000,2.59942552161896,0.666951956246487,0.944507761672146,NaN,NaN,0
一般,RRT#,41,20261944,1,289.658785364805,0.5764399,0.0165054,0.5761851,0,NaN,NaN,5075,6000,10.1052611441356,0.166097683895799,0.890964070027204,NaN,NaN,0
一般,APF-only,41,20261944,1,442.385244950109,0.0068296,0.0066432,0.0068296,NaN,NaN,NaN,NaN,71,38.6413649792452,0.185991746715437,0.583372915967999,0,5,0
一般,AB-IRRT*,41,20261944,1,270.498982346333,0.5093104,0.0065551,0.5024345,0,0.0065551,0.502629,4144,6000,4.56859681763579,0.230288722660958,0.954072241193634,0,5,0
一般,RRT*,42,20261945,1,319.581679800846,0.555605,0.0279364,0.5554567,0,NaN,NaN,5075,6000,9.29247938117864,0.073057220585941,0.807541816816872,NaN,NaN,0
一般,Informed-RRT*,42,20261945,1,335.807961594753,0.3349783,0.0269784,0.3348146,0,NaN,NaN,3635,6000,11.4191930772557,0.422023837427325,0.768521297417014,NaN,NaN,0
一般,PRM*,42,20261945,1,278.134402972823,1.7692681,0.0006419,1.7690553,0,NaN,NaN,6002,6000,4.56358876743968,0.891739839380734,0.92788079277262,NaN,NaN,0
一般,FMT*,42,20261945,1,334.759161924386,3.9996046,0.0120768,3.9993195,0,NaN,NaN,6002,6000,4.4263414843237,1.85015086291934,0.770929072842092,NaN,NaN,0
一般,BIT*,42,20261945,1,277.857432712007,7.0053705,0.0342316,7.0051061,0,NaN,NaN,3259,6000,2.43479910407104,0.373348665054239,0.928805710931808,NaN,NaN,0
一般,RRT#,42,20261945,1,305.675470510537,0.5231305,0.0224973,0.5228639,0,NaN,NaN,5075,6000,13.6169666388837,0.19644256322826,0.844279620791053,NaN,NaN,0
一般,APF-only,42,20261945,1,442.385244950109,0.0048704,0.0047639,0.0048704,NaN,NaN,NaN,NaN,71,38.6413649792452,0.185991746715437,0.583372915967999,0,5,0
一般,AB-IRRT*,42,20261945,1,267.254521435708,0.4790135,0.0048665,0.4735726,0,0.0048665,0.4738422,4134,6000,4.52238503908655,0.241217927164259,0.965654646145421,0,5,0
一般,RRT*,43,20261946,1,275.307262804109,0.511134,0.0162798,0.5110006,0,NaN,NaN,5045,6000,7.83898083821418,0.70987848059176,0.937409233956145,NaN,NaN,0
一般,Informed-RRT*,43,20261946,1,271.705096560167,0.5617509,0.0106694,0.5615844,0,NaN,NaN,4312,6000,8.9511747865383,0.448919327995096,0.94983706082456,NaN,NaN,0
一般,PRM*,43,20261946,1,284.029687616625,1.8672035,0.0045257,1.8669787,0,NaN,NaN,6002,6000,5.68387209374317,0.728433328962513,0.908621815181889,NaN,NaN,0
一般,FMT*,43,20261946,1,270.672394267792,0.1210152,0.009476,0.1208238,0,NaN,NaN,6002,6000,1.80734582409234,0.0761490803082587,0.95346099488976,NaN,NaN,0
一般,BIT*,43,20261946,1,265.44543460673,44.4998183,0.0391217,44.4996486,0,NaN,NaN,3507,6000,1.69560215280663,0.394076735528254,0.972235859735594,NaN,NaN,0
一般,RRT#,43,20261946,1,277.168367884438,0.5233623,0.0110167,0.5231105,0,NaN,NaN,5045,6000,7.50271941989309,0.710529186858212,0.931114803242497,NaN,NaN,0
一般,APF-only,43,20261946,1,442.385244950109,0.0062661,0.0061184,0.0062661,NaN,NaN,NaN,NaN,71,38.6413649792452,0.185991746715437,0.583372915967999,0,5,0
一般,AB-IRRT*,43,20261946,1,267.49066264095,0.4592995,0.0044005,0.4546506,0,0.0044005,0.4548017,4057,6000,3.21136321168251,0.415944821052392,0.964802164605554,0,5,0
一般,RRT*,44,20261947,1,281.307799241519,0.5055575,0.0096801,0.5054368,0,NaN,NaN,5065,6000,9.49014042893488,0.669806119601269,0.917413491640129,NaN,NaN,0
一般,Informed-RRT*,44,20261947,1,277.537585723561,0.5008452,0.0070503,0.5006756,0,NaN,NaN,4222,6000,8.04775583042565,0.0773655372685393,0.929876109050024,NaN,NaN,0
一般,PRM*,44,20261947,1,277.439943889011,2.0649255,0.0001267,2.0646657,0,NaN,NaN,6002,6000,7.8541450807575,0.209612137330993,0.930203368376562,NaN,NaN,0
一般,FMT*,44,20261947,1,304.486839155966,1.2030419,0.0197033,1.2027837,0,NaN,NaN,6002,6000,2.7120565366814,0.360594193972649,0.847575452006875,NaN,NaN,0
一般,BIT*,44,20261947,1,267.391101518984,8.9508243,0.0681238,8.9503106,0,NaN,NaN,3108,6000,3.31342142122984,0.159012542702984,0.965161401638639,NaN,NaN,0
一般,RRT#,44,20261947,1,278.329432638459,0.5789477,0.0074534,0.5785752,0,NaN,NaN,5065,6000,7.67300853060272,0.670445116534468,0.927230612592075,NaN,NaN,0
一般,APF-only,44,20261947,1,442.385244950109,0.0053368,0.0052073,0.0053368,NaN,NaN,NaN,NaN,71,38.6413649792452,0.185991746715437,0.583372915967999,0,5,0
一般,AB-IRRT*,44,20261947,1,265.984729708242,0.5232224,0.0068422,0.5160861,0,0.0068422,0.5162531,3972,6000,3.63166871277068,0.308490232799853,0.970264611095703,0,5,0
一般,RRT*,45,20261948,1,319.47140131666,0.5309339,0.0354046,0.5307938,0,NaN,NaN,5051,6000,12.9765867579127,4.93919993259351,0.807820572558727,NaN,NaN,0
一般,Informed-RRT*,45,20261948,1,356.298672287141,0.2258296,0.0299458,0.2256465,0,NaN,NaN,3012,6000,15.4313033582105,0.189779321323669,0.724323693577449,NaN,NaN,0
一般,PRM*,45,20261948,1,276.299995209919,1.8590902,0.001309,1.8588706,0,NaN,NaN,6002,6000,4.29183361557479,0.278396457281908,0.93404116830219,NaN,NaN,0
一般,FMT*,45,20261948,1,272.800709876092,0.2226079,0.0064108,0.2224134,0,NaN,NaN,6002,6000,2.92892383829311,0.326274345281137,0.946022356191752,NaN,NaN,0
一般,BIT*,45,20261948,1,285.682379751123,7.1647319,0.0208023,7.1645409,0,NaN,NaN,3131,6000,2.94784167398206,0.654341711490036,0.903365375745574,NaN,NaN,0
一般,RRT#,45,20261948,1,317.319719661966,0.5442778,0.0342187,0.5439904,0,NaN,NaN,5051,6000,12.1607496455012,1.00013183175159,0.813298242550716,NaN,NaN,0
一般,APF-only,45,20261948,1,442.385244950109,0.0050295,0.0049109,0.0050295,NaN,NaN,NaN,NaN,71,38.6413649792452,0.185991746715437,0.583372915967999,0,5,0
一般,AB-IRRT*,45,20261948,1,264.497506235221,0.4431732,0.0072076,0.4356763,0,0.0072076,0.4358347,3939,6000,2.35091531156155,0.947751401376244,0.975720240243977,0,5,0
一般,RRT*,46,20261949,1,279.282535670186,0.4997724,0.0068343,0.4996444,0,NaN,NaN,5092,6000,7.0866736413811,0.775621841464312,0.924066267546828,NaN,NaN,0
一般,Informed-RRT*,46,20261949,1,273.716109083174,0.5133298,0.0101718,0.5131469,0,NaN,NaN,4291,6000,6.53190848109149,0.4136115222146,0.942858537600143,NaN,NaN,0
一般,PRM*,46,20261949,1,282.873212688969,1.8417743,0.0001851,1.8415152,0,NaN,NaN,6002,6000,6.0586698349887,1.30538104923366,0.912336547792977,NaN,NaN,0
一般,FMT*,46,20261949,1,277.709585921022,0.2317333,0.0106977,0.2315262,0,NaN,NaN,6002,6000,1.17526050011339,0.0193546555348583,0.929300187718968,NaN,NaN,0
一般,BIT*,46,20261949,1,270.905659283212,14.5150567,0.0274027,14.5148144,0,NaN,NaN,3003,6000,1.65669812812834,0.301116909333462,0.952640011325728,NaN,NaN,0
一般,RRT#,46,20261949,1,278.644699953238,0.5573096,0.0091354,0.5570103,0,NaN,NaN,5092,6000,6.18193409235144,0.770943789263925,0.926181514922312,NaN,NaN,0
一般,APF-only,46,20261949,1,442.385244950109,0.0058221,0.0056876,0.0058221,NaN,NaN,NaN,NaN,71,38.6413649792452,0.185991746715437,0.583372915967999,0,5,0
一般,AB-IRRT*,46,20261949,1,267.399376726775,0.471323,0.0061563,0.4649093,0,0.0061563,0.4650536,4115,6000,4.41896386347327,0.50887908793429,0.965131532791347,0,5,0
一般,RRT*,47,20261950,1,322.892629913492,0.5616347,0.0259758,0.561496,0,NaN,NaN,5034,6000,16.2208468993505,0.868792617871655,0.799261260304718,NaN,NaN,0
一般,Informed-RRT*,47,20261950,1,347.713584836631,0.2451776,0.0266565,0.2449887,0,NaN,NaN,3048,6000,17.1725557974998,0.191307001294897,0.742207326898131,NaN,NaN,0
一般,PRM*,47,20261950,1,279.94341271651,1.8587957,0.0006999,1.8585387,0,NaN,NaN,6002,6000,5.39135727238235,0.951692055549762,0.921884776010456,NaN,NaN,0
一般,FMT*,47,20261950,1,281.756133456761,0.3862454,0.0175363,0.3860531,0,NaN,NaN,6002,6000,3.33472560085673,0.4572725854577,0.915953690737906,NaN,NaN,0
一般,BIT*,47,20261950,1,269.081274650693,6.3596105,0.0142333,6.3593748,0,NaN,NaN,2901,6000,2.22855269226844,0.13998208587013,0.959098958717149,NaN,NaN,0
一般,RRT#,47,20261950,1,294.549102796099,0.5580112,0.0250038,0.5577401,0,NaN,NaN,5034,6000,13.7582960284181,0.126463920179351,0.876171639559924,NaN,NaN,0
一般,APF-only,47,20261950,1,442.385244950109,0.0058998,0.0057511,0.0058998,NaN,NaN,NaN,NaN,71,38.6413649792452,0.185991746715437,0.583372915967999,0,5,0
一般,AB-IRRT*,47,20261950,1,266.134227960255,0.494397,0.0044687,0.4896781,0,0.0044687,0.4898231,3973,6000,4.52650753693208,0.600876722098544,0.969719574613695,0,5,0
一般,RRT*,48,20261951,1,276.531491145537,0.5983676,0.0074998,0.5982316,0,NaN,NaN,5159,6000,7.44301263670981,0.436954018914681,0.933259243852045,NaN,NaN,0
一般,Informed-RRT*,48,20261951,1,278.835997846232,0.5662354,0.0108339,0.5660488,0,NaN,NaN,4330,6000,8.16019973009771,0.338170351190123,0.925546099933919,NaN,NaN,0
一般,PRM*,48,20261951,1,275.773312697125,1.9413937,0.0005953,1.9411433,0,NaN,NaN,6002,6000,6.22401443845289,0.0547950546341962,0.935825036163671,NaN,NaN,0
一般,FMT*,48,20261951,1,274.211253529563,0.5429767,0.0096413,0.5427638,0,NaN,NaN,6002,6000,4.31139971604204,0.345829985819952,0.941156013861187,NaN,NaN,0
一般,BIT*,48,20261951,1,290.906391857848,3.6050004,0.0189835,3.6047057,0,NaN,NaN,2210,6000,3.90743519869872,0.327304798078249,0.887143003904404,NaN,NaN,0
一般,RRT#,48,20261951,1,273.597222646364,0.6871516,0.0130887,0.6868107,0,NaN,NaN,5159,6000,6.52180000224623,0.0510517945290747,0.943268238732585,NaN,NaN,0
一般,APF-only,48,20261951,1,442.385244950109,0.0056947,0.0055592,0.0056947,NaN,NaN,NaN,NaN,71,38.6413649792452,0.185991746715437,0.583372915967999,0,5,0
一般,AB-IRRT*,48,20261951,1,264.30715607294,0.5837573,0.0061243,0.577344,0,0.0061243,0.5775107,3971,6000,2.19253853079525,0.780694117127984,0.976422939742661,0,5,0
一般,RRT*,49,20261952,1,292.093684187026,0.5157623,0.0090311,0.5156465,0,NaN,NaN,5101,6000,7.43698759060272,0.0900235251492987,0.883536975631827,NaN,NaN,0
一般,Informed-RRT*,49,20261952,1,278.81583413936,0.5179537,0.014161,0.5177482,0,NaN,NaN,4366,6000,9.11533228735858,1.28845902964699,0.92561303458386,NaN,NaN,0
一般,PRM*,49,20261952,1,273.08062575473,1.9316979,0.0023846,1.931321,0,NaN,NaN,6002,6000,3.0435081770293,1.47684078542772,0.945052654740714,NaN,NaN,0
一般,FMT*,49,20261952,1,282.641283566715,0.2478454,0.0364381,0.2476684,0,NaN,NaN,6002,6000,2.73756180483121,0.238205649135422,0.913085190779805,NaN,NaN,0
一般,BIT*,49,20261952,1,273.980586413028,6.774263,0.0569449,6.7740331,0,NaN,NaN,3246,6000,4.55176536171529,0.20240828644291,0.941948382936562,NaN,NaN,0
一般,RRT#,49,20261952,1,292.093684187026,0.5296424,0.0105196,0.5292776,0,NaN,NaN,5101,6000,7.43698759060272,0.0900235251492987,0.883536975631827,NaN,NaN,0
一般,APF-only,49,20261952,1,442.385244950109,0.0094206,0.0092126,0.0094206,NaN,NaN,NaN,NaN,71,38.6413649792452,0.185991746715437,0.583372915967999,0,5,0
一般,AB-IRRT*,49,20261952,1,266.043302072959,0.5195802,0.00672,0.5125624,0,0.00672,0.5127337,4126,6000,2.79703054408053,0.713748388406701,0.970050996649367,0,5,0
一般,RRT*,50,20261953,1,280.171224126119,0.5038628,0.0077349,0.5036897,0,NaN,NaN,5089,6000,9.24699796324843,4.05640066222561,0.921135177721143,NaN,NaN,0
一般,Informed-RRT*,50,20261953,1,273.72213591797,0.5369251,0.0118619,0.5367334,0,NaN,NaN,4328,6000,6.96343491664706,1.75712987575755,0.942837777669191,NaN,NaN,0
一般,PRM*,50,20261953,1,278.427275668462,1.9308643,0.0006271,1.9306273,0,NaN,NaN,6002,6000,6.88293716369669,2.67357779096849,0.926904771481753,NaN,NaN,0
一般,FMT*,50,20261953,1,286.200761845269,0.3199916,0.0105027,0.3197848,0,NaN,NaN,6002,6000,3.64658851517704,0.671214546763434,0.901729152165178,NaN,NaN,0
一般,BIT*,50,20261953,1,270.932272418862,4.9847839,0.0355609,4.9845869,0,NaN,NaN,2806,6000,2.91066622355594,0.22534815386782,0.952546435401307,NaN,NaN,0
一般,RRT#,50,20261953,1,278.813917560687,0.5075829,0.0083571,0.5072621,0,NaN,NaN,5089,6000,9.24409280545111,2.33161488553909,0.925619397287044,NaN,NaN,0
一般,APF-only,50,20261953,1,442.385244950109,0.005384,0.0052633,0.005384,NaN,NaN,NaN,NaN,71,38.6413649792452,0.185991746715437,0.583372915967999,0,5,0
一般,AB-IRRT*,50,20261953,1,265.091361521829,0.4556193,0.0048311,0.4505218,0,0.0048311,0.4506817,4053,6000,3.1518347002787,0.743893195447374,0.973534440527256,0,5,0
