scenario,algorithm,runs,successes,successRate,successCIlo,successCIhi,meanLength,stdLength,medianLength,lenCIlo,lenCIhi,meanTime,stdTime,timeCIlo,timeCIhi,meanFirstSol,firstCIlo,firstCIhi,meanMinClear,meanTurnSum,meanNodes,meanPre,meanOpt,meanEscapes,meanFlips,fallbackRate,deltaLength,pLength,deltaTime,pTime,deltaFirst,pFirst
一般,RRT*,50,50,100,100,100,212.123613392789,2.18939265073103,211.407959929357,211.539753067711,212.741916322315,0.118670486,0.0235818774660734,0.11238343745,0.12547988255,0.00987521,0.00835223905,0.01195205345,0.325862466587944,3.82720624952417,1517.06,NaN,NaN,NaN,NaN,0,0.8984,0.000249937515621095,0.7664,0.000249937515621095,0.9568,0.000249937515621095
一般,Informed-RRT*,50,50,100,100,100,210.239115839128,0.973904323502722,210.003488539793,209.984712812897,210.514900817841,0.1122036,0.0168678630416614,0.1076545994,0.11698726805,0.008589758,0.00759178605,0.0096729681,0.305490675740974,2.76810696211258,1336.98,NaN,NaN,NaN,NaN,0,0.4208,0.000249937515621095,0.7552,0.000249937515621095,0.952,0.000249937515621095
一般,PRM*,50,50,100,100,100,211.178373133122,1.04817218966742,211.180064991629,210.898890981693,211.467397891428,0.35314787,0.0485348929564996,0.3401488242,0.36685850775,0.003462704,0.00243643365,0.0046180869,0.399152454590236,3.25577272375927,2002,NaN,NaN,NaN,NaN,0,0.8376,0.000249937515621095,1,0.000249937515621095,0,0.0294926268432892
一般,FMT*,50,50,100,100,100,217.029777354868,5.53383888691124,215.758569190747,215.738124799394,218.733684636422,0.116457322,0.0549663838691275,0.10225354895,0.13269233985,0.017789728,0.01470546215,0.0210879301,0.20533957014696,2.88155742439342,2002,NaN,NaN,NaN,NaN,0,1,0.000249937515621095,0.3248,0.000499875031242189,0.976,0.000249937515621095
一般,BIT*,50,48,96,90,100,210.628107263939,1.64469931800277,210.065903787663,210.202350414623,211.100347915621,1.82766517916667,0.393127169477084,1.71954557265625,1.93709476880208,0.0453703041666667,0.03843986109375,0.0537432140104167,0.204190594540923,1.70824272107228,1204.78,NaN,NaN,NaN,NaN,0,0.440104166666667,0.000499875031242189,1,0.000249937515621095,1,0.000249937515621095
一般,RRT#,50,50,100,100,100,210.571822377521,1.5590835985773,210.07743314325,210.168118339853,211.00862640088,0.116961968,0.0196436671140583,0.1116138788,0.12244810255,0.010123128,0.0090968819,0.0112231603,0.30035841491403,2.74717115057868,1517.06,NaN,NaN,NaN,NaN,0,0.42,0.000249937515621095,0.7528,0.000249937515621095,0.9584,0.000249937515621095
一般,APF-only,50,50,100,100,100,229.358752665851,0,229.358752665851,229.358752665851,229.358752665851,0.002622032,0.00461194788965729,0.00177976955,0.0040572203,0.002316386,0.00165244965,0.00347033055,0.40276509044968,16.5135672987644,NaN,NaN,NaN,1,5,0,1,0.000249937515621095,-1,0.000249937515621095,-0.2376,0.992751812046988
一般,AB-IRRT*,50,50,100,100,100,209.610813045835,0.382955497533831,209.56281876286,209.50614867128,209.718398697037,0.09042529,0.0157151959207465,0.0864371665,0.09515756465,0.002318502,0.00186340305,0.00303947885,0.220543766445213,2.97560430001407,1346.52,0.002318502,0.087280922,1,5,0,0,1,0,1,0,1
狭窄,RRT*,50,50,100,100,100,227.374320548037,13.4187961164173,222.517340683419,223.839268365886,231.274959412524,0.078908888,0.0280463725303301,0.07126677745,0.08662750585,0.011233296,0.0101402465,0.01251416255,0.141438981158333,5.65693167538526,1199,NaN,NaN,NaN,NaN,0,1,0.000249937515621095,0.6464,0.000249937515621095,0.1864,0.0144963759060235
狭窄,Informed-RRT*,50,50,100,100,100,228.347200609358,15.0004488430434,223.243758908634,224.427066158458,232.565845522446,0.067729576,0.0258411369650792,0.0606176933,0.07491502655,0.011426104,0.01037636365,0.0125460558,0.185549994504058,5.72864690763035,998.68,NaN,NaN,NaN,NaN,0,1,0.000249937515621095,0.452,0.000249937515621095,0.2216,0.00249937515621095
狭窄,PRM*,50,50,100,100,100,225.333179540351,5.43699023899896,223.276114526067,223.951049562593,226.890088138236,0.327935458,0.0335335552589056,0.31918515465,0.3375488166,0.012078426,0.0079187962,0.01688909535,0.28784522502508,4.20068054833163,2002,NaN,NaN,NaN,NaN,0,1,0.000249937515621095,1,0.000249937515621095,-0.2552,0.297425643589103
狭窄,FMT*,50,50,100,100,100,247.37981195982,10.8962710076751,248.116493446613,244.44385693372,250.423487014499,0.476574034,0.200923921076223,0.421859279,0.5309290468,0.020591698,0.01687232105,0.02481493445,0.50353750662718,7.4522565248211,2002,NaN,NaN,NaN,NaN,0,1,0.000249937515621095,1,0.000249937515621095,0.5608,0.000249937515621095
狭窄,BIT*,50,25,50,36,64,235.47457147828,8.26353104215194,238.415157226253,232.162993687913,238.539344626394,1.123559092,0.322063321077264,0.9929951484,1.2425414792,0.051001772,0.044841347,0.0577480452,0.405638810145121,4.51675367118852,1409.08,NaN,NaN,NaN,NaN,0,1,0.000249937515621095,1,0.000249937515621095,1,0.000249937515621095
狭窄,RRT#,50,50,100,100,100,225.473956942129,13.013976524127,221.406685691059,222.088586290461,229.134635016706,0.090680868,0.0280123092356203,0.0827628206,0.0982537648,0.014869746,0.01338452315,0.0165220537,0.15099406123679,5.03145927166358,1199,NaN,NaN,NaN,NaN,0,0.96,0.000249937515621095,0.7688,0.000249937515621095,0.6896,0.000249937515621095
狭窄,APF-only,50,50,100,100,100,279.791130115633,0,279.791130115633,279.791130115633,279.791130115633,0.008850932,0.00180955039668388,0.00839320205,0.0093802598,0.008725582,0.00828081575,0.0092512507,0.0632608111899984,46.4502175583217,NaN,NaN,NaN,3,5,0,1,0.000249937515621095,-1,0.000249937515621095,-0.3248,0.0169957510622344
狭窄,AB-IRRT*,50,50,100,100,100,212.885243942151,2.87102621016462e-14,212.885243942151,212.885243942151,212.885243942151,0.047358008,0.0204094994935166,0.0418699086,0.05313816735,0.00956271,0.00900068075,0.0102039713,0.316946328405102,2.34656541775505,585.94,0.00956271,0.037637862,3,5,0,0,1,0,1,0,1
广阔,RRT*,50,50,100,100,100,228.807452407721,16.5233377760695,222.43306221755,224.438891934908,233.535258963715,0.07439922,0.00824945455552508,0.07227094395,0.0767989164,0.006343042,0.0056649685,0.00708856425,0.484678805104055,5.71930810807465,1749.76,NaN,NaN,NaN,NaN,0,0.936,0.000249937515621095,-0.2912,0.0109972506873282,0.9728,0.000249937515621095
广阔,Informed-RRT*,50,50,100,100,100,214.907606054501,9.32722790041447,211.384270664891,212.608793975854,217.742377366867,0.104321494,0.0129052705910068,0.1008696054,0.1079718524,0.006430974,0.00576870105,0.0071753244,0.38683876119298,4.30016199680698,1507.7,NaN,NaN,NaN,NaN,0,0.284,0.000999750062484379,0.8984,0.000249937515621095,0.9696,0.000249937515621095
广阔,PRM*,50,50,100,100,100,215.198317810247,4.39383749535805,213.862260763004,214.040248716408,216.466052433635,0.341548972,0.0402392935436883,0.3311529916,0.3534690115,0.000438484,0.000306159,0.00065198065,0.654066735242738,2.55708057177677,2002,NaN,NaN,NaN,NaN,0,0.7568,0.000249937515621095,1,0.000249937515621095,-0.9608,0.000249937515621095
广阔,FMT*,50,50,100,100,100,216.484599008414,4.35567009974286,216.07039914125,215.340856045266,217.740278487743,0.065035092,0.0286971507739282,0.0573568445,0.0730622762,0.005731082,0.0050866966,0.0064761053,0.245278357226944,2.06776235639223,2002,NaN,NaN,NaN,NaN,0,0.84,0.000249937515621095,-0.452,0.00174956260934766,0.9432,0.000249937515621095
广阔,BIT*,50,50,100,100,100,209.471375352296,1.15696850927888,209.048931628119,209.187679086622,209.814478821833,24.065812916,5.19634741353712,22.65537889525,25.5658424427,0.021794704,0.0196328276,0.02454805355,0.145200857477974,0.814172657970322,1387.22,NaN,NaN,NaN,NaN,0,-0.7128,0.000249937515621095,1,0.000249937515621095,1,0.000249937515621095
广阔,RRT#,50,50,100,100,100,227.901765953277,15.773038485058,221.972835671539,223.685314769689,232.400979999912,0.08292707,0.00988379635815559,0.08037894415,0.08572302495,0.00654041,0.00587135125,0.0072611886,0.419884779490174,5.27994912662923,1749.76,NaN,NaN,NaN,NaN,0,0.928,0.000249937515621095,0.2648,0.000499875031242189,0.976,0.000249937515621095
广阔,APF-only,50,50,100,100,100,301.840641895898,5.74205242032923e-14,301.840641895898,301.840641895898,301.840641895898,0.002079948,0.000467560379267988,0.0019526573,0.00221162255,0.001974886,0.00185582355,0.0021009229,0.127432159127466,53.671042473467,NaN,NaN,NaN,1,8,0,1,0.000249937515621095,-1,0.000249937515621095,-0.6008,0.000249937515621095
广阔,AB-IRRT*,50,50,100,100,100,210.93196508351,1.60732693442967,210.680449651434,210.52957019099,211.411296379564,0.078724854,0.0102961380472607,0.0759721961,0.0816172574,0.002534334,0.00237404075,0.0027268588,0.293678758144024,4.25621698892098,1331.82,0.002534334,0.076080082,1,8,0,0,1,0,1,0,1
